"Column Name","Label"
"GEO_ID","Geography"
"NAME","Geographic Area Name"
"S0701_C01_001E","Total!!Estimate!!Population 1 year and over"
"S0701_C01_001M","Total!!Margin of Error!!Population 1 year and over"
"S0701_C02_001E","Moved; within same county!!Estimate!!Population 1 year and over"
"S0701_C02_001M","Moved; within same county!!Margin of Error!!Population 1 year and over"
"S0701_C03_001E","Moved; from different county, same state!!Estimate!!Population 1 year and over"
"S0701_C03_001M","Moved; from different county, same state!!Margin of Error!!Population 1 year and over"
"S0701_C04_001E","Moved; from different  state!!Estimate!!Population 1 year and over"
"S0701_C04_001M","Moved; from different  state!!Margin of Error!!Population 1 year and over"
"S0701_C05_001E","Moved; from abroad!!Estimate!!Population 1 year and over"
"S0701_C05_001M","Moved; from abroad!!Margin of Error!!Population 1 year and over"
"S0701_C01_002E","Total!!Estimate!!AGE!!1 to 4 years"
"S0701_C01_002M","Total!!Margin of Error!!AGE!!1 to 4 years"
"S0701_C02_002E","Moved; within same county!!Estimate!!AGE!!1 to 4 years"
"S0701_C02_002M","Moved; within same county!!Margin of Error!!AGE!!1 to 4 years"
"S0701_C03_002E","Moved; from different county, same state!!Estimate!!AGE!!1 to 4 years"
"S0701_C03_002M","Moved; from different county, same state!!Margin of Error!!AGE!!1 to 4 years"
"S0701_C04_002E","Moved; from different  state!!Estimate!!AGE!!1 to 4 years"
"S0701_C04_002M","Moved; from different  state!!Margin of Error!!AGE!!1 to 4 years"
"S0701_C05_002E","Moved; from abroad!!Estimate!!AGE!!1 to 4 years"
"S0701_C05_002M","Moved; from abroad!!Margin of Error!!AGE!!1 to 4 years"
"S0701_C01_003E","Total!!Estimate!!AGE!!5 to 17 years"
"S0701_C01_003M","Total!!Margin of Error!!AGE!!5 to 17 years"
"S0701_C02_003E","Moved; within same county!!Estimate!!AGE!!5 to 17 years"
"S0701_C02_003M","Moved; within same county!!Margin of Error!!AGE!!5 to 17 years"
"S0701_C03_003E","Moved; from different county, same state!!Estimate!!AGE!!5 to 17 years"
"S0701_C03_003M","Moved; from different county, same state!!Margin of Error!!AGE!!5 to 17 years"
"S0701_C04_003E","Moved; from different  state!!Estimate!!AGE!!5 to 17 years"
"S0701_C04_003M","Moved; from different  state!!Margin of Error!!AGE!!5 to 17 years"
"S0701_C05_003E","Moved; from abroad!!Estimate!!AGE!!5 to 17 years"
"S0701_C05_003M","Moved; from abroad!!Margin of Error!!AGE!!5 to 17 years"
"S0701_C01_004E","Total!!Estimate!!AGE!!18 to 24 years"
"S0701_C01_004M","Total!!Margin of Error!!AGE!!18 to 24 years"
"S0701_C02_004E","Moved; within same county!!Estimate!!AGE!!18 to 24 years"
"S0701_C02_004M","Moved; within same county!!Margin of Error!!AGE!!18 to 24 years"
"S0701_C03_004E","Moved; from different county, same state!!Estimate!!AGE!!18 to 24 years"
"S0701_C03_004M","Moved; from different county, same state!!Margin of Error!!AGE!!18 to 24 years"
"S0701_C04_004E","Moved; from different  state!!Estimate!!AGE!!18 to 24 years"
"S0701_C04_004M","Moved; from different  state!!Margin of Error!!AGE!!18 to 24 years"
"S0701_C05_004E","Moved; from abroad!!Estimate!!AGE!!18 to 24 years"
"S0701_C05_004M","Moved; from abroad!!Margin of Error!!AGE!!18 to 24 years"
"S0701_C01_005E","Total!!Estimate!!AGE!!25 to 34 years"
"S0701_C01_005M","Total!!Margin of Error!!AGE!!25 to 34 years"
"S0701_C02_005E","Moved; within same county!!Estimate!!AGE!!25 to 34 years"
"S0701_C02_005M","Moved; within same county!!Margin of Error!!AGE!!25 to 34 years"
"S0701_C03_005E","Moved; from different county, same state!!Estimate!!AGE!!25 to 34 years"
"S0701_C03_005M","Moved; from different county, same state!!Margin of Error!!AGE!!25 to 34 years"
"S0701_C04_005E","Moved; from different  state!!Estimate!!AGE!!25 to 34 years"
"S0701_C04_005M","Moved; from different  state!!Margin of Error!!AGE!!25 to 34 years"
"S0701_C05_005E","Moved; from abroad!!Estimate!!AGE!!25 to 34 years"
"S0701_C05_005M","Moved; from abroad!!Margin of Error!!AGE!!25 to 34 years"
"S0701_C01_006E","Total!!Estimate!!AGE!!35 to 44 years"
"S0701_C01_006M","Total!!Margin of Error!!AGE!!35 to 44 years"
"S0701_C02_006E","Moved; within same county!!Estimate!!AGE!!35 to 44 years"
"S0701_C02_006M","Moved; within same county!!Margin of Error!!AGE!!35 to 44 years"
"S0701_C03_006E","Moved; from different county, same state!!Estimate!!AGE!!35 to 44 years"
"S0701_C03_006M","Moved; from different county, same state!!Margin of Error!!AGE!!35 to 44 years"
"S0701_C04_006E","Moved; from different  state!!Estimate!!AGE!!35 to 44 years"
"S0701_C04_006M","Moved; from different  state!!Margin of Error!!AGE!!35 to 44 years"
"S0701_C05_006E","Moved; from abroad!!Estimate!!AGE!!35 to 44 years"
"S0701_C05_006M","Moved; from abroad!!Margin of Error!!AGE!!35 to 44 years"
"S0701_C01_007E","Total!!Estimate!!AGE!!45 to 54 years"
"S0701_C01_007M","Total!!Margin of Error!!AGE!!45 to 54 years"
"S0701_C02_007E","Moved; within same county!!Estimate!!AGE!!45 to 54 years"
"S0701_C02_007M","Moved; within same county!!Margin of Error!!AGE!!45 to 54 years"
"S0701_C03_007E","Moved; from different county, same state!!Estimate!!AGE!!45 to 54 years"
"S0701_C03_007M","Moved; from different county, same state!!Margin of Error!!AGE!!45 to 54 years"
"S0701_C04_007E","Moved; from different  state!!Estimate!!AGE!!45 to 54 years"
"S0701_C04_007M","Moved; from different  state!!Margin of Error!!AGE!!45 to 54 years"
"S0701_C05_007E","Moved; from abroad!!Estimate!!AGE!!45 to 54 years"
"S0701_C05_007M","Moved; from abroad!!Margin of Error!!AGE!!45 to 54 years"
"S0701_C01_008E","Total!!Estimate!!AGE!!55 to 64 years"
"S0701_C01_008M","Total!!Margin of Error!!AGE!!55 to 64 years"
"S0701_C02_008E","Moved; within same county!!Estimate!!AGE!!55 to 64 years"
"S0701_C02_008M","Moved; within same county!!Margin of Error!!AGE!!55 to 64 years"
"S0701_C03_008E","Moved; from different county, same state!!Estimate!!AGE!!55 to 64 years"
"S0701_C03_008M","Moved; from different county, same state!!Margin of Error!!AGE!!55 to 64 years"
"S0701_C04_008E","Moved; from different  state!!Estimate!!AGE!!55 to 64 years"
"S0701_C04_008M","Moved; from different  state!!Margin of Error!!AGE!!55 to 64 years"
"S0701_C05_008E","Moved; from abroad!!Estimate!!AGE!!55 to 64 years"
"S0701_C05_008M","Moved; from abroad!!Margin of Error!!AGE!!55 to 64 years"
"S0701_C01_009E","Total!!Estimate!!AGE!!65 to 74 years"
"S0701_C01_009M","Total!!Margin of Error!!AGE!!65 to 74 years"
"S0701_C02_009E","Moved; within same county!!Estimate!!AGE!!65 to 74 years"
"S0701_C02_009M","Moved; within same county!!Margin of Error!!AGE!!65 to 74 years"
"S0701_C03_009E","Moved; from different county, same state!!Estimate!!AGE!!65 to 74 years"
"S0701_C03_009M","Moved; from different county, same state!!Margin of Error!!AGE!!65 to 74 years"
"S0701_C04_009E","Moved; from different  state!!Estimate!!AGE!!65 to 74 years"
"S0701_C04_009M","Moved; from different  state!!Margin of Error!!AGE!!65 to 74 years"
"S0701_C05_009E","Moved; from abroad!!Estimate!!AGE!!65 to 74 years"
"S0701_C05_009M","Moved; from abroad!!Margin of Error!!AGE!!65 to 74 years"
"S0701_C01_010E","Total!!Estimate!!AGE!!75 years and over"
"S0701_C01_010M","Total!!Margin of Error!!AGE!!75 years and over"
"S0701_C02_010E","Moved; within same county!!Estimate!!AGE!!75 years and over"
"S0701_C02_010M","Moved; within same county!!Margin of Error!!AGE!!75 years and over"
"S0701_C03_010E","Moved; from different county, same state!!Estimate!!AGE!!75 years and over"
"S0701_C03_010M","Moved; from different county, same state!!Margin of Error!!AGE!!75 years and over"
"S0701_C04_010E","Moved; from different  state!!Estimate!!AGE!!75 years and over"
"S0701_C04_010M","Moved; from different  state!!Margin of Error!!AGE!!75 years and over"
"S0701_C05_010E","Moved; from abroad!!Estimate!!AGE!!75 years and over"
"S0701_C05_010M","Moved; from abroad!!Margin of Error!!AGE!!75 years and over"
"S0701_C01_011E","Total!!Estimate!!Median age (years)"
"S0701_C01_011M","Total!!Margin of Error!!Median age (years)"
"S0701_C02_011E","Moved; within same county!!Estimate!!Median age (years)"
"S0701_C02_011M","Moved; within same county!!Margin of Error!!Median age (years)"
"S0701_C03_011E","Moved; from different county, same state!!Estimate!!Median age (years)"
"S0701_C03_011M","Moved; from different county, same state!!Margin of Error!!Median age (years)"
"S0701_C04_011E","Moved; from different  state!!Estimate!!Median age (years)"
"S0701_C04_011M","Moved; from different  state!!Margin of Error!!Median age (years)"
"S0701_C05_011E","Moved; from abroad!!Estimate!!Median age (years)"
"S0701_C05_011M","Moved; from abroad!!Margin of Error!!Median age (years)"
"S0701_C01_012E","Total!!Estimate!!SEX!!Male"
"S0701_C01_012M","Total!!Margin of Error!!SEX!!Male"
"S0701_C02_012E","Moved; within same county!!Estimate!!SEX!!Male"
"S0701_C02_012M","Moved; within same county!!Margin of Error!!SEX!!Male"
"S0701_C03_012E","Moved; from different county, same state!!Estimate!!SEX!!Male"
"S0701_C03_012M","Moved; from different county, same state!!Margin of Error!!SEX!!Male"
"S0701_C04_012E","Moved; from different  state!!Estimate!!SEX!!Male"
"S0701_C04_012M","Moved; from different  state!!Margin of Error!!SEX!!Male"
"S0701_C05_012E","Moved; from abroad!!Estimate!!SEX!!Male"
"S0701_C05_012M","Moved; from abroad!!Margin of Error!!SEX!!Male"
"S0701_C01_013E","Total!!Estimate!!SEX!!Female"
"S0701_C01_013M","Total!!Margin of Error!!SEX!!Female"
"S0701_C02_013E","Moved; within same county!!Estimate!!SEX!!Female"
"S0701_C02_013M","Moved; within same county!!Margin of Error!!SEX!!Female"
"S0701_C03_013E","Moved; from different county, same state!!Estimate!!SEX!!Female"
"S0701_C03_013M","Moved; from different county, same state!!Margin of Error!!SEX!!Female"
"S0701_C04_013E","Moved; from different  state!!Estimate!!SEX!!Female"
"S0701_C04_013M","Moved; from different  state!!Margin of Error!!SEX!!Female"
"S0701_C05_013E","Moved; from abroad!!Estimate!!SEX!!Female"
"S0701_C05_013M","Moved; from abroad!!Margin of Error!!SEX!!Female"
"S0701_C01_014E","Total!!Estimate!!RACE AND HISPANIC OR LATINO ORIGIN!!One race"
"S0701_C01_014M","Total!!Margin of Error!!RACE AND HISPANIC OR LATINO ORIGIN!!One race"
"S0701_C02_014E","Moved; within same county!!Estimate!!RACE AND HISPANIC OR LATINO ORIGIN!!One race"
"S0701_C02_014M","Moved; within same county!!Margin of Error!!RACE AND HISPANIC OR LATINO ORIGIN!!One race"
"S0701_C03_014E","Moved; from different county, same state!!Estimate!!RACE AND HISPANIC OR LATINO ORIGIN!!One race"
"S0701_C03_014M","Moved; from different county, same state!!Margin of Error!!RACE AND HISPANIC OR LATINO ORIGIN!!One race"
"S0701_C04_014E","Moved; from different  state!!Estimate!!RACE AND HISPANIC OR LATINO ORIGIN!!One race"
"S0701_C04_014M","Moved; from different  state!!Margin of Error!!RACE AND HISPANIC OR LATINO ORIGIN!!One race"
"S0701_C05_014E","Moved; from abroad!!Estimate!!RACE AND HISPANIC OR LATINO ORIGIN!!One race"
"S0701_C05_014M","Moved; from abroad!!Margin of Error!!RACE AND HISPANIC OR LATINO ORIGIN!!One race"
"S0701_C01_015E","Total!!Estimate!!RACE AND HISPANIC OR LATINO ORIGIN!!One race!!White"
"S0701_C01_015M","Total!!Margin of Error!!RACE AND HISPANIC OR LATINO ORIGIN!!One race!!White"
"S0701_C02_015E","Moved; within same county!!Estimate!!RACE AND HISPANIC OR LATINO ORIGIN!!One race!!White"
"S0701_C02_015M","Moved; within same county!!Margin of Error!!RACE AND HISPANIC OR LATINO ORIGIN!!One race!!White"
"S0701_C03_015E","Moved; from different county, same state!!Estimate!!RACE AND HISPANIC OR LATINO ORIGIN!!One race!!White"
"S0701_C03_015M","Moved; from different county, same state!!Margin of Error!!RACE AND HISPANIC OR LATINO ORIGIN!!One race!!White"
"S0701_C04_015E","Moved; from different  state!!Estimate!!RACE AND HISPANIC OR LATINO ORIGIN!!One race!!White"
"S0701_C04_015M","Moved; from different  state!!Margin of Error!!RACE AND HISPANIC OR LATINO ORIGIN!!One race!!White"
"S0701_C05_015E","Moved; from abroad!!Estimate!!RACE AND HISPANIC OR LATINO ORIGIN!!One race!!White"
"S0701_C05_015M","Moved; from abroad!!Margin of Error!!RACE AND HISPANIC OR LATINO ORIGIN!!One race!!White"
"S0701_C01_016E","Total!!Estimate!!RACE AND HISPANIC OR LATINO ORIGIN!!One race!!Black or African American"
"S0701_C01_016M","Total!!Margin of Error!!RACE AND HISPANIC OR LATINO ORIGIN!!One race!!Black or African American"
"S0701_C02_016E","Moved; within same county!!Estimate!!RACE AND HISPANIC OR LATINO ORIGIN!!One race!!Black or African American"
"S0701_C02_016M","Moved; within same county!!Margin of Error!!RACE AND HISPANIC OR LATINO ORIGIN!!One race!!Black or African American"
"S0701_C03_016E","Moved; from different county, same state!!Estimate!!RACE AND HISPANIC OR LATINO ORIGIN!!One race!!Black or African American"
"S0701_C03_016M","Moved; from different county, same state!!Margin of Error!!RACE AND HISPANIC OR LATINO ORIGIN!!One race!!Black or African American"
"S0701_C04_016E","Moved; from different  state!!Estimate!!RACE AND HISPANIC OR LATINO ORIGIN!!One race!!Black or African American"
"S0701_C04_016M","Moved; from different  state!!Margin of Error!!RACE AND HISPANIC OR LATINO ORIGIN!!One race!!Black or African American"
"S0701_C05_016E","Moved; from abroad!!Estimate!!RACE AND HISPANIC OR LATINO ORIGIN!!One race!!Black or African American"
"S0701_C05_016M","Moved; from abroad!!Margin of Error!!RACE AND HISPANIC OR LATINO ORIGIN!!One race!!Black or African American"
"S0701_C01_017E","Total!!Estimate!!RACE AND HISPANIC OR LATINO ORIGIN!!One race!!American Indian and Alaska Native"
"S0701_C01_017M","Total!!Margin of Error!!RACE AND HISPANIC OR LATINO ORIGIN!!One race!!American Indian and Alaska Native"
"S0701_C02_017E","Moved; within same county!!Estimate!!RACE AND HISPANIC OR LATINO ORIGIN!!One race!!American Indian and Alaska Native"
"S0701_C02_017M","Moved; within same county!!Margin of Error!!RACE AND HISPANIC OR LATINO ORIGIN!!One race!!American Indian and Alaska Native"
"S0701_C03_017E","Moved; from different county, same state!!Estimate!!RACE AND HISPANIC OR LATINO ORIGIN!!One race!!American Indian and Alaska Native"
"S0701_C03_017M","Moved; from different county, same state!!Margin of Error!!RACE AND HISPANIC OR LATINO ORIGIN!!One race!!American Indian and Alaska Native"
"S0701_C04_017E","Moved; from different  state!!Estimate!!RACE AND HISPANIC OR LATINO ORIGIN!!One race!!American Indian and Alaska Native"
"S0701_C04_017M","Moved; from different  state!!Margin of Error!!RACE AND HISPANIC OR LATINO ORIGIN!!One race!!American Indian and Alaska Native"
"S0701_C05_017E","Moved; from abroad!!Estimate!!RACE AND HISPANIC OR LATINO ORIGIN!!One race!!American Indian and Alaska Native"
"S0701_C05_017M","Moved; from abroad!!Margin of Error!!RACE AND HISPANIC OR LATINO ORIGIN!!One race!!American Indian and Alaska Native"
"S0701_C01_018E","Total!!Estimate!!RACE AND HISPANIC OR LATINO ORIGIN!!One race!!Asian"
"S0701_C01_018M","Total!!Margin of Error!!RACE AND HISPANIC OR LATINO ORIGIN!!One race!!Asian"
"S0701_C02_018E","Moved; within same county!!Estimate!!RACE AND HISPANIC OR LATINO ORIGIN!!One race!!Asian"
"S0701_C02_018M","Moved; within same county!!Margin of Error!!RACE AND HISPANIC OR LATINO ORIGIN!!One race!!Asian"
"S0701_C03_018E","Moved; from different county, same state!!Estimate!!RACE AND HISPANIC OR LATINO ORIGIN!!One race!!Asian"
"S0701_C03_018M","Moved; from different county, same state!!Margin of Error!!RACE AND HISPANIC OR LATINO ORIGIN!!One race!!Asian"
"S0701_C04_018E","Moved; from different  state!!Estimate!!RACE AND HISPANIC OR LATINO ORIGIN!!One race!!Asian"
"S0701_C04_018M","Moved; from different  state!!Margin of Error!!RACE AND HISPANIC OR LATINO ORIGIN!!One race!!Asian"
"S0701_C05_018E","Moved; from abroad!!Estimate!!RACE AND HISPANIC OR LATINO ORIGIN!!One race!!Asian"
"S0701_C05_018M","Moved; from abroad!!Margin of Error!!RACE AND HISPANIC OR LATINO ORIGIN!!One race!!Asian"
"S0701_C01_019E","Total!!Estimate!!RACE AND HISPANIC OR LATINO ORIGIN!!One race!!Native Hawaiian and Other Pacific Islander"
"S0701_C01_019M","Total!!Margin of Error!!RACE AND HISPANIC OR LATINO ORIGIN!!One race!!Native Hawaiian and Other Pacific Islander"
"S0701_C02_019E","Moved; within same county!!Estimate!!RACE AND HISPANIC OR LATINO ORIGIN!!One race!!Native Hawaiian and Other Pacific Islander"
"S0701_C02_019M","Moved; within same county!!Margin of Error!!RACE AND HISPANIC OR LATINO ORIGIN!!One race!!Native Hawaiian and Other Pacific Islander"
"S0701_C03_019E","Moved; from different county, same state!!Estimate!!RACE AND HISPANIC OR LATINO ORIGIN!!One race!!Native Hawaiian and Other Pacific Islander"
"S0701_C03_019M","Moved; from different county, same state!!Margin of Error!!RACE AND HISPANIC OR LATINO ORIGIN!!One race!!Native Hawaiian and Other Pacific Islander"
"S0701_C04_019E","Moved; from different  state!!Estimate!!RACE AND HISPANIC OR LATINO ORIGIN!!One race!!Native Hawaiian and Other Pacific Islander"
"S0701_C04_019M","Moved; from different  state!!Margin of Error!!RACE AND HISPANIC OR LATINO ORIGIN!!One race!!Native Hawaiian and Other Pacific Islander"
"S0701_C05_019E","Moved; from abroad!!Estimate!!RACE AND HISPANIC OR LATINO ORIGIN!!One race!!Native Hawaiian and Other Pacific Islander"
"S0701_C05_019M","Moved; from abroad!!Margin of Error!!RACE AND HISPANIC OR LATINO ORIGIN!!One race!!Native Hawaiian and Other Pacific Islander"
"S0701_C01_020E","Total!!Estimate!!RACE AND HISPANIC OR LATINO ORIGIN!!One race!!Some other race"
"S0701_C01_020M","Total!!Margin of Error!!RACE AND HISPANIC OR LATINO ORIGIN!!One race!!Some other race"
"S0701_C02_020E","Moved; within same county!!Estimate!!RACE AND HISPANIC OR LATINO ORIGIN!!One race!!Some other race"
"S0701_C02_020M","Moved; within same county!!Margin of Error!!RACE AND HISPANIC OR LATINO ORIGIN!!One race!!Some other race"
"S0701_C03_020E","Moved; from different county, same state!!Estimate!!RACE AND HISPANIC OR LATINO ORIGIN!!One race!!Some other race"
"S0701_C03_020M","Moved; from different county, same state!!Margin of Error!!RACE AND HISPANIC OR LATINO ORIGIN!!One race!!Some other race"
"S0701_C04_020E","Moved; from different  state!!Estimate!!RACE AND HISPANIC OR LATINO ORIGIN!!One race!!Some other race"
"S0701_C04_020M","Moved; from different  state!!Margin of Error!!RACE AND HISPANIC OR LATINO ORIGIN!!One race!!Some other race"
"S0701_C05_020E","Moved; from abroad!!Estimate!!RACE AND HISPANIC OR LATINO ORIGIN!!One race!!Some other race"
"S0701_C05_020M","Moved; from abroad!!Margin of Error!!RACE AND HISPANIC OR LATINO ORIGIN!!One race!!Some other race"
"S0701_C01_021E","Total!!Estimate!!RACE AND HISPANIC OR LATINO ORIGIN!!Two or more races"
"S0701_C01_021M","Total!!Margin of Error!!RACE AND HISPANIC OR LATINO ORIGIN!!Two or more races"
"S0701_C02_021E","Moved; within same county!!Estimate!!RACE AND HISPANIC OR LATINO ORIGIN!!Two or more races"
"S0701_C02_021M","Moved; within same county!!Margin of Error!!RACE AND HISPANIC OR LATINO ORIGIN!!Two or more races"
"S0701_C03_021E","Moved; from different county, same state!!Estimate!!RACE AND HISPANIC OR LATINO ORIGIN!!Two or more races"
"S0701_C03_021M","Moved; from different county, same state!!Margin of Error!!RACE AND HISPANIC OR LATINO ORIGIN!!Two or more races"
"S0701_C04_021E","Moved; from different  state!!Estimate!!RACE AND HISPANIC OR LATINO ORIGIN!!Two or more races"
"S0701_C04_021M","Moved; from different  state!!Margin of Error!!RACE AND HISPANIC OR LATINO ORIGIN!!Two or more races"
"S0701_C05_021E","Moved; from abroad!!Estimate!!RACE AND HISPANIC OR LATINO ORIGIN!!Two or more races"
"S0701_C05_021M","Moved; from abroad!!Margin of Error!!RACE AND HISPANIC OR LATINO ORIGIN!!Two or more races"
"S0701_C01_022E","Total!!Estimate!!Hispanic or Latino origin (of any race)"
"S0701_C01_022M","Total!!Margin of Error!!Hispanic or Latino origin (of any race)"
"S0701_C02_022E","Moved; within same county!!Estimate!!Hispanic or Latino origin (of any race)"
"S0701_C02_022M","Moved; within same county!!Margin of Error!!Hispanic or Latino origin (of any race)"
"S0701_C03_022E","Moved; from different county, same state!!Estimate!!Hispanic or Latino origin (of any race)"
"S0701_C03_022M","Moved; from different county, same state!!Margin of Error!!Hispanic or Latino origin (of any race)"
"S0701_C04_022E","Moved; from different  state!!Estimate!!Hispanic or Latino origin (of any race)"
"S0701_C04_022M","Moved; from different  state!!Margin of Error!!Hispanic or Latino origin (of any race)"
"S0701_C05_022E","Moved; from abroad!!Estimate!!Hispanic or Latino origin (of any race)"
"S0701_C05_022M","Moved; from abroad!!Margin of Error!!Hispanic or Latino origin (of any race)"
"S0701_C01_023E","Total!!Estimate!!White alone, not Hispanic or Latino"
"S0701_C01_023M","Total!!Margin of Error!!White alone, not Hispanic or Latino"
"S0701_C02_023E","Moved; within same county!!Estimate!!White alone, not Hispanic or Latino"
"S0701_C02_023M","Moved; within same county!!Margin of Error!!White alone, not Hispanic or Latino"
"S0701_C03_023E","Moved; from different county, same state!!Estimate!!White alone, not Hispanic or Latino"
"S0701_C03_023M","Moved; from different county, same state!!Margin of Error!!White alone, not Hispanic or Latino"
"S0701_C04_023E","Moved; from different  state!!Estimate!!White alone, not Hispanic or Latino"
"S0701_C04_023M","Moved; from different  state!!Margin of Error!!White alone, not Hispanic or Latino"
"S0701_C05_023E","Moved; from abroad!!Estimate!!White alone, not Hispanic or Latino"
"S0701_C05_023M","Moved; from abroad!!Margin of Error!!White alone, not Hispanic or Latino"
"S0701_C01_024E","Total!!Estimate!!NATIVITY AND CITIZENSHIP STATUS!!Native"
"S0701_C01_024M","Total!!Margin of Error!!NATIVITY AND CITIZENSHIP STATUS!!Native"
"S0701_C02_024E","Moved; within same county!!Estimate!!NATIVITY AND CITIZENSHIP STATUS!!Native"
"S0701_C02_024M","Moved; within same county!!Margin of Error!!NATIVITY AND CITIZENSHIP STATUS!!Native"
"S0701_C03_024E","Moved; from different county, same state!!Estimate!!NATIVITY AND CITIZENSHIP STATUS!!Native"
"S0701_C03_024M","Moved; from different county, same state!!Margin of Error!!NATIVITY AND CITIZENSHIP STATUS!!Native"
"S0701_C04_024E","Moved; from different  state!!Estimate!!NATIVITY AND CITIZENSHIP STATUS!!Native"
"S0701_C04_024M","Moved; from different  state!!Margin of Error!!NATIVITY AND CITIZENSHIP STATUS!!Native"
"S0701_C05_024E","Moved; from abroad!!Estimate!!NATIVITY AND CITIZENSHIP STATUS!!Native"
"S0701_C05_024M","Moved; from abroad!!Margin of Error!!NATIVITY AND CITIZENSHIP STATUS!!Native"
"S0701_C01_025E","Total!!Estimate!!NATIVITY AND CITIZENSHIP STATUS!!Foreign born"
"S0701_C01_025M","Total!!Margin of Error!!NATIVITY AND CITIZENSHIP STATUS!!Foreign born"
"S0701_C02_025E","Moved; within same county!!Estimate!!NATIVITY AND CITIZENSHIP STATUS!!Foreign born"
"S0701_C02_025M","Moved; within same county!!Margin of Error!!NATIVITY AND CITIZENSHIP STATUS!!Foreign born"
"S0701_C03_025E","Moved; from different county, same state!!Estimate!!NATIVITY AND CITIZENSHIP STATUS!!Foreign born"
"S0701_C03_025M","Moved; from different county, same state!!Margin of Error!!NATIVITY AND CITIZENSHIP STATUS!!Foreign born"
"S0701_C04_025E","Moved; from different  state!!Estimate!!NATIVITY AND CITIZENSHIP STATUS!!Foreign born"
"S0701_C04_025M","Moved; from different  state!!Margin of Error!!NATIVITY AND CITIZENSHIP STATUS!!Foreign born"
"S0701_C05_025E","Moved; from abroad!!Estimate!!NATIVITY AND CITIZENSHIP STATUS!!Foreign born"
"S0701_C05_025M","Moved; from abroad!!Margin of Error!!NATIVITY AND CITIZENSHIP STATUS!!Foreign born"
"S0701_C01_026E","Total!!Estimate!!NATIVITY AND CITIZENSHIP STATUS!!Foreign born!!Naturalized U.S. citizen"
"S0701_C01_026M","Total!!Margin of Error!!NATIVITY AND CITIZENSHIP STATUS!!Foreign born!!Naturalized U.S. citizen"
"S0701_C02_026E","Moved; within same county!!Estimate!!NATIVITY AND CITIZENSHIP STATUS!!Foreign born!!Naturalized U.S. citizen"
"S0701_C02_026M","Moved; within same county!!Margin of Error!!NATIVITY AND CITIZENSHIP STATUS!!Foreign born!!Naturalized U.S. citizen"
"S0701_C03_026E","Moved; from different county, same state!!Estimate!!NATIVITY AND CITIZENSHIP STATUS!!Foreign born!!Naturalized U.S. citizen"
"S0701_C03_026M","Moved; from different county, same state!!Margin of Error!!NATIVITY AND CITIZENSHIP STATUS!!Foreign born!!Naturalized U.S. citizen"
"S0701_C04_026E","Moved; from different  state!!Estimate!!NATIVITY AND CITIZENSHIP STATUS!!Foreign born!!Naturalized U.S. citizen"
"S0701_C04_026M","Moved; from different  state!!Margin of Error!!NATIVITY AND CITIZENSHIP STATUS!!Foreign born!!Naturalized U.S. citizen"
"S0701_C05_026E","Moved; from abroad!!Estimate!!NATIVITY AND CITIZENSHIP STATUS!!Foreign born!!Naturalized U.S. citizen"
"S0701_C05_026M","Moved; from abroad!!Margin of Error!!NATIVITY AND CITIZENSHIP STATUS!!Foreign born!!Naturalized U.S. citizen"
"S0701_C01_027E","Total!!Estimate!!NATIVITY AND CITIZENSHIP STATUS!!Foreign born!!Not a U.S. citizen"
"S0701_C01_027M","Total!!Margin of Error!!NATIVITY AND CITIZENSHIP STATUS!!Foreign born!!Not a U.S. citizen"
"S0701_C02_027E","Moved; within same county!!Estimate!!NATIVITY AND CITIZENSHIP STATUS!!Foreign born!!Not a U.S. citizen"
"S0701_C02_027M","Moved; within same county!!Margin of Error!!NATIVITY AND CITIZENSHIP STATUS!!Foreign born!!Not a U.S. citizen"
"S0701_C03_027E","Moved; from different county, same state!!Estimate!!NATIVITY AND CITIZENSHIP STATUS!!Foreign born!!Not a U.S. citizen"
"S0701_C03_027M","Moved; from different county, same state!!Margin of Error!!NATIVITY AND CITIZENSHIP STATUS!!Foreign born!!Not a U.S. citizen"
"S0701_C04_027E","Moved; from different  state!!Estimate!!NATIVITY AND CITIZENSHIP STATUS!!Foreign born!!Not a U.S. citizen"
"S0701_C04_027M","Moved; from different  state!!Margin of Error!!NATIVITY AND CITIZENSHIP STATUS!!Foreign born!!Not a U.S. citizen"
"S0701_C05_027E","Moved; from abroad!!Estimate!!NATIVITY AND CITIZENSHIP STATUS!!Foreign born!!Not a U.S. citizen"
"S0701_C05_027M","Moved; from abroad!!Margin of Error!!NATIVITY AND CITIZENSHIP STATUS!!Foreign born!!Not a U.S. citizen"
"S0701_C01_028E","Total!!Estimate!!MARITAL STATUS!!Population 15 years and over"
"S0701_C01_028M","Total!!Margin of Error!!MARITAL STATUS!!Population 15 years and over"
"S0701_C02_028E","Moved; within same county!!Estimate!!MARITAL STATUS!!Population 15 years and over"
"S0701_C02_028M","Moved; within same county!!Margin of Error!!MARITAL STATUS!!Population 15 years and over"
"S0701_C03_028E","Moved; from different county, same state!!Estimate!!MARITAL STATUS!!Population 15 years and over"
"S0701_C03_028M","Moved; from different county, same state!!Margin of Error!!MARITAL STATUS!!Population 15 years and over"
"S0701_C04_028E","Moved; from different  state!!Estimate!!MARITAL STATUS!!Population 15 years and over"
"S0701_C04_028M","Moved; from different  state!!Margin of Error!!MARITAL STATUS!!Population 15 years and over"
"S0701_C05_028E","Moved; from abroad!!Estimate!!MARITAL STATUS!!Population 15 years and over"
"S0701_C05_028M","Moved; from abroad!!Margin of Error!!MARITAL STATUS!!Population 15 years and over"
"S0701_C01_029E","Total!!Estimate!!MARITAL STATUS!!Population 15 years and over!!Never married"
"S0701_C01_029M","Total!!Margin of Error!!MARITAL STATUS!!Population 15 years and over!!Never married"
"S0701_C02_029E","Moved; within same county!!Estimate!!MARITAL STATUS!!Population 15 years and over!!Never married"
"S0701_C02_029M","Moved; within same county!!Margin of Error!!MARITAL STATUS!!Population 15 years and over!!Never married"
"S0701_C03_029E","Moved; from different county, same state!!Estimate!!MARITAL STATUS!!Population 15 years and over!!Never married"
"S0701_C03_029M","Moved; from different county, same state!!Margin of Error!!MARITAL STATUS!!Population 15 years and over!!Never married"
"S0701_C04_029E","Moved; from different  state!!Estimate!!MARITAL STATUS!!Population 15 years and over!!Never married"
"S0701_C04_029M","Moved; from different  state!!Margin of Error!!MARITAL STATUS!!Population 15 years and over!!Never married"
"S0701_C05_029E","Moved; from abroad!!Estimate!!MARITAL STATUS!!Population 15 years and over!!Never married"
"S0701_C05_029M","Moved; from abroad!!Margin of Error!!MARITAL STATUS!!Population 15 years and over!!Never married"
"S0701_C01_030E","Total!!Estimate!!MARITAL STATUS!!Population 15 years and over!!Now married, except separated"
"S0701_C01_030M","Total!!Margin of Error!!MARITAL STATUS!!Population 15 years and over!!Now married, except separated"
"S0701_C02_030E","Moved; within same county!!Estimate!!MARITAL STATUS!!Population 15 years and over!!Now married, except separated"
"S0701_C02_030M","Moved; within same county!!Margin of Error!!MARITAL STATUS!!Population 15 years and over!!Now married, except separated"
"S0701_C03_030E","Moved; from different county, same state!!Estimate!!MARITAL STATUS!!Population 15 years and over!!Now married, except separated"
"S0701_C03_030M","Moved; from different county, same state!!Margin of Error!!MARITAL STATUS!!Population 15 years and over!!Now married, except separated"
"S0701_C04_030E","Moved; from different  state!!Estimate!!MARITAL STATUS!!Population 15 years and over!!Now married, except separated"
"S0701_C04_030M","Moved; from different  state!!Margin of Error!!MARITAL STATUS!!Population 15 years and over!!Now married, except separated"
"S0701_C05_030E","Moved; from abroad!!Estimate!!MARITAL STATUS!!Population 15 years and over!!Now married, except separated"
"S0701_C05_030M","Moved; from abroad!!Margin of Error!!MARITAL STATUS!!Population 15 years and over!!Now married, except separated"
"S0701_C01_031E","Total!!Estimate!!MARITAL STATUS!!Population 15 years and over!!Divorced or separated"
"S0701_C01_031M","Total!!Margin of Error!!MARITAL STATUS!!Population 15 years and over!!Divorced or separated"
"S0701_C02_031E","Moved; within same county!!Estimate!!MARITAL STATUS!!Population 15 years and over!!Divorced or separated"
"S0701_C02_031M","Moved; within same county!!Margin of Error!!MARITAL STATUS!!Population 15 years and over!!Divorced or separated"
"S0701_C03_031E","Moved; from different county, same state!!Estimate!!MARITAL STATUS!!Population 15 years and over!!Divorced or separated"
"S0701_C03_031M","Moved; from different county, same state!!Margin of Error!!MARITAL STATUS!!Population 15 years and over!!Divorced or separated"
"S0701_C04_031E","Moved; from different  state!!Estimate!!MARITAL STATUS!!Population 15 years and over!!Divorced or separated"
"S0701_C04_031M","Moved; from different  state!!Margin of Error!!MARITAL STATUS!!Population 15 years and over!!Divorced or separated"
"S0701_C05_031E","Moved; from abroad!!Estimate!!MARITAL STATUS!!Population 15 years and over!!Divorced or separated"
"S0701_C05_031M","Moved; from abroad!!Margin of Error!!MARITAL STATUS!!Population 15 years and over!!Divorced or separated"
"S0701_C01_032E","Total!!Estimate!!MARITAL STATUS!!Population 15 years and over!!Widowed"
"S0701_C01_032M","Total!!Margin of Error!!MARITAL STATUS!!Population 15 years and over!!Widowed"
"S0701_C02_032E","Moved; within same county!!Estimate!!MARITAL STATUS!!Population 15 years and over!!Widowed"
"S0701_C02_032M","Moved; within same county!!Margin of Error!!MARITAL STATUS!!Population 15 years and over!!Widowed"
"S0701_C03_032E","Moved; from different county, same state!!Estimate!!MARITAL STATUS!!Population 15 years and over!!Widowed"
"S0701_C03_032M","Moved; from different county, same state!!Margin of Error!!MARITAL STATUS!!Population 15 years and over!!Widowed"
"S0701_C04_032E","Moved; from different  state!!Estimate!!MARITAL STATUS!!Population 15 years and over!!Widowed"
"S0701_C04_032M","Moved; from different  state!!Margin of Error!!MARITAL STATUS!!Population 15 years and over!!Widowed"
"S0701_C05_032E","Moved; from abroad!!Estimate!!MARITAL STATUS!!Population 15 years and over!!Widowed"
"S0701_C05_032M","Moved; from abroad!!Margin of Error!!MARITAL STATUS!!Population 15 years and over!!Widowed"
"S0701_C01_033E","Total!!Estimate!!EDUCATIONAL ATTAINMENT!!Population 25 years and over"
"S0701_C01_033M","Total!!Margin of Error!!EDUCATIONAL ATTAINMENT!!Population 25 years and over"
"S0701_C02_033E","Moved; within same county!!Estimate!!EDUCATIONAL ATTAINMENT!!Population 25 years and over"
"S0701_C02_033M","Moved; within same county!!Margin of Error!!EDUCATIONAL ATTAINMENT!!Population 25 years and over"
"S0701_C03_033E","Moved; from different county, same state!!Estimate!!EDUCATIONAL ATTAINMENT!!Population 25 years and over"
"S0701_C03_033M","Moved; from different county, same state!!Margin of Error!!EDUCATIONAL ATTAINMENT!!Population 25 years and over"
"S0701_C04_033E","Moved; from different  state!!Estimate!!EDUCATIONAL ATTAINMENT!!Population 25 years and over"
"S0701_C04_033M","Moved; from different  state!!Margin of Error!!EDUCATIONAL ATTAINMENT!!Population 25 years and over"
"S0701_C05_033E","Moved; from abroad!!Estimate!!EDUCATIONAL ATTAINMENT!!Population 25 years and over"
"S0701_C05_033M","Moved; from abroad!!Margin of Error!!EDUCATIONAL ATTAINMENT!!Population 25 years and over"
"S0701_C01_034E","Total!!Estimate!!EDUCATIONAL ATTAINMENT!!Population 25 years and over!!Less than high school graduate"
"S0701_C01_034M","Total!!Margin of Error!!EDUCATIONAL ATTAINMENT!!Population 25 years and over!!Less than high school graduate"
"S0701_C02_034E","Moved; within same county!!Estimate!!EDUCATIONAL ATTAINMENT!!Population 25 years and over!!Less than high school graduate"
"S0701_C02_034M","Moved; within same county!!Margin of Error!!EDUCATIONAL ATTAINMENT!!Population 25 years and over!!Less than high school graduate"
"S0701_C03_034E","Moved; from different county, same state!!Estimate!!EDUCATIONAL ATTAINMENT!!Population 25 years and over!!Less than high school graduate"
"S0701_C03_034M","Moved; from different county, same state!!Margin of Error!!EDUCATIONAL ATTAINMENT!!Population 25 years and over!!Less than high school graduate"
"S0701_C04_034E","Moved; from different  state!!Estimate!!EDUCATIONAL ATTAINMENT!!Population 25 years and over!!Less than high school graduate"
"S0701_C04_034M","Moved; from different  state!!Margin of Error!!EDUCATIONAL ATTAINMENT!!Population 25 years and over!!Less than high school graduate"
"S0701_C05_034E","Moved; from abroad!!Estimate!!EDUCATIONAL ATTAINMENT!!Population 25 years and over!!Less than high school graduate"
"S0701_C05_034M","Moved; from abroad!!Margin of Error!!EDUCATIONAL ATTAINMENT!!Population 25 years and over!!Less than high school graduate"
"S0701_C01_035E","Total!!Estimate!!EDUCATIONAL ATTAINMENT!!Population 25 years and over!!High school graduate (includes equivalency)"
"S0701_C01_035M","Total!!Margin of Error!!EDUCATIONAL ATTAINMENT!!Population 25 years and over!!High school graduate (includes equivalency)"
"S0701_C02_035E","Moved; within same county!!Estimate!!EDUCATIONAL ATTAINMENT!!Population 25 years and over!!High school graduate (includes equivalency)"
"S0701_C02_035M","Moved; within same county!!Margin of Error!!EDUCATIONAL ATTAINMENT!!Population 25 years and over!!High school graduate (includes equivalency)"
"S0701_C03_035E","Moved; from different county, same state!!Estimate!!EDUCATIONAL ATTAINMENT!!Population 25 years and over!!High school graduate (includes equivalency)"
"S0701_C03_035M","Moved; from different county, same state!!Margin of Error!!EDUCATIONAL ATTAINMENT!!Population 25 years and over!!High school graduate (includes equivalency)"
"S0701_C04_035E","Moved; from different  state!!Estimate!!EDUCATIONAL ATTAINMENT!!Population 25 years and over!!High school graduate (includes equivalency)"
"S0701_C04_035M","Moved; from different  state!!Margin of Error!!EDUCATIONAL ATTAINMENT!!Population 25 years and over!!High school graduate (includes equivalency)"
"S0701_C05_035E","Moved; from abroad!!Estimate!!EDUCATIONAL ATTAINMENT!!Population 25 years and over!!High school graduate (includes equivalency)"
"S0701_C05_035M","Moved; from abroad!!Margin of Error!!EDUCATIONAL ATTAINMENT!!Population 25 years and over!!High school graduate (includes equivalency)"
"S0701_C01_036E","Total!!Estimate!!EDUCATIONAL ATTAINMENT!!Population 25 years and over!!Some college or associate's degree"
"S0701_C01_036M","Total!!Margin of Error!!EDUCATIONAL ATTAINMENT!!Population 25 years and over!!Some college or associate's degree"
"S0701_C02_036E","Moved; within same county!!Estimate!!EDUCATIONAL ATTAINMENT!!Population 25 years and over!!Some college or associate's degree"
"S0701_C02_036M","Moved; within same county!!Margin of Error!!EDUCATIONAL ATTAINMENT!!Population 25 years and over!!Some college or associate's degree"
"S0701_C03_036E","Moved; from different county, same state!!Estimate!!EDUCATIONAL ATTAINMENT!!Population 25 years and over!!Some college or associate's degree"
"S0701_C03_036M","Moved; from different county, same state!!Margin of Error!!EDUCATIONAL ATTAINMENT!!Population 25 years and over!!Some college or associate's degree"
"S0701_C04_036E","Moved; from different  state!!Estimate!!EDUCATIONAL ATTAINMENT!!Population 25 years and over!!Some college or associate's degree"
"S0701_C04_036M","Moved; from different  state!!Margin of Error!!EDUCATIONAL ATTAINMENT!!Population 25 years and over!!Some college or associate's degree"
"S0701_C05_036E","Moved; from abroad!!Estimate!!EDUCATIONAL ATTAINMENT!!Population 25 years and over!!Some college or associate's degree"
"S0701_C05_036M","Moved; from abroad!!Margin of Error!!EDUCATIONAL ATTAINMENT!!Population 25 years and over!!Some college or associate's degree"
"S0701_C01_037E","Total!!Estimate!!EDUCATIONAL ATTAINMENT!!Population 25 years and over!!Bachelor's degree"
"S0701_C01_037M","Total!!Margin of Error!!EDUCATIONAL ATTAINMENT!!Population 25 years and over!!Bachelor's degree"
"S0701_C02_037E","Moved; within same county!!Estimate!!EDUCATIONAL ATTAINMENT!!Population 25 years and over!!Bachelor's degree"
"S0701_C02_037M","Moved; within same county!!Margin of Error!!EDUCATIONAL ATTAINMENT!!Population 25 years and over!!Bachelor's degree"
"S0701_C03_037E","Moved; from different county, same state!!Estimate!!EDUCATIONAL ATTAINMENT!!Population 25 years and over!!Bachelor's degree"
"S0701_C03_037M","Moved; from different county, same state!!Margin of Error!!EDUCATIONAL ATTAINMENT!!Population 25 years and over!!Bachelor's degree"
"S0701_C04_037E","Moved; from different  state!!Estimate!!EDUCATIONAL ATTAINMENT!!Population 25 years and over!!Bachelor's degree"
"S0701_C04_037M","Moved; from different  state!!Margin of Error!!EDUCATIONAL ATTAINMENT!!Population 25 years and over!!Bachelor's degree"
"S0701_C05_037E","Moved; from abroad!!Estimate!!EDUCATIONAL ATTAINMENT!!Population 25 years and over!!Bachelor's degree"
"S0701_C05_037M","Moved; from abroad!!Margin of Error!!EDUCATIONAL ATTAINMENT!!Population 25 years and over!!Bachelor's degree"
"S0701_C01_038E","Total!!Estimate!!EDUCATIONAL ATTAINMENT!!Population 25 years and over!!Graduate or professional degree"
"S0701_C01_038M","Total!!Margin of Error!!EDUCATIONAL ATTAINMENT!!Population 25 years and over!!Graduate or professional degree"
"S0701_C02_038E","Moved; within same county!!Estimate!!EDUCATIONAL ATTAINMENT!!Population 25 years and over!!Graduate or professional degree"
"S0701_C02_038M","Moved; within same county!!Margin of Error!!EDUCATIONAL ATTAINMENT!!Population 25 years and over!!Graduate or professional degree"
"S0701_C03_038E","Moved; from different county, same state!!Estimate!!EDUCATIONAL ATTAINMENT!!Population 25 years and over!!Graduate or professional degree"
"S0701_C03_038M","Moved; from different county, same state!!Margin of Error!!EDUCATIONAL ATTAINMENT!!Population 25 years and over!!Graduate or professional degree"
"S0701_C04_038E","Moved; from different  state!!Estimate!!EDUCATIONAL ATTAINMENT!!Population 25 years and over!!Graduate or professional degree"
"S0701_C04_038M","Moved; from different  state!!Margin of Error!!EDUCATIONAL ATTAINMENT!!Population 25 years and over!!Graduate or professional degree"
"S0701_C05_038E","Moved; from abroad!!Estimate!!EDUCATIONAL ATTAINMENT!!Population 25 years and over!!Graduate or professional degree"
"S0701_C05_038M","Moved; from abroad!!Margin of Error!!EDUCATIONAL ATTAINMENT!!Population 25 years and over!!Graduate or professional degree"
"S0701_C01_039E","Total!!Estimate!!INDIVIDUAL INCOME IN THE PAST 12 MONTHS (IN 2014 INFLATION-ADJUSTED DOLLARS)!!Population 15 years and over"
"S0701_C01_039M","Total!!Margin of Error!!INDIVIDUAL INCOME IN THE PAST 12 MONTHS (IN 2014 INFLATION-ADJUSTED DOLLARS)!!Population 15 years and over"
"S0701_C02_039E","Moved; within same county!!Estimate!!INDIVIDUAL INCOME IN THE PAST 12 MONTHS (IN 2014 INFLATION-ADJUSTED DOLLARS)!!Population 15 years and over"
"S0701_C02_039M","Moved; within same county!!Margin of Error!!INDIVIDUAL INCOME IN THE PAST 12 MONTHS (IN 2014 INFLATION-ADJUSTED DOLLARS)!!Population 15 years and over"
"S0701_C03_039E","Moved; from different county, same state!!Estimate!!INDIVIDUAL INCOME IN THE PAST 12 MONTHS (IN 2014 INFLATION-ADJUSTED DOLLARS)!!Population 15 years and over"
"S0701_C03_039M","Moved; from different county, same state!!Margin of Error!!INDIVIDUAL INCOME IN THE PAST 12 MONTHS (IN 2014 INFLATION-ADJUSTED DOLLARS)!!Population 15 years and over"
"S0701_C04_039E","Moved; from different  state!!Estimate!!INDIVIDUAL INCOME IN THE PAST 12 MONTHS (IN 2014 INFLATION-ADJUSTED DOLLARS)!!Population 15 years and over"
"S0701_C04_039M","Moved; from different  state!!Margin of Error!!INDIVIDUAL INCOME IN THE PAST 12 MONTHS (IN 2014 INFLATION-ADJUSTED DOLLARS)!!Population 15 years and over"
"S0701_C05_039E","Moved; from abroad!!Estimate!!INDIVIDUAL INCOME IN THE PAST 12 MONTHS (IN 2014 INFLATION-ADJUSTED DOLLARS)!!Population 15 years and over"
"S0701_C05_039M","Moved; from abroad!!Margin of Error!!INDIVIDUAL INCOME IN THE PAST 12 MONTHS (IN 2014 INFLATION-ADJUSTED DOLLARS)!!Population 15 years and over"
"S0701_C01_040E","Total!!Estimate!!INDIVIDUAL INCOME IN THE PAST 12 MONTHS (IN 2014 INFLATION-ADJUSTED DOLLARS)!!Population 15 years and over!!$1 to $9,999 or loss"
"S0701_C01_040M","Total!!Margin of Error!!INDIVIDUAL INCOME IN THE PAST 12 MONTHS (IN 2014 INFLATION-ADJUSTED DOLLARS)!!Population 15 years and over!!$1 to $9,999 or loss"
"S0701_C02_040E","Moved; within same county!!Estimate!!INDIVIDUAL INCOME IN THE PAST 12 MONTHS (IN 2014 INFLATION-ADJUSTED DOLLARS)!!Population 15 years and over!!$1 to $9,999 or loss"
"S0701_C02_040M","Moved; within same county!!Margin of Error!!INDIVIDUAL INCOME IN THE PAST 12 MONTHS (IN 2014 INFLATION-ADJUSTED DOLLARS)!!Population 15 years and over!!$1 to $9,999 or loss"
"S0701_C03_040E","Moved; from different county, same state!!Estimate!!INDIVIDUAL INCOME IN THE PAST 12 MONTHS (IN 2014 INFLATION-ADJUSTED DOLLARS)!!Population 15 years and over!!$1 to $9,999 or loss"
"S0701_C03_040M","Moved; from different county, same state!!Margin of Error!!INDIVIDUAL INCOME IN THE PAST 12 MONTHS (IN 2014 INFLATION-ADJUSTED DOLLARS)!!Population 15 years and over!!$1 to $9,999 or loss"
"S0701_C04_040E","Moved; from different  state!!Estimate!!INDIVIDUAL INCOME IN THE PAST 12 MONTHS (IN 2014 INFLATION-ADJUSTED DOLLARS)!!Population 15 years and over!!$1 to $9,999 or loss"
"S0701_C04_040M","Moved; from different  state!!Margin of Error!!INDIVIDUAL INCOME IN THE PAST 12 MONTHS (IN 2014 INFLATION-ADJUSTED DOLLARS)!!Population 15 years and over!!$1 to $9,999 or loss"
"S0701_C05_040E","Moved; from abroad!!Estimate!!INDIVIDUAL INCOME IN THE PAST 12 MONTHS (IN 2014 INFLATION-ADJUSTED DOLLARS)!!Population 15 years and over!!$1 to $9,999 or loss"
"S0701_C05_040M","Moved; from abroad!!Margin of Error!!INDIVIDUAL INCOME IN THE PAST 12 MONTHS (IN 2014 INFLATION-ADJUSTED DOLLARS)!!Population 15 years and over!!$1 to $9,999 or loss"
"S0701_C01_041E","Total!!Estimate!!INDIVIDUAL INCOME IN THE PAST 12 MONTHS (IN 2014 INFLATION-ADJUSTED DOLLARS)!!Population 15 years and over!!$10,000 to $14,999"
"S0701_C01_041M","Total!!Margin of Error!!INDIVIDUAL INCOME IN THE PAST 12 MONTHS (IN 2014 INFLATION-ADJUSTED DOLLARS)!!Population 15 years and over!!$10,000 to $14,999"
"S0701_C02_041E","Moved; within same county!!Estimate!!INDIVIDUAL INCOME IN THE PAST 12 MONTHS (IN 2014 INFLATION-ADJUSTED DOLLARS)!!Population 15 years and over!!$10,000 to $14,999"
"S0701_C02_041M","Moved; within same county!!Margin of Error!!INDIVIDUAL INCOME IN THE PAST 12 MONTHS (IN 2014 INFLATION-ADJUSTED DOLLARS)!!Population 15 years and over!!$10,000 to $14,999"
"S0701_C03_041E","Moved; from different county, same state!!Estimate!!INDIVIDUAL INCOME IN THE PAST 12 MONTHS (IN 2014 INFLATION-ADJUSTED DOLLARS)!!Population 15 years and over!!$10,000 to $14,999"
"S0701_C03_041M","Moved; from different county, same state!!Margin of Error!!INDIVIDUAL INCOME IN THE PAST 12 MONTHS (IN 2014 INFLATION-ADJUSTED DOLLARS)!!Population 15 years and over!!$10,000 to $14,999"
"S0701_C04_041E","Moved; from different  state!!Estimate!!INDIVIDUAL INCOME IN THE PAST 12 MONTHS (IN 2014 INFLATION-ADJUSTED DOLLARS)!!Population 15 years and over!!$10,000 to $14,999"
"S0701_C04_041M","Moved; from different  state!!Margin of Error!!INDIVIDUAL INCOME IN THE PAST 12 MONTHS (IN 2014 INFLATION-ADJUSTED DOLLARS)!!Population 15 years and over!!$10,000 to $14,999"
"S0701_C05_041E","Moved; from abroad!!Estimate!!INDIVIDUAL INCOME IN THE PAST 12 MONTHS (IN 2014 INFLATION-ADJUSTED DOLLARS)!!Population 15 years and over!!$10,000 to $14,999"
"S0701_C05_041M","Moved; from abroad!!Margin of Error!!INDIVIDUAL INCOME IN THE PAST 12 MONTHS (IN 2014 INFLATION-ADJUSTED DOLLARS)!!Population 15 years and over!!$10,000 to $14,999"
"S0701_C01_042E","Total!!Estimate!!INDIVIDUAL INCOME IN THE PAST 12 MONTHS (IN 2014 INFLATION-ADJUSTED DOLLARS)!!Population 15 years and over!!$15,000 to $24,999"
"S0701_C01_042M","Total!!Margin of Error!!INDIVIDUAL INCOME IN THE PAST 12 MONTHS (IN 2014 INFLATION-ADJUSTED DOLLARS)!!Population 15 years and over!!$15,000 to $24,999"
"S0701_C02_042E","Moved; within same county!!Estimate!!INDIVIDUAL INCOME IN THE PAST 12 MONTHS (IN 2014 INFLATION-ADJUSTED DOLLARS)!!Population 15 years and over!!$15,000 to $24,999"
"S0701_C02_042M","Moved; within same county!!Margin of Error!!INDIVIDUAL INCOME IN THE PAST 12 MONTHS (IN 2014 INFLATION-ADJUSTED DOLLARS)!!Population 15 years and over!!$15,000 to $24,999"
"S0701_C03_042E","Moved; from different county, same state!!Estimate!!INDIVIDUAL INCOME IN THE PAST 12 MONTHS (IN 2014 INFLATION-ADJUSTED DOLLARS)!!Population 15 years and over!!$15,000 to $24,999"
"S0701_C03_042M","Moved; from different county, same state!!Margin of Error!!INDIVIDUAL INCOME IN THE PAST 12 MONTHS (IN 2014 INFLATION-ADJUSTED DOLLARS)!!Population 15 years and over!!$15,000 to $24,999"
"S0701_C04_042E","Moved; from different  state!!Estimate!!INDIVIDUAL INCOME IN THE PAST 12 MONTHS (IN 2014 INFLATION-ADJUSTED DOLLARS)!!Population 15 years and over!!$15,000 to $24,999"
"S0701_C04_042M","Moved; from different  state!!Margin of Error!!INDIVIDUAL INCOME IN THE PAST 12 MONTHS (IN 2014 INFLATION-ADJUSTED DOLLARS)!!Population 15 years and over!!$15,000 to $24,999"
"S0701_C05_042E","Moved; from abroad!!Estimate!!INDIVIDUAL INCOME IN THE PAST 12 MONTHS (IN 2014 INFLATION-ADJUSTED DOLLARS)!!Population 15 years and over!!$15,000 to $24,999"
"S0701_C05_042M","Moved; from abroad!!Margin of Error!!INDIVIDUAL INCOME IN THE PAST 12 MONTHS (IN 2014 INFLATION-ADJUSTED DOLLARS)!!Population 15 years and over!!$15,000 to $24,999"
"S0701_C01_043E","Total!!Estimate!!INDIVIDUAL INCOME IN THE PAST 12 MONTHS (IN 2014 INFLATION-ADJUSTED DOLLARS)!!Population 15 years and over!!$25,000 to $34,999"
"S0701_C01_043M","Total!!Margin of Error!!INDIVIDUAL INCOME IN THE PAST 12 MONTHS (IN 2014 INFLATION-ADJUSTED DOLLARS)!!Population 15 years and over!!$25,000 to $34,999"
"S0701_C02_043E","Moved; within same county!!Estimate!!INDIVIDUAL INCOME IN THE PAST 12 MONTHS (IN 2014 INFLATION-ADJUSTED DOLLARS)!!Population 15 years and over!!$25,000 to $34,999"
"S0701_C02_043M","Moved; within same county!!Margin of Error!!INDIVIDUAL INCOME IN THE PAST 12 MONTHS (IN 2014 INFLATION-ADJUSTED DOLLARS)!!Population 15 years and over!!$25,000 to $34,999"
"S0701_C03_043E","Moved; from different county, same state!!Estimate!!INDIVIDUAL INCOME IN THE PAST 12 MONTHS (IN 2014 INFLATION-ADJUSTED DOLLARS)!!Population 15 years and over!!$25,000 to $34,999"
"S0701_C03_043M","Moved; from different county, same state!!Margin of Error!!INDIVIDUAL INCOME IN THE PAST 12 MONTHS (IN 2014 INFLATION-ADJUSTED DOLLARS)!!Population 15 years and over!!$25,000 to $34,999"
"S0701_C04_043E","Moved; from different  state!!Estimate!!INDIVIDUAL INCOME IN THE PAST 12 MONTHS (IN 2014 INFLATION-ADJUSTED DOLLARS)!!Population 15 years and over!!$25,000 to $34,999"
"S0701_C04_043M","Moved; from different  state!!Margin of Error!!INDIVIDUAL INCOME IN THE PAST 12 MONTHS (IN 2014 INFLATION-ADJUSTED DOLLARS)!!Population 15 years and over!!$25,000 to $34,999"
"S0701_C05_043E","Moved; from abroad!!Estimate!!INDIVIDUAL INCOME IN THE PAST 12 MONTHS (IN 2014 INFLATION-ADJUSTED DOLLARS)!!Population 15 years and over!!$25,000 to $34,999"
"S0701_C05_043M","Moved; from abroad!!Margin of Error!!INDIVIDUAL INCOME IN THE PAST 12 MONTHS (IN 2014 INFLATION-ADJUSTED DOLLARS)!!Population 15 years and over!!$25,000 to $34,999"
"S0701_C01_044E","Total!!Estimate!!INDIVIDUAL INCOME IN THE PAST 12 MONTHS (IN 2014 INFLATION-ADJUSTED DOLLARS)!!Population 15 years and over!!$35,000 to $49,999"
"S0701_C01_044M","Total!!Margin of Error!!INDIVIDUAL INCOME IN THE PAST 12 MONTHS (IN 2014 INFLATION-ADJUSTED DOLLARS)!!Population 15 years and over!!$35,000 to $49,999"
"S0701_C02_044E","Moved; within same county!!Estimate!!INDIVIDUAL INCOME IN THE PAST 12 MONTHS (IN 2014 INFLATION-ADJUSTED DOLLARS)!!Population 15 years and over!!$35,000 to $49,999"
"S0701_C02_044M","Moved; within same county!!Margin of Error!!INDIVIDUAL INCOME IN THE PAST 12 MONTHS (IN 2014 INFLATION-ADJUSTED DOLLARS)!!Population 15 years and over!!$35,000 to $49,999"
"S0701_C03_044E","Moved; from different county, same state!!Estimate!!INDIVIDUAL INCOME IN THE PAST 12 MONTHS (IN 2014 INFLATION-ADJUSTED DOLLARS)!!Population 15 years and over!!$35,000 to $49,999"
"S0701_C03_044M","Moved; from different county, same state!!Margin of Error!!INDIVIDUAL INCOME IN THE PAST 12 MONTHS (IN 2014 INFLATION-ADJUSTED DOLLARS)!!Population 15 years and over!!$35,000 to $49,999"
"S0701_C04_044E","Moved; from different  state!!Estimate!!INDIVIDUAL INCOME IN THE PAST 12 MONTHS (IN 2014 INFLATION-ADJUSTED DOLLARS)!!Population 15 years and over!!$35,000 to $49,999"
"S0701_C04_044M","Moved; from different  state!!Margin of Error!!INDIVIDUAL INCOME IN THE PAST 12 MONTHS (IN 2014 INFLATION-ADJUSTED DOLLARS)!!Population 15 years and over!!$35,000 to $49,999"
"S0701_C05_044E","Moved; from abroad!!Estimate!!INDIVIDUAL INCOME IN THE PAST 12 MONTHS (IN 2014 INFLATION-ADJUSTED DOLLARS)!!Population 15 years and over!!$35,000 to $49,999"
"S0701_C05_044M","Moved; from abroad!!Margin of Error!!INDIVIDUAL INCOME IN THE PAST 12 MONTHS (IN 2014 INFLATION-ADJUSTED DOLLARS)!!Population 15 years and over!!$35,000 to $49,999"
"S0701_C01_045E","Total!!Estimate!!INDIVIDUAL INCOME IN THE PAST 12 MONTHS (IN 2014 INFLATION-ADJUSTED DOLLARS)!!Population 15 years and over!!$50,000 to $64,999"
"S0701_C01_045M","Total!!Margin of Error!!INDIVIDUAL INCOME IN THE PAST 12 MONTHS (IN 2014 INFLATION-ADJUSTED DOLLARS)!!Population 15 years and over!!$50,000 to $64,999"
"S0701_C02_045E","Moved; within same county!!Estimate!!INDIVIDUAL INCOME IN THE PAST 12 MONTHS (IN 2014 INFLATION-ADJUSTED DOLLARS)!!Population 15 years and over!!$50,000 to $64,999"
"S0701_C02_045M","Moved; within same county!!Margin of Error!!INDIVIDUAL INCOME IN THE PAST 12 MONTHS (IN 2014 INFLATION-ADJUSTED DOLLARS)!!Population 15 years and over!!$50,000 to $64,999"
"S0701_C03_045E","Moved; from different county, same state!!Estimate!!INDIVIDUAL INCOME IN THE PAST 12 MONTHS (IN 2014 INFLATION-ADJUSTED DOLLARS)!!Population 15 years and over!!$50,000 to $64,999"
"S0701_C03_045M","Moved; from different county, same state!!Margin of Error!!INDIVIDUAL INCOME IN THE PAST 12 MONTHS (IN 2014 INFLATION-ADJUSTED DOLLARS)!!Population 15 years and over!!$50,000 to $64,999"
"S0701_C04_045E","Moved; from different  state!!Estimate!!INDIVIDUAL INCOME IN THE PAST 12 MONTHS (IN 2014 INFLATION-ADJUSTED DOLLARS)!!Population 15 years and over!!$50,000 to $64,999"
"S0701_C04_045M","Moved; from different  state!!Margin of Error!!INDIVIDUAL INCOME IN THE PAST 12 MONTHS (IN 2014 INFLATION-ADJUSTED DOLLARS)!!Population 15 years and over!!$50,000 to $64,999"
"S0701_C05_045E","Moved; from abroad!!Estimate!!INDIVIDUAL INCOME IN THE PAST 12 MONTHS (IN 2014 INFLATION-ADJUSTED DOLLARS)!!Population 15 years and over!!$50,000 to $64,999"
"S0701_C05_045M","Moved; from abroad!!Margin of Error!!INDIVIDUAL INCOME IN THE PAST 12 MONTHS (IN 2014 INFLATION-ADJUSTED DOLLARS)!!Population 15 years and over!!$50,000 to $64,999"
"S0701_C01_046E","Total!!Estimate!!INDIVIDUAL INCOME IN THE PAST 12 MONTHS (IN 2014 INFLATION-ADJUSTED DOLLARS)!!Population 15 years and over!!$65,000 to $74,999"
"S0701_C01_046M","Total!!Margin of Error!!INDIVIDUAL INCOME IN THE PAST 12 MONTHS (IN 2014 INFLATION-ADJUSTED DOLLARS)!!Population 15 years and over!!$65,000 to $74,999"
"S0701_C02_046E","Moved; within same county!!Estimate!!INDIVIDUAL INCOME IN THE PAST 12 MONTHS (IN 2014 INFLATION-ADJUSTED DOLLARS)!!Population 15 years and over!!$65,000 to $74,999"
"S0701_C02_046M","Moved; within same county!!Margin of Error!!INDIVIDUAL INCOME IN THE PAST 12 MONTHS (IN 2014 INFLATION-ADJUSTED DOLLARS)!!Population 15 years and over!!$65,000 to $74,999"
"S0701_C03_046E","Moved; from different county, same state!!Estimate!!INDIVIDUAL INCOME IN THE PAST 12 MONTHS (IN 2014 INFLATION-ADJUSTED DOLLARS)!!Population 15 years and over!!$65,000 to $74,999"
"S0701_C03_046M","Moved; from different county, same state!!Margin of Error!!INDIVIDUAL INCOME IN THE PAST 12 MONTHS (IN 2014 INFLATION-ADJUSTED DOLLARS)!!Population 15 years and over!!$65,000 to $74,999"
"S0701_C04_046E","Moved; from different  state!!Estimate!!INDIVIDUAL INCOME IN THE PAST 12 MONTHS (IN 2014 INFLATION-ADJUSTED DOLLARS)!!Population 15 years and over!!$65,000 to $74,999"
"S0701_C04_046M","Moved; from different  state!!Margin of Error!!INDIVIDUAL INCOME IN THE PAST 12 MONTHS (IN 2014 INFLATION-ADJUSTED DOLLARS)!!Population 15 years and over!!$65,000 to $74,999"
"S0701_C05_046E","Moved; from abroad!!Estimate!!INDIVIDUAL INCOME IN THE PAST 12 MONTHS (IN 2014 INFLATION-ADJUSTED DOLLARS)!!Population 15 years and over!!$65,000 to $74,999"
"S0701_C05_046M","Moved; from abroad!!Margin of Error!!INDIVIDUAL INCOME IN THE PAST 12 MONTHS (IN 2014 INFLATION-ADJUSTED DOLLARS)!!Population 15 years and over!!$65,000 to $74,999"
"S0701_C01_047E","Total!!Estimate!!INDIVIDUAL INCOME IN THE PAST 12 MONTHS (IN 2014 INFLATION-ADJUSTED DOLLARS)!!Population 15 years and over!!$75,000 or more"
"S0701_C01_047M","Total!!Margin of Error!!INDIVIDUAL INCOME IN THE PAST 12 MONTHS (IN 2014 INFLATION-ADJUSTED DOLLARS)!!Population 15 years and over!!$75,000 or more"
"S0701_C02_047E","Moved; within same county!!Estimate!!INDIVIDUAL INCOME IN THE PAST 12 MONTHS (IN 2014 INFLATION-ADJUSTED DOLLARS)!!Population 15 years and over!!$75,000 or more"
"S0701_C02_047M","Moved; within same county!!Margin of Error!!INDIVIDUAL INCOME IN THE PAST 12 MONTHS (IN 2014 INFLATION-ADJUSTED DOLLARS)!!Population 15 years and over!!$75,000 or more"
"S0701_C03_047E","Moved; from different county, same state!!Estimate!!INDIVIDUAL INCOME IN THE PAST 12 MONTHS (IN 2014 INFLATION-ADJUSTED DOLLARS)!!Population 15 years and over!!$75,000 or more"
"S0701_C03_047M","Moved; from different county, same state!!Margin of Error!!INDIVIDUAL INCOME IN THE PAST 12 MONTHS (IN 2014 INFLATION-ADJUSTED DOLLARS)!!Population 15 years and over!!$75,000 or more"
"S0701_C04_047E","Moved; from different  state!!Estimate!!INDIVIDUAL INCOME IN THE PAST 12 MONTHS (IN 2014 INFLATION-ADJUSTED DOLLARS)!!Population 15 years and over!!$75,000 or more"
"S0701_C04_047M","Moved; from different  state!!Margin of Error!!INDIVIDUAL INCOME IN THE PAST 12 MONTHS (IN 2014 INFLATION-ADJUSTED DOLLARS)!!Population 15 years and over!!$75,000 or more"
"S0701_C05_047E","Moved; from abroad!!Estimate!!INDIVIDUAL INCOME IN THE PAST 12 MONTHS (IN 2014 INFLATION-ADJUSTED DOLLARS)!!Population 15 years and over!!$75,000 or more"
"S0701_C05_047M","Moved; from abroad!!Margin of Error!!INDIVIDUAL INCOME IN THE PAST 12 MONTHS (IN 2014 INFLATION-ADJUSTED DOLLARS)!!Population 15 years and over!!$75,000 or more"
"S0701_C01_048E","Total!!Estimate!!Median income (dollars)"
"S0701_C01_048M","Total!!Margin of Error!!Median income (dollars)"
"S0701_C02_048E","Moved; within same county!!Estimate!!Median income (dollars)"
"S0701_C02_048M","Moved; within same county!!Margin of Error!!Median income (dollars)"
"S0701_C03_048E","Moved; from different county, same state!!Estimate!!Median income (dollars)"
"S0701_C03_048M","Moved; from different county, same state!!Margin of Error!!Median income (dollars)"
"S0701_C04_048E","Moved; from different  state!!Estimate!!Median income (dollars)"
"S0701_C04_048M","Moved; from different  state!!Margin of Error!!Median income (dollars)"
"S0701_C05_048E","Moved; from abroad!!Estimate!!Median income (dollars)"
"S0701_C05_048M","Moved; from abroad!!Margin of Error!!Median income (dollars)"
"S0701_C01_049E","Total!!Estimate!!POVERTY STATUS IN THE PAST 12 MONTHS!!Population 1 year and over for whom poverty status is determined"
"S0701_C01_049M","Total!!Margin of Error!!POVERTY STATUS IN THE PAST 12 MONTHS!!Population 1 year and over for whom poverty status is determined"
"S0701_C02_049E","Moved; within same county!!Estimate!!POVERTY STATUS IN THE PAST 12 MONTHS!!Population 1 year and over for whom poverty status is determined"
"S0701_C02_049M","Moved; within same county!!Margin of Error!!POVERTY STATUS IN THE PAST 12 MONTHS!!Population 1 year and over for whom poverty status is determined"
"S0701_C03_049E","Moved; from different county, same state!!Estimate!!POVERTY STATUS IN THE PAST 12 MONTHS!!Population 1 year and over for whom poverty status is determined"
"S0701_C03_049M","Moved; from different county, same state!!Margin of Error!!POVERTY STATUS IN THE PAST 12 MONTHS!!Population 1 year and over for whom poverty status is determined"
"S0701_C04_049E","Moved; from different  state!!Estimate!!POVERTY STATUS IN THE PAST 12 MONTHS!!Population 1 year and over for whom poverty status is determined"
"S0701_C04_049M","Moved; from different  state!!Margin of Error!!POVERTY STATUS IN THE PAST 12 MONTHS!!Population 1 year and over for whom poverty status is determined"
"S0701_C05_049E","Moved; from abroad!!Estimate!!POVERTY STATUS IN THE PAST 12 MONTHS!!Population 1 year and over for whom poverty status is determined"
"S0701_C05_049M","Moved; from abroad!!Margin of Error!!POVERTY STATUS IN THE PAST 12 MONTHS!!Population 1 year and over for whom poverty status is determined"
"S0701_C01_050E","Total!!Estimate!!POVERTY STATUS IN THE PAST 12 MONTHS!!Population 1 year and over for whom poverty status is determined!!Below 100 percent of the poverty level"
"S0701_C01_050M","Total!!Margin of Error!!POVERTY STATUS IN THE PAST 12 MONTHS!!Population 1 year and over for whom poverty status is determined!!Below 100 percent of the poverty level"
"S0701_C02_050E","Moved; within same county!!Estimate!!POVERTY STATUS IN THE PAST 12 MONTHS!!Population 1 year and over for whom poverty status is determined!!Below 100 percent of the poverty level"
"S0701_C02_050M","Moved; within same county!!Margin of Error!!POVERTY STATUS IN THE PAST 12 MONTHS!!Population 1 year and over for whom poverty status is determined!!Below 100 percent of the poverty level"
"S0701_C03_050E","Moved; from different county, same state!!Estimate!!POVERTY STATUS IN THE PAST 12 MONTHS!!Population 1 year and over for whom poverty status is determined!!Below 100 percent of the poverty level"
"S0701_C03_050M","Moved; from different county, same state!!Margin of Error!!POVERTY STATUS IN THE PAST 12 MONTHS!!Population 1 year and over for whom poverty status is determined!!Below 100 percent of the poverty level"
"S0701_C04_050E","Moved; from different  state!!Estimate!!POVERTY STATUS IN THE PAST 12 MONTHS!!Population 1 year and over for whom poverty status is determined!!Below 100 percent of the poverty level"
"S0701_C04_050M","Moved; from different  state!!Margin of Error!!POVERTY STATUS IN THE PAST 12 MONTHS!!Population 1 year and over for whom poverty status is determined!!Below 100 percent of the poverty level"
"S0701_C05_050E","Moved; from abroad!!Estimate!!POVERTY STATUS IN THE PAST 12 MONTHS!!Population 1 year and over for whom poverty status is determined!!Below 100 percent of the poverty level"
"S0701_C05_050M","Moved; from abroad!!Margin of Error!!POVERTY STATUS IN THE PAST 12 MONTHS!!Population 1 year and over for whom poverty status is determined!!Below 100 percent of the poverty level"
"S0701_C01_051E","Total!!Estimate!!POVERTY STATUS IN THE PAST 12 MONTHS!!Population 1 year and over for whom poverty status is determined!!100 to 149 percent of the poverty level"
"S0701_C01_051M","Total!!Margin of Error!!POVERTY STATUS IN THE PAST 12 MONTHS!!Population 1 year and over for whom poverty status is determined!!100 to 149 percent of the poverty level"
"S0701_C02_051E","Moved; within same county!!Estimate!!POVERTY STATUS IN THE PAST 12 MONTHS!!Population 1 year and over for whom poverty status is determined!!100 to 149 percent of the poverty level"
"S0701_C02_051M","Moved; within same county!!Margin of Error!!POVERTY STATUS IN THE PAST 12 MONTHS!!Population 1 year and over for whom poverty status is determined!!100 to 149 percent of the poverty level"
"S0701_C03_051E","Moved; from different county, same state!!Estimate!!POVERTY STATUS IN THE PAST 12 MONTHS!!Population 1 year and over for whom poverty status is determined!!100 to 149 percent of the poverty level"
"S0701_C03_051M","Moved; from different county, same state!!Margin of Error!!POVERTY STATUS IN THE PAST 12 MONTHS!!Population 1 year and over for whom poverty status is determined!!100 to 149 percent of the poverty level"
"S0701_C04_051E","Moved; from different  state!!Estimate!!POVERTY STATUS IN THE PAST 12 MONTHS!!Population 1 year and over for whom poverty status is determined!!100 to 149 percent of the poverty level"
"S0701_C04_051M","Moved; from different  state!!Margin of Error!!POVERTY STATUS IN THE PAST 12 MONTHS!!Population 1 year and over for whom poverty status is determined!!100 to 149 percent of the poverty level"
"S0701_C05_051E","Moved; from abroad!!Estimate!!POVERTY STATUS IN THE PAST 12 MONTHS!!Population 1 year and over for whom poverty status is determined!!100 to 149 percent of the poverty level"
"S0701_C05_051M","Moved; from abroad!!Margin of Error!!POVERTY STATUS IN THE PAST 12 MONTHS!!Population 1 year and over for whom poverty status is determined!!100 to 149 percent of the poverty level"
"S0701_C01_052E","Total!!Estimate!!POVERTY STATUS IN THE PAST 12 MONTHS!!Population 1 year and over for whom poverty status is determined!!At or above 150 percent of the poverty level"
"S0701_C01_052M","Total!!Margin of Error!!POVERTY STATUS IN THE PAST 12 MONTHS!!Population 1 year and over for whom poverty status is determined!!At or above 150 percent of the poverty level"
"S0701_C02_052E","Moved; within same county!!Estimate!!POVERTY STATUS IN THE PAST 12 MONTHS!!Population 1 year and over for whom poverty status is determined!!At or above 150 percent of the poverty level"
"S0701_C02_052M","Moved; within same county!!Margin of Error!!POVERTY STATUS IN THE PAST 12 MONTHS!!Population 1 year and over for whom poverty status is determined!!At or above 150 percent of the poverty level"
"S0701_C03_052E","Moved; from different county, same state!!Estimate!!POVERTY STATUS IN THE PAST 12 MONTHS!!Population 1 year and over for whom poverty status is determined!!At or above 150 percent of the poverty level"
"S0701_C03_052M","Moved; from different county, same state!!Margin of Error!!POVERTY STATUS IN THE PAST 12 MONTHS!!Population 1 year and over for whom poverty status is determined!!At or above 150 percent of the poverty level"
"S0701_C04_052E","Moved; from different  state!!Estimate!!POVERTY STATUS IN THE PAST 12 MONTHS!!Population 1 year and over for whom poverty status is determined!!At or above 150 percent of the poverty level"
"S0701_C04_052M","Moved; from different  state!!Margin of Error!!POVERTY STATUS IN THE PAST 12 MONTHS!!Population 1 year and over for whom poverty status is determined!!At or above 150 percent of the poverty level"
"S0701_C05_052E","Moved; from abroad!!Estimate!!POVERTY STATUS IN THE PAST 12 MONTHS!!Population 1 year and over for whom poverty status is determined!!At or above 150 percent of the poverty level"
"S0701_C05_052M","Moved; from abroad!!Margin of Error!!POVERTY STATUS IN THE PAST 12 MONTHS!!Population 1 year and over for whom poverty status is determined!!At or above 150 percent of the poverty level"
"S0701_C01_053E","Total!!Estimate!!HOUSING TENURE!!Population 1 year and over in housing units"
"S0701_C01_053M","Total!!Margin of Error!!HOUSING TENURE!!Population 1 year and over in housing units"
"S0701_C02_053E","Moved; within same county!!Estimate!!HOUSING TENURE!!Population 1 year and over in housing units"
"S0701_C02_053M","Moved; within same county!!Margin of Error!!HOUSING TENURE!!Population 1 year and over in housing units"
"S0701_C03_053E","Moved; from different county, same state!!Estimate!!HOUSING TENURE!!Population 1 year and over in housing units"
"S0701_C03_053M","Moved; from different county, same state!!Margin of Error!!HOUSING TENURE!!Population 1 year and over in housing units"
"S0701_C04_053E","Moved; from different  state!!Estimate!!HOUSING TENURE!!Population 1 year and over in housing units"
"S0701_C04_053M","Moved; from different  state!!Margin of Error!!HOUSING TENURE!!Population 1 year and over in housing units"
"S0701_C05_053E","Moved; from abroad!!Estimate!!HOUSING TENURE!!Population 1 year and over in housing units"
"S0701_C05_053M","Moved; from abroad!!Margin of Error!!HOUSING TENURE!!Population 1 year and over in housing units"
"S0701_C01_054E","Total!!Estimate!!HOUSING TENURE!!Population 1 year and over in housing units!!Householder lived in owner-occupied housing units"
"S0701_C01_054M","Total!!Margin of Error!!HOUSING TENURE!!Population 1 year and over in housing units!!Householder lived in owner-occupied housing units"
"S0701_C02_054E","Moved; within same county!!Estimate!!HOUSING TENURE!!Population 1 year and over in housing units!!Householder lived in owner-occupied housing units"
"S0701_C02_054M","Moved; within same county!!Margin of Error!!HOUSING TENURE!!Population 1 year and over in housing units!!Householder lived in owner-occupied housing units"
"S0701_C03_054E","Moved; from different county, same state!!Estimate!!HOUSING TENURE!!Population 1 year and over in housing units!!Householder lived in owner-occupied housing units"
"S0701_C03_054M","Moved; from different county, same state!!Margin of Error!!HOUSING TENURE!!Population 1 year and over in housing units!!Householder lived in owner-occupied housing units"
"S0701_C04_054E","Moved; from different  state!!Estimate!!HOUSING TENURE!!Population 1 year and over in housing units!!Householder lived in owner-occupied housing units"
"S0701_C04_054M","Moved; from different  state!!Margin of Error!!HOUSING TENURE!!Population 1 year and over in housing units!!Householder lived in owner-occupied housing units"
"S0701_C05_054E","Moved; from abroad!!Estimate!!HOUSING TENURE!!Population 1 year and over in housing units!!Householder lived in owner-occupied housing units"
"S0701_C05_054M","Moved; from abroad!!Margin of Error!!HOUSING TENURE!!Population 1 year and over in housing units!!Householder lived in owner-occupied housing units"
"S0701_C01_055E","Total!!Estimate!!HOUSING TENURE!!Population 1 year and over in housing units!!Householder lived in renter-occupied housing units"
"S0701_C01_055M","Total!!Margin of Error!!HOUSING TENURE!!Population 1 year and over in housing units!!Householder lived in renter-occupied housing units"
"S0701_C02_055E","Moved; within same county!!Estimate!!HOUSING TENURE!!Population 1 year and over in housing units!!Householder lived in renter-occupied housing units"
"S0701_C02_055M","Moved; within same county!!Margin of Error!!HOUSING TENURE!!Population 1 year and over in housing units!!Householder lived in renter-occupied housing units"
"S0701_C03_055E","Moved; from different county, same state!!Estimate!!HOUSING TENURE!!Population 1 year and over in housing units!!Householder lived in renter-occupied housing units"
"S0701_C03_055M","Moved; from different county, same state!!Margin of Error!!HOUSING TENURE!!Population 1 year and over in housing units!!Householder lived in renter-occupied housing units"
"S0701_C04_055E","Moved; from different  state!!Estimate!!HOUSING TENURE!!Population 1 year and over in housing units!!Householder lived in renter-occupied housing units"
"S0701_C04_055M","Moved; from different  state!!Margin of Error!!HOUSING TENURE!!Population 1 year and over in housing units!!Householder lived in renter-occupied housing units"
"S0701_C05_055E","Moved; from abroad!!Estimate!!HOUSING TENURE!!Population 1 year and over in housing units!!Householder lived in renter-occupied housing units"
"S0701_C05_055M","Moved; from abroad!!Margin of Error!!HOUSING TENURE!!Population 1 year and over in housing units!!Householder lived in renter-occupied housing units"
"S0701_C01_056E","Total!!Estimate!!PERCENT IMPUTED!!Residence 1 year ago"
"S0701_C01_056M","Total!!Margin of Error!!PERCENT IMPUTED!!Residence 1 year ago"
"S0701_C02_056E","Moved; within same county!!Estimate!!PERCENT IMPUTED!!Residence 1 year ago"
"S0701_C02_056M","Moved; within same county!!Margin of Error!!PERCENT IMPUTED!!Residence 1 year ago"
"S0701_C03_056E","Moved; from different county, same state!!Estimate!!PERCENT IMPUTED!!Residence 1 year ago"
"S0701_C03_056M","Moved; from different county, same state!!Margin of Error!!PERCENT IMPUTED!!Residence 1 year ago"
"S0701_C04_056E","Moved; from different  state!!Estimate!!PERCENT IMPUTED!!Residence 1 year ago"
"S0701_C04_056M","Moved; from different  state!!Margin of Error!!PERCENT IMPUTED!!Residence 1 year ago"
"S0701_C05_056E","Moved; from abroad!!Estimate!!PERCENT IMPUTED!!Residence 1 year ago"
"S0701_C05_056M","Moved; from abroad!!Margin of Error!!PERCENT IMPUTED!!Residence 1 year ago"
