"Column Name","Label"
"GEO_ID","Geography"
"NAME","Geographic Area Name"
"S0701_C01_001E","Estimate!!Total!!Population 1 year and over"
"S0701_C01_001M","Margin of Error!!Total MOE!!Population 1 year and over"
"S0701_C01_002E","Estimate!!Total!!Population 1 year and over!!AGE!!1 to 4 years"
"S0701_C01_002M","Margin of Error!!Total MOE!!Population 1 year and over!!AGE!!1 to 4 years"
"S0701_C01_003E","Estimate!!Total!!Population 1 year and over!!AGE!!5 to 17 years"
"S0701_C01_003M","Margin of Error!!Total MOE!!Population 1 year and over!!AGE!!5 to 17 years"
"S0701_C01_004E","Estimate!!Total!!Population 1 year and over!!AGE!!18 to 24 years"
"S0701_C01_004M","Margin of Error!!Total MOE!!Population 1 year and over!!AGE!!18 to 24 years"
"S0701_C01_005E","Estimate!!Total!!Population 1 year and over!!AGE!!25 to 34 years"
"S0701_C01_005M","Margin of Error!!Total MOE!!Population 1 year and over!!AGE!!25 to 34 years"
"S0701_C01_006E","Estimate!!Total!!Population 1 year and over!!AGE!!35 to 44 years"
"S0701_C01_006M","Margin of Error!!Total MOE!!Population 1 year and over!!AGE!!35 to 44 years"
"S0701_C01_007E","Estimate!!Total!!Population 1 year and over!!AGE!!45 to 54 years"
"S0701_C01_007M","Margin of Error!!Total MOE!!Population 1 year and over!!AGE!!45 to 54 years"
"S0701_C01_008E","Estimate!!Total!!Population 1 year and over!!AGE!!55 to 64 years"
"S0701_C01_008M","Margin of Error!!Total MOE!!Population 1 year and over!!AGE!!55 to 64 years"
"S0701_C01_009E","Estimate!!Total!!Population 1 year and over!!AGE!!65 to 74 years"
"S0701_C01_009M","Margin of Error!!Total MOE!!Population 1 year and over!!AGE!!65 to 74 years"
"S0701_C01_010E","Estimate!!Total!!Population 1 year and over!!AGE!!75 years and over"
"S0701_C01_010M","Margin of Error!!Total MOE!!Population 1 year and over!!AGE!!75 years and over"
"S0701_C01_011E","Estimate!!Total!!Population 1 year and over!!AGE!!Median age (years)"
"S0701_C01_011M","Margin of Error!!Total MOE!!Population 1 year and over!!AGE!!Median age (years)"
"S0701_C01_012E","Estimate!!Total!!Population 1 year and over!!SEX!!Male"
"S0701_C01_012M","Margin of Error!!Total MOE!!Population 1 year and over!!SEX!!Male"
"S0701_C01_013E","Estimate!!Total!!Population 1 year and over!!SEX!!Female"
"S0701_C01_013M","Margin of Error!!Total MOE!!Population 1 year and over!!SEX!!Female"
"S0701_C01_014E","Estimate!!Total!!Population 1 year and over!!RACE AND HISPANIC OR LATINO ORIGIN!!One race"
"S0701_C01_014M","Margin of Error!!Total MOE!!Population 1 year and over!!RACE AND HISPANIC OR LATINO ORIGIN!!One race"
"S0701_C01_015E","Estimate!!Total!!Population 1 year and over!!RACE AND HISPANIC OR LATINO ORIGIN!!One race!!White"
"S0701_C01_015M","Margin of Error!!Total MOE!!Population 1 year and over!!RACE AND HISPANIC OR LATINO ORIGIN!!One race!!White"
"S0701_C01_016E","Estimate!!Total!!Population 1 year and over!!RACE AND HISPANIC OR LATINO ORIGIN!!One race!!Black or African American"
"S0701_C01_016M","Margin of Error!!Total MOE!!Population 1 year and over!!RACE AND HISPANIC OR LATINO ORIGIN!!One race!!Black or African American"
"S0701_C01_017E","Estimate!!Total!!Population 1 year and over!!RACE AND HISPANIC OR LATINO ORIGIN!!One race!!American Indian and Alaska Native"
"S0701_C01_017M","Margin of Error!!Total MOE!!Population 1 year and over!!RACE AND HISPANIC OR LATINO ORIGIN!!One race!!American Indian and Alaska Native"
"S0701_C01_018E","Estimate!!Total!!Population 1 year and over!!RACE AND HISPANIC OR LATINO ORIGIN!!One race!!Asian"
"S0701_C01_018M","Margin of Error!!Total MOE!!Population 1 year and over!!RACE AND HISPANIC OR LATINO ORIGIN!!One race!!Asian"
"S0701_C01_019E","Estimate!!Total!!Population 1 year and over!!RACE AND HISPANIC OR LATINO ORIGIN!!One race!!Native Hawaiian and Other Pacific Islander"
"S0701_C01_019M","Margin of Error!!Total MOE!!Population 1 year and over!!RACE AND HISPANIC OR LATINO ORIGIN!!One race!!Native Hawaiian and Other Pacific Islander"
"S0701_C01_020E","Estimate!!Total!!Population 1 year and over!!RACE AND HISPANIC OR LATINO ORIGIN!!One race!!Some other race"
"S0701_C01_020M","Margin of Error!!Total MOE!!Population 1 year and over!!RACE AND HISPANIC OR LATINO ORIGIN!!One race!!Some other race"
"S0701_C01_021E","Estimate!!Total!!Population 1 year and over!!RACE AND HISPANIC OR LATINO ORIGIN!!Two or more races"
"S0701_C01_021M","Margin of Error!!Total MOE!!Population 1 year and over!!RACE AND HISPANIC OR LATINO ORIGIN!!Two or more races"
"S0701_C01_022E","Estimate!!Total!!Population 1 year and over!!RACE AND HISPANIC OR LATINO ORIGIN!!Hispanic or Latino origin (of any race)"
"S0701_C01_022M","Margin of Error!!Total MOE!!Population 1 year and over!!RACE AND HISPANIC OR LATINO ORIGIN!!Hispanic or Latino origin (of any race)"
"S0701_C01_023E","Estimate!!Total!!Population 1 year and over!!RACE AND HISPANIC OR LATINO ORIGIN!!White alone, not Hispanic or Latino"
"S0701_C01_023M","Margin of Error!!Total MOE!!Population 1 year and over!!RACE AND HISPANIC OR LATINO ORIGIN!!White alone, not Hispanic or Latino"
"S0701_C01_024E","Estimate!!Total!!Population 1 year and over!!NATIVITY AND CITIZENSHIP STATUS!!Native"
"S0701_C01_024M","Margin of Error!!Total MOE!!Population 1 year and over!!NATIVITY AND CITIZENSHIP STATUS!!Native"
"S0701_C01_025E","Estimate!!Total!!Population 1 year and over!!NATIVITY AND CITIZENSHIP STATUS!!Foreign born"
"S0701_C01_025M","Margin of Error!!Total MOE!!Population 1 year and over!!NATIVITY AND CITIZENSHIP STATUS!!Foreign born"
"S0701_C01_026E","Estimate!!Total!!Population 1 year and over!!NATIVITY AND CITIZENSHIP STATUS!!Foreign born!!Naturalized U.S. citizen"
"S0701_C01_026M","Margin of Error!!Total MOE!!Population 1 year and over!!NATIVITY AND CITIZENSHIP STATUS!!Foreign born!!Naturalized U.S. citizen"
"S0701_C01_027E","Estimate!!Total!!Population 1 year and over!!NATIVITY AND CITIZENSHIP STATUS!!Foreign born!!Not a U.S. citizen"
"S0701_C01_027M","Margin of Error!!Total MOE!!Population 1 year and over!!NATIVITY AND CITIZENSHIP STATUS!!Foreign born!!Not a U.S. citizen"
"S0701_C01_028E","Estimate!!Total!!MARITAL STATUS!!Population 15 years and over"
"S0701_C01_028M","Margin of Error!!Total MOE!!MARITAL STATUS!!Population 15 years and over"
"S0701_C01_029E","Estimate!!Total!!MARITAL STATUS!!Population 15 years and over!!Never married"
"S0701_C01_029M","Margin of Error!!Total MOE!!MARITAL STATUS!!Population 15 years and over!!Never married"
"S0701_C01_030E","Estimate!!Total!!MARITAL STATUS!!Population 15 years and over!!Now married, except separated"
"S0701_C01_030M","Margin of Error!!Total MOE!!MARITAL STATUS!!Population 15 years and over!!Now married, except separated"
"S0701_C01_031E","Estimate!!Total!!MARITAL STATUS!!Population 15 years and over!!Divorced or separated"
"S0701_C01_031M","Margin of Error!!Total MOE!!MARITAL STATUS!!Population 15 years and over!!Divorced or separated"
"S0701_C01_032E","Estimate!!Total!!MARITAL STATUS!!Population 15 years and over!!Widowed"
"S0701_C01_032M","Margin of Error!!Total MOE!!MARITAL STATUS!!Population 15 years and over!!Widowed"
"S0701_C01_033E","Estimate!!Total!!EDUCATIONAL ATTAINMENT!!Population 25 years and over"
"S0701_C01_033M","Margin of Error!!Total MOE!!EDUCATIONAL ATTAINMENT!!Population 25 years and over"
"S0701_C01_034E","Estimate!!Total!!EDUCATIONAL ATTAINMENT!!Population 25 years and over!!Less than high school graduate"
"S0701_C01_034M","Margin of Error!!Total MOE!!EDUCATIONAL ATTAINMENT!!Population 25 years and over!!Less than high school graduate"
"S0701_C01_035E","Estimate!!Total!!EDUCATIONAL ATTAINMENT!!Population 25 years and over!!High school graduate (includes equivalency)"
"S0701_C01_035M","Margin of Error!!Total MOE!!EDUCATIONAL ATTAINMENT!!Population 25 years and over!!High school graduate (includes equivalency)"
"S0701_C01_036E","Estimate!!Total!!EDUCATIONAL ATTAINMENT!!Population 25 years and over!!Some college or associate's degree"
"S0701_C01_036M","Margin of Error!!Total MOE!!EDUCATIONAL ATTAINMENT!!Population 25 years and over!!Some college or associate's degree"
"S0701_C01_037E","Estimate!!Total!!EDUCATIONAL ATTAINMENT!!Population 25 years and over!!Bachelor's degree"
"S0701_C01_037M","Margin of Error!!Total MOE!!EDUCATIONAL ATTAINMENT!!Population 25 years and over!!Bachelor's degree"
"S0701_C01_038E","Estimate!!Total!!EDUCATIONAL ATTAINMENT!!Population 25 years and over!!Graduate or professional degree"
"S0701_C01_038M","Margin of Error!!Total MOE!!EDUCATIONAL ATTAINMENT!!Population 25 years and over!!Graduate or professional degree"
"S0701_C01_039E","Estimate!!Total!!INDIVIDUAL INCOME IN THE PAST 12 MONTHS (IN 2017 INFLATION-ADJUSTED DOLLARS)!!Population 15 years and over"
"S0701_C01_039M","Margin of Error!!Total MOE!!INDIVIDUAL INCOME IN THE PAST 12 MONTHS (IN 2017 INFLATION-ADJUSTED DOLLARS)!!Population 15 years and over"
"S0701_C01_040E","Estimate!!Total!!INDIVIDUAL INCOME IN THE PAST 12 MONTHS (IN 2017 INFLATION-ADJUSTED DOLLARS)!!Population 15 years and over!!$1 to $9,999 or loss"
"S0701_C01_040M","Margin of Error!!Total MOE!!INDIVIDUAL INCOME IN THE PAST 12 MONTHS (IN 2017 INFLATION-ADJUSTED DOLLARS)!!Population 15 years and over!!$1 to $9,999 or loss"
"S0701_C01_041E","Estimate!!Total!!INDIVIDUAL INCOME IN THE PAST 12 MONTHS (IN 2017 INFLATION-ADJUSTED DOLLARS)!!Population 15 years and over!!$10,000 to $14,999"
"S0701_C01_041M","Margin of Error!!Total MOE!!INDIVIDUAL INCOME IN THE PAST 12 MONTHS (IN 2017 INFLATION-ADJUSTED DOLLARS)!!Population 15 years and over!!$10,000 to $14,999"
"S0701_C01_042E","Estimate!!Total!!INDIVIDUAL INCOME IN THE PAST 12 MONTHS (IN 2017 INFLATION-ADJUSTED DOLLARS)!!Population 15 years and over!!$15,000 to $24,999"
"S0701_C01_042M","Margin of Error!!Total MOE!!INDIVIDUAL INCOME IN THE PAST 12 MONTHS (IN 2017 INFLATION-ADJUSTED DOLLARS)!!Population 15 years and over!!$15,000 to $24,999"
"S0701_C01_043E","Estimate!!Total!!INDIVIDUAL INCOME IN THE PAST 12 MONTHS (IN 2017 INFLATION-ADJUSTED DOLLARS)!!Population 15 years and over!!$25,000 to $34,999"
"S0701_C01_043M","Margin of Error!!Total MOE!!INDIVIDUAL INCOME IN THE PAST 12 MONTHS (IN 2017 INFLATION-ADJUSTED DOLLARS)!!Population 15 years and over!!$25,000 to $34,999"
"S0701_C01_044E","Estimate!!Total!!INDIVIDUAL INCOME IN THE PAST 12 MONTHS (IN 2017 INFLATION-ADJUSTED DOLLARS)!!Population 15 years and over!!$35,000 to $49,999"
"S0701_C01_044M","Margin of Error!!Total MOE!!INDIVIDUAL INCOME IN THE PAST 12 MONTHS (IN 2017 INFLATION-ADJUSTED DOLLARS)!!Population 15 years and over!!$35,000 to $49,999"
"S0701_C01_045E","Estimate!!Total!!INDIVIDUAL INCOME IN THE PAST 12 MONTHS (IN 2017 INFLATION-ADJUSTED DOLLARS)!!Population 15 years and over!!$50,000 to $64,999"
"S0701_C01_045M","Margin of Error!!Total MOE!!INDIVIDUAL INCOME IN THE PAST 12 MONTHS (IN 2017 INFLATION-ADJUSTED DOLLARS)!!Population 15 years and over!!$50,000 to $64,999"
"S0701_C01_046E","Estimate!!Total!!INDIVIDUAL INCOME IN THE PAST 12 MONTHS (IN 2017 INFLATION-ADJUSTED DOLLARS)!!Population 15 years and over!!$65,000 to $74,999"
"S0701_C01_046M","Margin of Error!!Total MOE!!INDIVIDUAL INCOME IN THE PAST 12 MONTHS (IN 2017 INFLATION-ADJUSTED DOLLARS)!!Population 15 years and over!!$65,000 to $74,999"
"S0701_C01_047E","Estimate!!Total!!INDIVIDUAL INCOME IN THE PAST 12 MONTHS (IN 2017 INFLATION-ADJUSTED DOLLARS)!!Population 15 years and over!!$75,000 or more"
"S0701_C01_047M","Margin of Error!!Total MOE!!INDIVIDUAL INCOME IN THE PAST 12 MONTHS (IN 2017 INFLATION-ADJUSTED DOLLARS)!!Population 15 years and over!!$75,000 or more"
"S0701_C01_048E","Estimate!!Total!!INDIVIDUAL INCOME IN THE PAST 12 MONTHS (IN 2017 INFLATION-ADJUSTED DOLLARS)!!Population 15 years and over!!Median income (dollars)"
"S0701_C01_048M","Margin of Error!!Total MOE!!INDIVIDUAL INCOME IN THE PAST 12 MONTHS (IN 2017 INFLATION-ADJUSTED DOLLARS)!!Population 15 years and over!!Median income (dollars)"
"S0701_C01_049E","Estimate!!Total!!POVERTY STATUS IN THE PAST 12 MONTHS!!Population 1 year and over for whom poverty status is determined"
"S0701_C01_049M","Margin of Error!!Total MOE!!POVERTY STATUS IN THE PAST 12 MONTHS!!Population 1 year and over for whom poverty status is determined"
"S0701_C01_050E","Estimate!!Total!!POVERTY STATUS IN THE PAST 12 MONTHS!!Population 1 year and over for whom poverty status is determined!!Below 100 percent of the poverty level"
"S0701_C01_050M","Margin of Error!!Total MOE!!POVERTY STATUS IN THE PAST 12 MONTHS!!Population 1 year and over for whom poverty status is determined!!Below 100 percent of the poverty level"
"S0701_C01_051E","Estimate!!Total!!POVERTY STATUS IN THE PAST 12 MONTHS!!Population 1 year and over for whom poverty status is determined!!100 to 149 percent of the poverty level"
"S0701_C01_051M","Margin of Error!!Total MOE!!POVERTY STATUS IN THE PAST 12 MONTHS!!Population 1 year and over for whom poverty status is determined!!100 to 149 percent of the poverty level"
"S0701_C01_052E","Estimate!!Total!!POVERTY STATUS IN THE PAST 12 MONTHS!!Population 1 year and over for whom poverty status is determined!!At or above 150 percent of the poverty level"
"S0701_C01_052M","Margin of Error!!Total MOE!!POVERTY STATUS IN THE PAST 12 MONTHS!!Population 1 year and over for whom poverty status is determined!!At or above 150 percent of the poverty level"
"S0701_C01_053E","Estimate!!Total!!HOUSING TENURE!!Population 1 year and over in housing units"
"S0701_C01_053M","Margin of Error!!Total MOE!!HOUSING TENURE!!Population 1 year and over in housing units"
"S0701_C01_054E","Estimate!!Total!!HOUSING TENURE!!Population 1 year and over in housing units!!Householder lived in owner-occupied housing units"
"S0701_C01_054M","Margin of Error!!Total MOE!!HOUSING TENURE!!Population 1 year and over in housing units!!Householder lived in owner-occupied housing units"
"S0701_C01_055E","Estimate!!Total!!HOUSING TENURE!!Population 1 year and over in housing units!!Householder lived in renter-occupied housing units"
"S0701_C01_055M","Margin of Error!!Total MOE!!HOUSING TENURE!!Population 1 year and over in housing units!!Householder lived in renter-occupied housing units"
"S0701_C01_056E","Estimate!!Total!!PERCENT ALLOCATED!!Residence 1 year ago"
"S0701_C01_056M","Margin of Error!!Total MOE!!PERCENT ALLOCATED!!Residence 1 year ago"
"S0701_C02_001E","Estimate!!Moved; within same county!!Population 1 year and over"
"S0701_C02_001M","Margin of Error!!Moved; within same county MOE!!Population 1 year and over"
"S0701_C02_002E","Estimate!!Moved; within same county!!Population 1 year and over!!AGE!!1 to 4 years"
"S0701_C02_002M","Margin of Error!!Moved; within same county MOE!!Population 1 year and over!!AGE!!1 to 4 years"
"S0701_C02_003E","Estimate!!Moved; within same county!!Population 1 year and over!!AGE!!5 to 17 years"
"S0701_C02_003M","Margin of Error!!Moved; within same county MOE!!Population 1 year and over!!AGE!!5 to 17 years"
"S0701_C02_004E","Estimate!!Moved; within same county!!Population 1 year and over!!AGE!!18 to 24 years"
"S0701_C02_004M","Margin of Error!!Moved; within same county MOE!!Population 1 year and over!!AGE!!18 to 24 years"
"S0701_C02_005E","Estimate!!Moved; within same county!!Population 1 year and over!!AGE!!25 to 34 years"
"S0701_C02_005M","Margin of Error!!Moved; within same county MOE!!Population 1 year and over!!AGE!!25 to 34 years"
"S0701_C02_006E","Estimate!!Moved; within same county!!Population 1 year and over!!AGE!!35 to 44 years"
"S0701_C02_006M","Margin of Error!!Moved; within same county MOE!!Population 1 year and over!!AGE!!35 to 44 years"
"S0701_C02_007E","Estimate!!Moved; within same county!!Population 1 year and over!!AGE!!45 to 54 years"
"S0701_C02_007M","Margin of Error!!Moved; within same county MOE!!Population 1 year and over!!AGE!!45 to 54 years"
"S0701_C02_008E","Estimate!!Moved; within same county!!Population 1 year and over!!AGE!!55 to 64 years"
"S0701_C02_008M","Margin of Error!!Moved; within same county MOE!!Population 1 year and over!!AGE!!55 to 64 years"
"S0701_C02_009E","Estimate!!Moved; within same county!!Population 1 year and over!!AGE!!65 to 74 years"
"S0701_C02_009M","Margin of Error!!Moved; within same county MOE!!Population 1 year and over!!AGE!!65 to 74 years"
"S0701_C02_010E","Estimate!!Moved; within same county!!Population 1 year and over!!AGE!!75 years and over"
"S0701_C02_010M","Margin of Error!!Moved; within same county MOE!!Population 1 year and over!!AGE!!75 years and over"
"S0701_C02_011E","Estimate!!Moved; within same county!!Population 1 year and over!!AGE!!Median age (years)"
"S0701_C02_011M","Margin of Error!!Moved; within same county MOE!!Population 1 year and over!!AGE!!Median age (years)"
"S0701_C02_012E","Estimate!!Moved; within same county!!Population 1 year and over!!SEX!!Male"
"S0701_C02_012M","Margin of Error!!Moved; within same county MOE!!Population 1 year and over!!SEX!!Male"
"S0701_C02_013E","Estimate!!Moved; within same county!!Population 1 year and over!!SEX!!Female"
"S0701_C02_013M","Margin of Error!!Moved; within same county MOE!!Population 1 year and over!!SEX!!Female"
"S0701_C02_014E","Estimate!!Moved; within same county!!Population 1 year and over!!RACE AND HISPANIC OR LATINO ORIGIN!!One race"
"S0701_C02_014M","Margin of Error!!Moved; within same county MOE!!Population 1 year and over!!RACE AND HISPANIC OR LATINO ORIGIN!!One race"
"S0701_C02_015E","Estimate!!Moved; within same county!!Population 1 year and over!!RACE AND HISPANIC OR LATINO ORIGIN!!One race!!White"
"S0701_C02_015M","Margin of Error!!Moved; within same county MOE!!Population 1 year and over!!RACE AND HISPANIC OR LATINO ORIGIN!!One race!!White"
"S0701_C02_016E","Estimate!!Moved; within same county!!Population 1 year and over!!RACE AND HISPANIC OR LATINO ORIGIN!!One race!!Black or African American"
"S0701_C02_016M","Margin of Error!!Moved; within same county MOE!!Population 1 year and over!!RACE AND HISPANIC OR LATINO ORIGIN!!One race!!Black or African American"
"S0701_C02_017E","Estimate!!Moved; within same county!!Population 1 year and over!!RACE AND HISPANIC OR LATINO ORIGIN!!One race!!American Indian and Alaska Native"
"S0701_C02_017M","Margin of Error!!Moved; within same county MOE!!Population 1 year and over!!RACE AND HISPANIC OR LATINO ORIGIN!!One race!!American Indian and Alaska Native"
"S0701_C02_018E","Estimate!!Moved; within same county!!Population 1 year and over!!RACE AND HISPANIC OR LATINO ORIGIN!!One race!!Asian"
"S0701_C02_018M","Margin of Error!!Moved; within same county MOE!!Population 1 year and over!!RACE AND HISPANIC OR LATINO ORIGIN!!One race!!Asian"
"S0701_C02_019E","Estimate!!Moved; within same county!!Population 1 year and over!!RACE AND HISPANIC OR LATINO ORIGIN!!One race!!Native Hawaiian and Other Pacific Islander"
"S0701_C02_019M","Margin of Error!!Moved; within same county MOE!!Population 1 year and over!!RACE AND HISPANIC OR LATINO ORIGIN!!One race!!Native Hawaiian and Other Pacific Islander"
"S0701_C02_020E","Estimate!!Moved; within same county!!Population 1 year and over!!RACE AND HISPANIC OR LATINO ORIGIN!!One race!!Some other race"
"S0701_C02_020M","Margin of Error!!Moved; within same county MOE!!Population 1 year and over!!RACE AND HISPANIC OR LATINO ORIGIN!!One race!!Some other race"
"S0701_C02_021E","Estimate!!Moved; within same county!!Population 1 year and over!!RACE AND HISPANIC OR LATINO ORIGIN!!Two or more races"
"S0701_C02_021M","Margin of Error!!Moved; within same county MOE!!Population 1 year and over!!RACE AND HISPANIC OR LATINO ORIGIN!!Two or more races"
"S0701_C02_022E","Estimate!!Moved; within same county!!Population 1 year and over!!RACE AND HISPANIC OR LATINO ORIGIN!!Hispanic or Latino origin (of any race)"
"S0701_C02_022M","Margin of Error!!Moved; within same county MOE!!Population 1 year and over!!RACE AND HISPANIC OR LATINO ORIGIN!!Hispanic or Latino origin (of any race)"
"S0701_C02_023E","Estimate!!Moved; within same county!!Population 1 year and over!!RACE AND HISPANIC OR LATINO ORIGIN!!White alone, not Hispanic or Latino"
"S0701_C02_023M","Margin of Error!!Moved; within same county MOE!!Population 1 year and over!!RACE AND HISPANIC OR LATINO ORIGIN!!White alone, not Hispanic or Latino"
"S0701_C02_024E","Estimate!!Moved; within same county!!Population 1 year and over!!NATIVITY AND CITIZENSHIP STATUS!!Native"
"S0701_C02_024M","Margin of Error!!Moved; within same county MOE!!Population 1 year and over!!NATIVITY AND CITIZENSHIP STATUS!!Native"
"S0701_C02_025E","Estimate!!Moved; within same county!!Population 1 year and over!!NATIVITY AND CITIZENSHIP STATUS!!Foreign born"
"S0701_C02_025M","Margin of Error!!Moved; within same county MOE!!Population 1 year and over!!NATIVITY AND CITIZENSHIP STATUS!!Foreign born"
"S0701_C02_026E","Estimate!!Moved; within same county!!Population 1 year and over!!NATIVITY AND CITIZENSHIP STATUS!!Foreign born!!Naturalized U.S. citizen"
"S0701_C02_026M","Margin of Error!!Moved; within same county MOE!!Population 1 year and over!!NATIVITY AND CITIZENSHIP STATUS!!Foreign born!!Naturalized U.S. citizen"
"S0701_C02_027E","Estimate!!Moved; within same county!!Population 1 year and over!!NATIVITY AND CITIZENSHIP STATUS!!Foreign born!!Not a U.S. citizen"
"S0701_C02_027M","Margin of Error!!Moved; within same county MOE!!Population 1 year and over!!NATIVITY AND CITIZENSHIP STATUS!!Foreign born!!Not a U.S. citizen"
"S0701_C02_028E","Estimate!!Moved; within same county!!MARITAL STATUS!!Population 15 years and over"
"S0701_C02_028M","Margin of Error!!Moved; within same county MOE!!MARITAL STATUS!!Population 15 years and over"
"S0701_C02_029E","Estimate!!Moved; within same county!!MARITAL STATUS!!Population 15 years and over!!Never married"
"S0701_C02_029M","Margin of Error!!Moved; within same county MOE!!MARITAL STATUS!!Population 15 years and over!!Never married"
"S0701_C02_030E","Estimate!!Moved; within same county!!MARITAL STATUS!!Population 15 years and over!!Now married, except separated"
"S0701_C02_030M","Margin of Error!!Moved; within same county MOE!!MARITAL STATUS!!Population 15 years and over!!Now married, except separated"
"S0701_C02_031E","Estimate!!Moved; within same county!!MARITAL STATUS!!Population 15 years and over!!Divorced or separated"
"S0701_C02_031M","Margin of Error!!Moved; within same county MOE!!MARITAL STATUS!!Population 15 years and over!!Divorced or separated"
"S0701_C02_032E","Estimate!!Moved; within same county!!MARITAL STATUS!!Population 15 years and over!!Widowed"
"S0701_C02_032M","Margin of Error!!Moved; within same county MOE!!MARITAL STATUS!!Population 15 years and over!!Widowed"
"S0701_C02_033E","Estimate!!Moved; within same county!!EDUCATIONAL ATTAINMENT!!Population 25 years and over"
"S0701_C02_033M","Margin of Error!!Moved; within same county MOE!!EDUCATIONAL ATTAINMENT!!Population 25 years and over"
"S0701_C02_034E","Estimate!!Moved; within same county!!EDUCATIONAL ATTAINMENT!!Population 25 years and over!!Less than high school graduate"
"S0701_C02_034M","Margin of Error!!Moved; within same county MOE!!EDUCATIONAL ATTAINMENT!!Population 25 years and over!!Less than high school graduate"
"S0701_C02_035E","Estimate!!Moved; within same county!!EDUCATIONAL ATTAINMENT!!Population 25 years and over!!High school graduate (includes equivalency)"
"S0701_C02_035M","Margin of Error!!Moved; within same county MOE!!EDUCATIONAL ATTAINMENT!!Population 25 years and over!!High school graduate (includes equivalency)"
"S0701_C02_036E","Estimate!!Moved; within same county!!EDUCATIONAL ATTAINMENT!!Population 25 years and over!!Some college or associate's degree"
"S0701_C02_036M","Margin of Error!!Moved; within same county MOE!!EDUCATIONAL ATTAINMENT!!Population 25 years and over!!Some college or associate's degree"
"S0701_C02_037E","Estimate!!Moved; within same county!!EDUCATIONAL ATTAINMENT!!Population 25 years and over!!Bachelor's degree"
"S0701_C02_037M","Margin of Error!!Moved; within same county MOE!!EDUCATIONAL ATTAINMENT!!Population 25 years and over!!Bachelor's degree"
"S0701_C02_038E","Estimate!!Moved; within same county!!EDUCATIONAL ATTAINMENT!!Population 25 years and over!!Graduate or professional degree"
"S0701_C02_038M","Margin of Error!!Moved; within same county MOE!!EDUCATIONAL ATTAINMENT!!Population 25 years and over!!Graduate or professional degree"
"S0701_C02_039E","Estimate!!Moved; within same county!!INDIVIDUAL INCOME IN THE PAST 12 MONTHS (IN 2017 INFLATION-ADJUSTED DOLLARS)!!Population 15 years and over"
"S0701_C02_039M","Margin of Error!!Moved; within same county MOE!!INDIVIDUAL INCOME IN THE PAST 12 MONTHS (IN 2017 INFLATION-ADJUSTED DOLLARS)!!Population 15 years and over"
"S0701_C02_040E","Estimate!!Moved; within same county!!INDIVIDUAL INCOME IN THE PAST 12 MONTHS (IN 2017 INFLATION-ADJUSTED DOLLARS)!!Population 15 years and over!!$1 to $9,999 or loss"
"S0701_C02_040M","Margin of Error!!Moved; within same county MOE!!INDIVIDUAL INCOME IN THE PAST 12 MONTHS (IN 2017 INFLATION-ADJUSTED DOLLARS)!!Population 15 years and over!!$1 to $9,999 or loss"
"S0701_C02_041E","Estimate!!Moved; within same county!!INDIVIDUAL INCOME IN THE PAST 12 MONTHS (IN 2017 INFLATION-ADJUSTED DOLLARS)!!Population 15 years and over!!$10,000 to $14,999"
"S0701_C02_041M","Margin of Error!!Moved; within same county MOE!!INDIVIDUAL INCOME IN THE PAST 12 MONTHS (IN 2017 INFLATION-ADJUSTED DOLLARS)!!Population 15 years and over!!$10,000 to $14,999"
"S0701_C02_042E","Estimate!!Moved; within same county!!INDIVIDUAL INCOME IN THE PAST 12 MONTHS (IN 2017 INFLATION-ADJUSTED DOLLARS)!!Population 15 years and over!!$15,000 to $24,999"
"S0701_C02_042M","Margin of Error!!Moved; within same county MOE!!INDIVIDUAL INCOME IN THE PAST 12 MONTHS (IN 2017 INFLATION-ADJUSTED DOLLARS)!!Population 15 years and over!!$15,000 to $24,999"
"S0701_C02_043E","Estimate!!Moved; within same county!!INDIVIDUAL INCOME IN THE PAST 12 MONTHS (IN 2017 INFLATION-ADJUSTED DOLLARS)!!Population 15 years and over!!$25,000 to $34,999"
"S0701_C02_043M","Margin of Error!!Moved; within same county MOE!!INDIVIDUAL INCOME IN THE PAST 12 MONTHS (IN 2017 INFLATION-ADJUSTED DOLLARS)!!Population 15 years and over!!$25,000 to $34,999"
"S0701_C02_044E","Estimate!!Moved; within same county!!INDIVIDUAL INCOME IN THE PAST 12 MONTHS (IN 2017 INFLATION-ADJUSTED DOLLARS)!!Population 15 years and over!!$35,000 to $49,999"
"S0701_C02_044M","Margin of Error!!Moved; within same county MOE!!INDIVIDUAL INCOME IN THE PAST 12 MONTHS (IN 2017 INFLATION-ADJUSTED DOLLARS)!!Population 15 years and over!!$35,000 to $49,999"
"S0701_C02_045E","Estimate!!Moved; within same county!!INDIVIDUAL INCOME IN THE PAST 12 MONTHS (IN 2017 INFLATION-ADJUSTED DOLLARS)!!Population 15 years and over!!$50,000 to $64,999"
"S0701_C02_045M","Margin of Error!!Moved; within same county MOE!!INDIVIDUAL INCOME IN THE PAST 12 MONTHS (IN 2017 INFLATION-ADJUSTED DOLLARS)!!Population 15 years and over!!$50,000 to $64,999"
"S0701_C02_046E","Estimate!!Moved; within same county!!INDIVIDUAL INCOME IN THE PAST 12 MONTHS (IN 2017 INFLATION-ADJUSTED DOLLARS)!!Population 15 years and over!!$65,000 to $74,999"
"S0701_C02_046M","Margin of Error!!Moved; within same county MOE!!INDIVIDUAL INCOME IN THE PAST 12 MONTHS (IN 2017 INFLATION-ADJUSTED DOLLARS)!!Population 15 years and over!!$65,000 to $74,999"
"S0701_C02_047E","Estimate!!Moved; within same county!!INDIVIDUAL INCOME IN THE PAST 12 MONTHS (IN 2017 INFLATION-ADJUSTED DOLLARS)!!Population 15 years and over!!$75,000 or more"
"S0701_C02_047M","Margin of Error!!Moved; within same county MOE!!INDIVIDUAL INCOME IN THE PAST 12 MONTHS (IN 2017 INFLATION-ADJUSTED DOLLARS)!!Population 15 years and over!!$75,000 or more"
"S0701_C02_048E","Estimate!!Moved; within same county!!INDIVIDUAL INCOME IN THE PAST 12 MONTHS (IN 2017 INFLATION-ADJUSTED DOLLARS)!!Population 15 years and over!!Median income (dollars)"
"S0701_C02_048M","Margin of Error!!Moved; within same county MOE!!INDIVIDUAL INCOME IN THE PAST 12 MONTHS (IN 2017 INFLATION-ADJUSTED DOLLARS)!!Population 15 years and over!!Median income (dollars)"
"S0701_C02_049E","Estimate!!Moved; within same county!!POVERTY STATUS IN THE PAST 12 MONTHS!!Population 1 year and over for whom poverty status is determined"
"S0701_C02_049M","Margin of Error!!Moved; within same county MOE!!POVERTY STATUS IN THE PAST 12 MONTHS!!Population 1 year and over for whom poverty status is determined"
"S0701_C02_050E","Estimate!!Moved; within same county!!POVERTY STATUS IN THE PAST 12 MONTHS!!Population 1 year and over for whom poverty status is determined!!Below 100 percent of the poverty level"
"S0701_C02_050M","Margin of Error!!Moved; within same county MOE!!POVERTY STATUS IN THE PAST 12 MONTHS!!Population 1 year and over for whom poverty status is determined!!Below 100 percent of the poverty level"
"S0701_C02_051E","Estimate!!Moved; within same county!!POVERTY STATUS IN THE PAST 12 MONTHS!!Population 1 year and over for whom poverty status is determined!!100 to 149 percent of the poverty level"
"S0701_C02_051M","Margin of Error!!Moved; within same county MOE!!POVERTY STATUS IN THE PAST 12 MONTHS!!Population 1 year and over for whom poverty status is determined!!100 to 149 percent of the poverty level"
"S0701_C02_052E","Estimate!!Moved; within same county!!POVERTY STATUS IN THE PAST 12 MONTHS!!Population 1 year and over for whom poverty status is determined!!At or above 150 percent of the poverty level"
"S0701_C02_052M","Margin of Error!!Moved; within same county MOE!!POVERTY STATUS IN THE PAST 12 MONTHS!!Population 1 year and over for whom poverty status is determined!!At or above 150 percent of the poverty level"
"S0701_C02_053E","Estimate!!Moved; within same county!!HOUSING TENURE!!Population 1 year and over in housing units"
"S0701_C02_053M","Margin of Error!!Moved; within same county MOE!!HOUSING TENURE!!Population 1 year and over in housing units"
"S0701_C02_054E","Estimate!!Moved; within same county!!HOUSING TENURE!!Population 1 year and over in housing units!!Householder lived in owner-occupied housing units"
"S0701_C02_054M","Margin of Error!!Moved; within same county MOE!!HOUSING TENURE!!Population 1 year and over in housing units!!Householder lived in owner-occupied housing units"
"S0701_C02_055E","Estimate!!Moved; within same county!!HOUSING TENURE!!Population 1 year and over in housing units!!Householder lived in renter-occupied housing units"
"S0701_C02_055M","Margin of Error!!Moved; within same county MOE!!HOUSING TENURE!!Population 1 year and over in housing units!!Householder lived in renter-occupied housing units"
"S0701_C02_056E","Estimate!!Moved; within same county!!PERCENT ALLOCATED!!Residence 1 year ago"
"S0701_C02_056M","Margin of Error!!Moved; within same county MOE!!PERCENT ALLOCATED!!Residence 1 year ago"
"S0701_C03_001E","Estimate!!Moved; from different county, same state!!Population 1 year and over"
"S0701_C03_001M","Margin of Error!!Moved; from different county, same state MOE!!Population 1 year and over"
"S0701_C03_002E","Estimate!!Moved; from different county, same state!!Population 1 year and over!!AGE!!1 to 4 years"
"S0701_C03_002M","Margin of Error!!Moved; from different county, same state MOE!!Population 1 year and over!!AGE!!1 to 4 years"
"S0701_C03_003E","Estimate!!Moved; from different county, same state!!Population 1 year and over!!AGE!!5 to 17 years"
"S0701_C03_003M","Margin of Error!!Moved; from different county, same state MOE!!Population 1 year and over!!AGE!!5 to 17 years"
"S0701_C03_004E","Estimate!!Moved; from different county, same state!!Population 1 year and over!!AGE!!18 to 24 years"
"S0701_C03_004M","Margin of Error!!Moved; from different county, same state MOE!!Population 1 year and over!!AGE!!18 to 24 years"
"S0701_C03_005E","Estimate!!Moved; from different county, same state!!Population 1 year and over!!AGE!!25 to 34 years"
"S0701_C03_005M","Margin of Error!!Moved; from different county, same state MOE!!Population 1 year and over!!AGE!!25 to 34 years"
"S0701_C03_006E","Estimate!!Moved; from different county, same state!!Population 1 year and over!!AGE!!35 to 44 years"
"S0701_C03_006M","Margin of Error!!Moved; from different county, same state MOE!!Population 1 year and over!!AGE!!35 to 44 years"
"S0701_C03_007E","Estimate!!Moved; from different county, same state!!Population 1 year and over!!AGE!!45 to 54 years"
"S0701_C03_007M","Margin of Error!!Moved; from different county, same state MOE!!Population 1 year and over!!AGE!!45 to 54 years"
"S0701_C03_008E","Estimate!!Moved; from different county, same state!!Population 1 year and over!!AGE!!55 to 64 years"
"S0701_C03_008M","Margin of Error!!Moved; from different county, same state MOE!!Population 1 year and over!!AGE!!55 to 64 years"
"S0701_C03_009E","Estimate!!Moved; from different county, same state!!Population 1 year and over!!AGE!!65 to 74 years"
"S0701_C03_009M","Margin of Error!!Moved; from different county, same state MOE!!Population 1 year and over!!AGE!!65 to 74 years"
"S0701_C03_010E","Estimate!!Moved; from different county, same state!!Population 1 year and over!!AGE!!75 years and over"
"S0701_C03_010M","Margin of Error!!Moved; from different county, same state MOE!!Population 1 year and over!!AGE!!75 years and over"
"S0701_C03_011E","Estimate!!Moved; from different county, same state!!Population 1 year and over!!AGE!!Median age (years)"
"S0701_C03_011M","Margin of Error!!Moved; from different county, same state MOE!!Population 1 year and over!!AGE!!Median age (years)"
"S0701_C03_012E","Estimate!!Moved; from different county, same state!!Population 1 year and over!!SEX!!Male"
"S0701_C03_012M","Margin of Error!!Moved; from different county, same state MOE!!Population 1 year and over!!SEX!!Male"
"S0701_C03_013E","Estimate!!Moved; from different county, same state!!Population 1 year and over!!SEX!!Female"
"S0701_C03_013M","Margin of Error!!Moved; from different county, same state MOE!!Population 1 year and over!!SEX!!Female"
"S0701_C03_014E","Estimate!!Moved; from different county, same state!!Population 1 year and over!!RACE AND HISPANIC OR LATINO ORIGIN!!One race"
"S0701_C03_014M","Margin of Error!!Moved; from different county, same state MOE!!Population 1 year and over!!RACE AND HISPANIC OR LATINO ORIGIN!!One race"
"S0701_C03_015E","Estimate!!Moved; from different county, same state!!Population 1 year and over!!RACE AND HISPANIC OR LATINO ORIGIN!!One race!!White"
"S0701_C03_015M","Margin of Error!!Moved; from different county, same state MOE!!Population 1 year and over!!RACE AND HISPANIC OR LATINO ORIGIN!!One race!!White"
"S0701_C03_016E","Estimate!!Moved; from different county, same state!!Population 1 year and over!!RACE AND HISPANIC OR LATINO ORIGIN!!One race!!Black or African American"
"S0701_C03_016M","Margin of Error!!Moved; from different county, same state MOE!!Population 1 year and over!!RACE AND HISPANIC OR LATINO ORIGIN!!One race!!Black or African American"
"S0701_C03_017E","Estimate!!Moved; from different county, same state!!Population 1 year and over!!RACE AND HISPANIC OR LATINO ORIGIN!!One race!!American Indian and Alaska Native"
"S0701_C03_017M","Margin of Error!!Moved; from different county, same state MOE!!Population 1 year and over!!RACE AND HISPANIC OR LATINO ORIGIN!!One race!!American Indian and Alaska Native"
"S0701_C03_018E","Estimate!!Moved; from different county, same state!!Population 1 year and over!!RACE AND HISPANIC OR LATINO ORIGIN!!One race!!Asian"
"S0701_C03_018M","Margin of Error!!Moved; from different county, same state MOE!!Population 1 year and over!!RACE AND HISPANIC OR LATINO ORIGIN!!One race!!Asian"
"S0701_C03_019E","Estimate!!Moved; from different county, same state!!Population 1 year and over!!RACE AND HISPANIC OR LATINO ORIGIN!!One race!!Native Hawaiian and Other Pacific Islander"
"S0701_C03_019M","Margin of Error!!Moved; from different county, same state MOE!!Population 1 year and over!!RACE AND HISPANIC OR LATINO ORIGIN!!One race!!Native Hawaiian and Other Pacific Islander"
"S0701_C03_020E","Estimate!!Moved; from different county, same state!!Population 1 year and over!!RACE AND HISPANIC OR LATINO ORIGIN!!One race!!Some other race"
"S0701_C03_020M","Margin of Error!!Moved; from different county, same state MOE!!Population 1 year and over!!RACE AND HISPANIC OR LATINO ORIGIN!!One race!!Some other race"
"S0701_C03_021E","Estimate!!Moved; from different county, same state!!Population 1 year and over!!RACE AND HISPANIC OR LATINO ORIGIN!!Two or more races"
"S0701_C03_021M","Margin of Error!!Moved; from different county, same state MOE!!Population 1 year and over!!RACE AND HISPANIC OR LATINO ORIGIN!!Two or more races"
"S0701_C03_022E","Estimate!!Moved; from different county, same state!!Population 1 year and over!!RACE AND HISPANIC OR LATINO ORIGIN!!Hispanic or Latino origin (of any race)"
"S0701_C03_022M","Margin of Error!!Moved; from different county, same state MOE!!Population 1 year and over!!RACE AND HISPANIC OR LATINO ORIGIN!!Hispanic or Latino origin (of any race)"
"S0701_C03_023E","Estimate!!Moved; from different county, same state!!Population 1 year and over!!RACE AND HISPANIC OR LATINO ORIGIN!!White alone, not Hispanic or Latino"
"S0701_C03_023M","Margin of Error!!Moved; from different county, same state MOE!!Population 1 year and over!!RACE AND HISPANIC OR LATINO ORIGIN!!White alone, not Hispanic or Latino"
"S0701_C03_024E","Estimate!!Moved; from different county, same state!!Population 1 year and over!!NATIVITY AND CITIZENSHIP STATUS!!Native"
"S0701_C03_024M","Margin of Error!!Moved; from different county, same state MOE!!Population 1 year and over!!NATIVITY AND CITIZENSHIP STATUS!!Native"
"S0701_C03_025E","Estimate!!Moved; from different county, same state!!Population 1 year and over!!NATIVITY AND CITIZENSHIP STATUS!!Foreign born"
"S0701_C03_025M","Margin of Error!!Moved; from different county, same state MOE!!Population 1 year and over!!NATIVITY AND CITIZENSHIP STATUS!!Foreign born"
"S0701_C03_026E","Estimate!!Moved; from different county, same state!!Population 1 year and over!!NATIVITY AND CITIZENSHIP STATUS!!Foreign born!!Naturalized U.S. citizen"
"S0701_C03_026M","Margin of Error!!Moved; from different county, same state MOE!!Population 1 year and over!!NATIVITY AND CITIZENSHIP STATUS!!Foreign born!!Naturalized U.S. citizen"
"S0701_C03_027E","Estimate!!Moved; from different county, same state!!Population 1 year and over!!NATIVITY AND CITIZENSHIP STATUS!!Foreign born!!Not a U.S. citizen"
"S0701_C03_027M","Margin of Error!!Moved; from different county, same state MOE!!Population 1 year and over!!NATIVITY AND CITIZENSHIP STATUS!!Foreign born!!Not a U.S. citizen"
"S0701_C03_028E","Estimate!!Moved; from different county, same state!!MARITAL STATUS!!Population 15 years and over"
"S0701_C03_028M","Margin of Error!!Moved; from different county, same state MOE!!MARITAL STATUS!!Population 15 years and over"
"S0701_C03_029E","Estimate!!Moved; from different county, same state!!MARITAL STATUS!!Population 15 years and over!!Never married"
"S0701_C03_029M","Margin of Error!!Moved; from different county, same state MOE!!MARITAL STATUS!!Population 15 years and over!!Never married"
"S0701_C03_030E","Estimate!!Moved; from different county, same state!!MARITAL STATUS!!Population 15 years and over!!Now married, except separated"
"S0701_C03_030M","Margin of Error!!Moved; from different county, same state MOE!!MARITAL STATUS!!Population 15 years and over!!Now married, except separated"
"S0701_C03_031E","Estimate!!Moved; from different county, same state!!MARITAL STATUS!!Population 15 years and over!!Divorced or separated"
"S0701_C03_031M","Margin of Error!!Moved; from different county, same state MOE!!MARITAL STATUS!!Population 15 years and over!!Divorced or separated"
"S0701_C03_032E","Estimate!!Moved; from different county, same state!!MARITAL STATUS!!Population 15 years and over!!Widowed"
"S0701_C03_032M","Margin of Error!!Moved; from different county, same state MOE!!MARITAL STATUS!!Population 15 years and over!!Widowed"
"S0701_C03_033E","Estimate!!Moved; from different county, same state!!EDUCATIONAL ATTAINMENT!!Population 25 years and over"
"S0701_C03_033M","Margin of Error!!Moved; from different county, same state MOE!!EDUCATIONAL ATTAINMENT!!Population 25 years and over"
"S0701_C03_034E","Estimate!!Moved; from different county, same state!!EDUCATIONAL ATTAINMENT!!Population 25 years and over!!Less than high school graduate"
"S0701_C03_034M","Margin of Error!!Moved; from different county, same state MOE!!EDUCATIONAL ATTAINMENT!!Population 25 years and over!!Less than high school graduate"
"S0701_C03_035E","Estimate!!Moved; from different county, same state!!EDUCATIONAL ATTAINMENT!!Population 25 years and over!!High school graduate (includes equivalency)"
"S0701_C03_035M","Margin of Error!!Moved; from different county, same state MOE!!EDUCATIONAL ATTAINMENT!!Population 25 years and over!!High school graduate (includes equivalency)"
"S0701_C03_036E","Estimate!!Moved; from different county, same state!!EDUCATIONAL ATTAINMENT!!Population 25 years and over!!Some college or associate's degree"
"S0701_C03_036M","Margin of Error!!Moved; from different county, same state MOE!!EDUCATIONAL ATTAINMENT!!Population 25 years and over!!Some college or associate's degree"
"S0701_C03_037E","Estimate!!Moved; from different county, same state!!EDUCATIONAL ATTAINMENT!!Population 25 years and over!!Bachelor's degree"
"S0701_C03_037M","Margin of Error!!Moved; from different county, same state MOE!!EDUCATIONAL ATTAINMENT!!Population 25 years and over!!Bachelor's degree"
"S0701_C03_038E","Estimate!!Moved; from different county, same state!!EDUCATIONAL ATTAINMENT!!Population 25 years and over!!Graduate or professional degree"
"S0701_C03_038M","Margin of Error!!Moved; from different county, same state MOE!!EDUCATIONAL ATTAINMENT!!Population 25 years and over!!Graduate or professional degree"
"S0701_C03_039E","Estimate!!Moved; from different county, same state!!INDIVIDUAL INCOME IN THE PAST 12 MONTHS (IN 2017 INFLATION-ADJUSTED DOLLARS)!!Population 15 years and over"
"S0701_C03_039M","Margin of Error!!Moved; from different county, same state MOE!!INDIVIDUAL INCOME IN THE PAST 12 MONTHS (IN 2017 INFLATION-ADJUSTED DOLLARS)!!Population 15 years and over"
"S0701_C03_040E","Estimate!!Moved; from different county, same state!!INDIVIDUAL INCOME IN THE PAST 12 MONTHS (IN 2017 INFLATION-ADJUSTED DOLLARS)!!Population 15 years and over!!$1 to $9,999 or loss"
"S0701_C03_040M","Margin of Error!!Moved; from different county, same state MOE!!INDIVIDUAL INCOME IN THE PAST 12 MONTHS (IN 2017 INFLATION-ADJUSTED DOLLARS)!!Population 15 years and over!!$1 to $9,999 or loss"
"S0701_C03_041E","Estimate!!Moved; from different county, same state!!INDIVIDUAL INCOME IN THE PAST 12 MONTHS (IN 2017 INFLATION-ADJUSTED DOLLARS)!!Population 15 years and over!!$10,000 to $14,999"
"S0701_C03_041M","Margin of Error!!Moved; from different county, same state MOE!!INDIVIDUAL INCOME IN THE PAST 12 MONTHS (IN 2017 INFLATION-ADJUSTED DOLLARS)!!Population 15 years and over!!$10,000 to $14,999"
"S0701_C03_042E","Estimate!!Moved; from different county, same state!!INDIVIDUAL INCOME IN THE PAST 12 MONTHS (IN 2017 INFLATION-ADJUSTED DOLLARS)!!Population 15 years and over!!$15,000 to $24,999"
"S0701_C03_042M","Margin of Error!!Moved; from different county, same state MOE!!INDIVIDUAL INCOME IN THE PAST 12 MONTHS (IN 2017 INFLATION-ADJUSTED DOLLARS)!!Population 15 years and over!!$15,000 to $24,999"
"S0701_C03_043E","Estimate!!Moved; from different county, same state!!INDIVIDUAL INCOME IN THE PAST 12 MONTHS (IN 2017 INFLATION-ADJUSTED DOLLARS)!!Population 15 years and over!!$25,000 to $34,999"
"S0701_C03_043M","Margin of Error!!Moved; from different county, same state MOE!!INDIVIDUAL INCOME IN THE PAST 12 MONTHS (IN 2017 INFLATION-ADJUSTED DOLLARS)!!Population 15 years and over!!$25,000 to $34,999"
"S0701_C03_044E","Estimate!!Moved; from different county, same state!!INDIVIDUAL INCOME IN THE PAST 12 MONTHS (IN 2017 INFLATION-ADJUSTED DOLLARS)!!Population 15 years and over!!$35,000 to $49,999"
"S0701_C03_044M","Margin of Error!!Moved; from different county, same state MOE!!INDIVIDUAL INCOME IN THE PAST 12 MONTHS (IN 2017 INFLATION-ADJUSTED DOLLARS)!!Population 15 years and over!!$35,000 to $49,999"
"S0701_C03_045E","Estimate!!Moved; from different county, same state!!INDIVIDUAL INCOME IN THE PAST 12 MONTHS (IN 2017 INFLATION-ADJUSTED DOLLARS)!!Population 15 years and over!!$50,000 to $64,999"
"S0701_C03_045M","Margin of Error!!Moved; from different county, same state MOE!!INDIVIDUAL INCOME IN THE PAST 12 MONTHS (IN 2017 INFLATION-ADJUSTED DOLLARS)!!Population 15 years and over!!$50,000 to $64,999"
"S0701_C03_046E","Estimate!!Moved; from different county, same state!!INDIVIDUAL INCOME IN THE PAST 12 MONTHS (IN 2017 INFLATION-ADJUSTED DOLLARS)!!Population 15 years and over!!$65,000 to $74,999"
"S0701_C03_046M","Margin of Error!!Moved; from different county, same state MOE!!INDIVIDUAL INCOME IN THE PAST 12 MONTHS (IN 2017 INFLATION-ADJUSTED DOLLARS)!!Population 15 years and over!!$65,000 to $74,999"
"S0701_C03_047E","Estimate!!Moved; from different county, same state!!INDIVIDUAL INCOME IN THE PAST 12 MONTHS (IN 2017 INFLATION-ADJUSTED DOLLARS)!!Population 15 years and over!!$75,000 or more"
"S0701_C03_047M","Margin of Error!!Moved; from different county, same state MOE!!INDIVIDUAL INCOME IN THE PAST 12 MONTHS (IN 2017 INFLATION-ADJUSTED DOLLARS)!!Population 15 years and over!!$75,000 or more"
"S0701_C03_048E","Estimate!!Moved; from different county, same state!!INDIVIDUAL INCOME IN THE PAST 12 MONTHS (IN 2017 INFLATION-ADJUSTED DOLLARS)!!Population 15 years and over!!Median income (dollars)"
"S0701_C03_048M","Margin of Error!!Moved; from different county, same state MOE!!INDIVIDUAL INCOME IN THE PAST 12 MONTHS (IN 2017 INFLATION-ADJUSTED DOLLARS)!!Population 15 years and over!!Median income (dollars)"
"S0701_C03_049E","Estimate!!Moved; from different county, same state!!POVERTY STATUS IN THE PAST 12 MONTHS!!Population 1 year and over for whom poverty status is determined"
"S0701_C03_049M","Margin of Error!!Moved; from different county, same state MOE!!POVERTY STATUS IN THE PAST 12 MONTHS!!Population 1 year and over for whom poverty status is determined"
"S0701_C03_050E","Estimate!!Moved; from different county, same state!!POVERTY STATUS IN THE PAST 12 MONTHS!!Population 1 year and over for whom poverty status is determined!!Below 100 percent of the poverty level"
"S0701_C03_050M","Margin of Error!!Moved; from different county, same state MOE!!POVERTY STATUS IN THE PAST 12 MONTHS!!Population 1 year and over for whom poverty status is determined!!Below 100 percent of the poverty level"
"S0701_C03_051E","Estimate!!Moved; from different county, same state!!POVERTY STATUS IN THE PAST 12 MONTHS!!Population 1 year and over for whom poverty status is determined!!100 to 149 percent of the poverty level"
"S0701_C03_051M","Margin of Error!!Moved; from different county, same state MOE!!POVERTY STATUS IN THE PAST 12 MONTHS!!Population 1 year and over for whom poverty status is determined!!100 to 149 percent of the poverty level"
"S0701_C03_052E","Estimate!!Moved; from different county, same state!!POVERTY STATUS IN THE PAST 12 MONTHS!!Population 1 year and over for whom poverty status is determined!!At or above 150 percent of the poverty level"
"S0701_C03_052M","Margin of Error!!Moved; from different county, same state MOE!!POVERTY STATUS IN THE PAST 12 MONTHS!!Population 1 year and over for whom poverty status is determined!!At or above 150 percent of the poverty level"
"S0701_C03_053E","Estimate!!Moved; from different county, same state!!HOUSING TENURE!!Population 1 year and over in housing units"
"S0701_C03_053M","Margin of Error!!Moved; from different county, same state MOE!!HOUSING TENURE!!Population 1 year and over in housing units"
"S0701_C03_054E","Estimate!!Moved; from different county, same state!!HOUSING TENURE!!Population 1 year and over in housing units!!Householder lived in owner-occupied housing units"
"S0701_C03_054M","Margin of Error!!Moved; from different county, same state MOE!!HOUSING TENURE!!Population 1 year and over in housing units!!Householder lived in owner-occupied housing units"
"S0701_C03_055E","Estimate!!Moved; from different county, same state!!HOUSING TENURE!!Population 1 year and over in housing units!!Householder lived in renter-occupied housing units"
"S0701_C03_055M","Margin of Error!!Moved; from different county, same state MOE!!HOUSING TENURE!!Population 1 year and over in housing units!!Householder lived in renter-occupied housing units"
"S0701_C03_056E","Estimate!!Moved; from different county, same state!!PERCENT ALLOCATED!!Residence 1 year ago"
"S0701_C03_056M","Margin of Error!!Moved; from different county, same state MOE!!PERCENT ALLOCATED!!Residence 1 year ago"
"S0701_C04_001E","Estimate!!Moved; from different  state!!Population 1 year and over"
"S0701_C04_001M","Margin of Error!!Moved; from different  state MOE!!Population 1 year and over"
"S0701_C04_002E","Estimate!!Moved; from different  state!!Population 1 year and over!!AGE!!1 to 4 years"
"S0701_C04_002M","Margin of Error!!Moved; from different  state MOE!!Population 1 year and over!!AGE!!1 to 4 years"
"S0701_C04_003E","Estimate!!Moved; from different  state!!Population 1 year and over!!AGE!!5 to 17 years"
"S0701_C04_003M","Margin of Error!!Moved; from different  state MOE!!Population 1 year and over!!AGE!!5 to 17 years"
"S0701_C04_004E","Estimate!!Moved; from different  state!!Population 1 year and over!!AGE!!18 to 24 years"
"S0701_C04_004M","Margin of Error!!Moved; from different  state MOE!!Population 1 year and over!!AGE!!18 to 24 years"
"S0701_C04_005E","Estimate!!Moved; from different  state!!Population 1 year and over!!AGE!!25 to 34 years"
"S0701_C04_005M","Margin of Error!!Moved; from different  state MOE!!Population 1 year and over!!AGE!!25 to 34 years"
"S0701_C04_006E","Estimate!!Moved; from different  state!!Population 1 year and over!!AGE!!35 to 44 years"
"S0701_C04_006M","Margin of Error!!Moved; from different  state MOE!!Population 1 year and over!!AGE!!35 to 44 years"
"S0701_C04_007E","Estimate!!Moved; from different  state!!Population 1 year and over!!AGE!!45 to 54 years"
"S0701_C04_007M","Margin of Error!!Moved; from different  state MOE!!Population 1 year and over!!AGE!!45 to 54 years"
"S0701_C04_008E","Estimate!!Moved; from different  state!!Population 1 year and over!!AGE!!55 to 64 years"
"S0701_C04_008M","Margin of Error!!Moved; from different  state MOE!!Population 1 year and over!!AGE!!55 to 64 years"
"S0701_C04_009E","Estimate!!Moved; from different  state!!Population 1 year and over!!AGE!!65 to 74 years"
"S0701_C04_009M","Margin of Error!!Moved; from different  state MOE!!Population 1 year and over!!AGE!!65 to 74 years"
"S0701_C04_010E","Estimate!!Moved; from different  state!!Population 1 year and over!!AGE!!75 years and over"
"S0701_C04_010M","Margin of Error!!Moved; from different  state MOE!!Population 1 year and over!!AGE!!75 years and over"
"S0701_C04_011E","Estimate!!Moved; from different  state!!Population 1 year and over!!AGE!!Median age (years)"
"S0701_C04_011M","Margin of Error!!Moved; from different  state MOE!!Population 1 year and over!!AGE!!Median age (years)"
"S0701_C04_012E","Estimate!!Moved; from different  state!!Population 1 year and over!!SEX!!Male"
"S0701_C04_012M","Margin of Error!!Moved; from different  state MOE!!Population 1 year and over!!SEX!!Male"
"S0701_C04_013E","Estimate!!Moved; from different  state!!Population 1 year and over!!SEX!!Female"
"S0701_C04_013M","Margin of Error!!Moved; from different  state MOE!!Population 1 year and over!!SEX!!Female"
"S0701_C04_014E","Estimate!!Moved; from different  state!!Population 1 year and over!!RACE AND HISPANIC OR LATINO ORIGIN!!One race"
"S0701_C04_014M","Margin of Error!!Moved; from different  state MOE!!Population 1 year and over!!RACE AND HISPANIC OR LATINO ORIGIN!!One race"
"S0701_C04_015E","Estimate!!Moved; from different  state!!Population 1 year and over!!RACE AND HISPANIC OR LATINO ORIGIN!!One race!!White"
"S0701_C04_015M","Margin of Error!!Moved; from different  state MOE!!Population 1 year and over!!RACE AND HISPANIC OR LATINO ORIGIN!!One race!!White"
"S0701_C04_016E","Estimate!!Moved; from different  state!!Population 1 year and over!!RACE AND HISPANIC OR LATINO ORIGIN!!One race!!Black or African American"
"S0701_C04_016M","Margin of Error!!Moved; from different  state MOE!!Population 1 year and over!!RACE AND HISPANIC OR LATINO ORIGIN!!One race!!Black or African American"
"S0701_C04_017E","Estimate!!Moved; from different  state!!Population 1 year and over!!RACE AND HISPANIC OR LATINO ORIGIN!!One race!!American Indian and Alaska Native"
"S0701_C04_017M","Margin of Error!!Moved; from different  state MOE!!Population 1 year and over!!RACE AND HISPANIC OR LATINO ORIGIN!!One race!!American Indian and Alaska Native"
"S0701_C04_018E","Estimate!!Moved; from different  state!!Population 1 year and over!!RACE AND HISPANIC OR LATINO ORIGIN!!One race!!Asian"
"S0701_C04_018M","Margin of Error!!Moved; from different  state MOE!!Population 1 year and over!!RACE AND HISPANIC OR LATINO ORIGIN!!One race!!Asian"
"S0701_C04_019E","Estimate!!Moved; from different  state!!Population 1 year and over!!RACE AND HISPANIC OR LATINO ORIGIN!!One race!!Native Hawaiian and Other Pacific Islander"
"S0701_C04_019M","Margin of Error!!Moved; from different  state MOE!!Population 1 year and over!!RACE AND HISPANIC OR LATINO ORIGIN!!One race!!Native Hawaiian and Other Pacific Islander"
"S0701_C04_020E","Estimate!!Moved; from different  state!!Population 1 year and over!!RACE AND HISPANIC OR LATINO ORIGIN!!One race!!Some other race"
"S0701_C04_020M","Margin of Error!!Moved; from different  state MOE!!Population 1 year and over!!RACE AND HISPANIC OR LATINO ORIGIN!!One race!!Some other race"
"S0701_C04_021E","Estimate!!Moved; from different  state!!Population 1 year and over!!RACE AND HISPANIC OR LATINO ORIGIN!!Two or more races"
"S0701_C04_021M","Margin of Error!!Moved; from different  state MOE!!Population 1 year and over!!RACE AND HISPANIC OR LATINO ORIGIN!!Two or more races"
"S0701_C04_022E","Estimate!!Moved; from different  state!!Population 1 year and over!!RACE AND HISPANIC OR LATINO ORIGIN!!Hispanic or Latino origin (of any race)"
"S0701_C04_022M","Margin of Error!!Moved; from different  state MOE!!Population 1 year and over!!RACE AND HISPANIC OR LATINO ORIGIN!!Hispanic or Latino origin (of any race)"
"S0701_C04_023E","Estimate!!Moved; from different  state!!Population 1 year and over!!RACE AND HISPANIC OR LATINO ORIGIN!!White alone, not Hispanic or Latino"
"S0701_C04_023M","Margin of Error!!Moved; from different  state MOE!!Population 1 year and over!!RACE AND HISPANIC OR LATINO ORIGIN!!White alone, not Hispanic or Latino"
"S0701_C04_024E","Estimate!!Moved; from different  state!!Population 1 year and over!!NATIVITY AND CITIZENSHIP STATUS!!Native"
"S0701_C04_024M","Margin of Error!!Moved; from different  state MOE!!Population 1 year and over!!NATIVITY AND CITIZENSHIP STATUS!!Native"
"S0701_C04_025E","Estimate!!Moved; from different  state!!Population 1 year and over!!NATIVITY AND CITIZENSHIP STATUS!!Foreign born"
"S0701_C04_025M","Margin of Error!!Moved; from different  state MOE!!Population 1 year and over!!NATIVITY AND CITIZENSHIP STATUS!!Foreign born"
"S0701_C04_026E","Estimate!!Moved; from different  state!!Population 1 year and over!!NATIVITY AND CITIZENSHIP STATUS!!Foreign born!!Naturalized U.S. citizen"
"S0701_C04_026M","Margin of Error!!Moved; from different  state MOE!!Population 1 year and over!!NATIVITY AND CITIZENSHIP STATUS!!Foreign born!!Naturalized U.S. citizen"
"S0701_C04_027E","Estimate!!Moved; from different  state!!Population 1 year and over!!NATIVITY AND CITIZENSHIP STATUS!!Foreign born!!Not a U.S. citizen"
"S0701_C04_027M","Margin of Error!!Moved; from different  state MOE!!Population 1 year and over!!NATIVITY AND CITIZENSHIP STATUS!!Foreign born!!Not a U.S. citizen"
"S0701_C04_028E","Estimate!!Moved; from different  state!!MARITAL STATUS!!Population 15 years and over"
"S0701_C04_028M","Margin of Error!!Moved; from different  state MOE!!MARITAL STATUS!!Population 15 years and over"
"S0701_C04_029E","Estimate!!Moved; from different  state!!MARITAL STATUS!!Population 15 years and over!!Never married"
"S0701_C04_029M","Margin of Error!!Moved; from different  state MOE!!MARITAL STATUS!!Population 15 years and over!!Never married"
"S0701_C04_030E","Estimate!!Moved; from different  state!!MARITAL STATUS!!Population 15 years and over!!Now married, except separated"
"S0701_C04_030M","Margin of Error!!Moved; from different  state MOE!!MARITAL STATUS!!Population 15 years and over!!Now married, except separated"
"S0701_C04_031E","Estimate!!Moved; from different  state!!MARITAL STATUS!!Population 15 years and over!!Divorced or separated"
"S0701_C04_031M","Margin of Error!!Moved; from different  state MOE!!MARITAL STATUS!!Population 15 years and over!!Divorced or separated"
"S0701_C04_032E","Estimate!!Moved; from different  state!!MARITAL STATUS!!Population 15 years and over!!Widowed"
"S0701_C04_032M","Margin of Error!!Moved; from different  state MOE!!MARITAL STATUS!!Population 15 years and over!!Widowed"
"S0701_C04_033E","Estimate!!Moved; from different  state!!EDUCATIONAL ATTAINMENT!!Population 25 years and over"
"S0701_C04_033M","Margin of Error!!Moved; from different  state MOE!!EDUCATIONAL ATTAINMENT!!Population 25 years and over"
"S0701_C04_034E","Estimate!!Moved; from different  state!!EDUCATIONAL ATTAINMENT!!Population 25 years and over!!Less than high school graduate"
"S0701_C04_034M","Margin of Error!!Moved; from different  state MOE!!EDUCATIONAL ATTAINMENT!!Population 25 years and over!!Less than high school graduate"
"S0701_C04_035E","Estimate!!Moved; from different  state!!EDUCATIONAL ATTAINMENT!!Population 25 years and over!!High school graduate (includes equivalency)"
"S0701_C04_035M","Margin of Error!!Moved; from different  state MOE!!EDUCATIONAL ATTAINMENT!!Population 25 years and over!!High school graduate (includes equivalency)"
"S0701_C04_036E","Estimate!!Moved; from different  state!!EDUCATIONAL ATTAINMENT!!Population 25 years and over!!Some college or associate's degree"
"S0701_C04_036M","Margin of Error!!Moved; from different  state MOE!!EDUCATIONAL ATTAINMENT!!Population 25 years and over!!Some college or associate's degree"
"S0701_C04_037E","Estimate!!Moved; from different  state!!EDUCATIONAL ATTAINMENT!!Population 25 years and over!!Bachelor's degree"
"S0701_C04_037M","Margin of Error!!Moved; from different  state MOE!!EDUCATIONAL ATTAINMENT!!Population 25 years and over!!Bachelor's degree"
"S0701_C04_038E","Estimate!!Moved; from different  state!!EDUCATIONAL ATTAINMENT!!Population 25 years and over!!Graduate or professional degree"
"S0701_C04_038M","Margin of Error!!Moved; from different  state MOE!!EDUCATIONAL ATTAINMENT!!Population 25 years and over!!Graduate or professional degree"
"S0701_C04_039E","Estimate!!Moved; from different  state!!INDIVIDUAL INCOME IN THE PAST 12 MONTHS (IN 2017 INFLATION-ADJUSTED DOLLARS)!!Population 15 years and over"
"S0701_C04_039M","Margin of Error!!Moved; from different  state MOE!!INDIVIDUAL INCOME IN THE PAST 12 MONTHS (IN 2017 INFLATION-ADJUSTED DOLLARS)!!Population 15 years and over"
"S0701_C04_040E","Estimate!!Moved; from different  state!!INDIVIDUAL INCOME IN THE PAST 12 MONTHS (IN 2017 INFLATION-ADJUSTED DOLLARS)!!Population 15 years and over!!$1 to $9,999 or loss"
"S0701_C04_040M","Margin of Error!!Moved; from different  state MOE!!INDIVIDUAL INCOME IN THE PAST 12 MONTHS (IN 2017 INFLATION-ADJUSTED DOLLARS)!!Population 15 years and over!!$1 to $9,999 or loss"
"S0701_C04_041E","Estimate!!Moved; from different  state!!INDIVIDUAL INCOME IN THE PAST 12 MONTHS (IN 2017 INFLATION-ADJUSTED DOLLARS)!!Population 15 years and over!!$10,000 to $14,999"
"S0701_C04_041M","Margin of Error!!Moved; from different  state MOE!!INDIVIDUAL INCOME IN THE PAST 12 MONTHS (IN 2017 INFLATION-ADJUSTED DOLLARS)!!Population 15 years and over!!$10,000 to $14,999"
"S0701_C04_042E","Estimate!!Moved; from different  state!!INDIVIDUAL INCOME IN THE PAST 12 MONTHS (IN 2017 INFLATION-ADJUSTED DOLLARS)!!Population 15 years and over!!$15,000 to $24,999"
"S0701_C04_042M","Margin of Error!!Moved; from different  state MOE!!INDIVIDUAL INCOME IN THE PAST 12 MONTHS (IN 2017 INFLATION-ADJUSTED DOLLARS)!!Population 15 years and over!!$15,000 to $24,999"
"S0701_C04_043E","Estimate!!Moved; from different  state!!INDIVIDUAL INCOME IN THE PAST 12 MONTHS (IN 2017 INFLATION-ADJUSTED DOLLARS)!!Population 15 years and over!!$25,000 to $34,999"
"S0701_C04_043M","Margin of Error!!Moved; from different  state MOE!!INDIVIDUAL INCOME IN THE PAST 12 MONTHS (IN 2017 INFLATION-ADJUSTED DOLLARS)!!Population 15 years and over!!$25,000 to $34,999"
"S0701_C04_044E","Estimate!!Moved; from different  state!!INDIVIDUAL INCOME IN THE PAST 12 MONTHS (IN 2017 INFLATION-ADJUSTED DOLLARS)!!Population 15 years and over!!$35,000 to $49,999"
"S0701_C04_044M","Margin of Error!!Moved; from different  state MOE!!INDIVIDUAL INCOME IN THE PAST 12 MONTHS (IN 2017 INFLATION-ADJUSTED DOLLARS)!!Population 15 years and over!!$35,000 to $49,999"
"S0701_C04_045E","Estimate!!Moved; from different  state!!INDIVIDUAL INCOME IN THE PAST 12 MONTHS (IN 2017 INFLATION-ADJUSTED DOLLARS)!!Population 15 years and over!!$50,000 to $64,999"
"S0701_C04_045M","Margin of Error!!Moved; from different  state MOE!!INDIVIDUAL INCOME IN THE PAST 12 MONTHS (IN 2017 INFLATION-ADJUSTED DOLLARS)!!Population 15 years and over!!$50,000 to $64,999"
"S0701_C04_046E","Estimate!!Moved; from different  state!!INDIVIDUAL INCOME IN THE PAST 12 MONTHS (IN 2017 INFLATION-ADJUSTED DOLLARS)!!Population 15 years and over!!$65,000 to $74,999"
"S0701_C04_046M","Margin of Error!!Moved; from different  state MOE!!INDIVIDUAL INCOME IN THE PAST 12 MONTHS (IN 2017 INFLATION-ADJUSTED DOLLARS)!!Population 15 years and over!!$65,000 to $74,999"
"S0701_C04_047E","Estimate!!Moved; from different  state!!INDIVIDUAL INCOME IN THE PAST 12 MONTHS (IN 2017 INFLATION-ADJUSTED DOLLARS)!!Population 15 years and over!!$75,000 or more"
"S0701_C04_047M","Margin of Error!!Moved; from different  state MOE!!INDIVIDUAL INCOME IN THE PAST 12 MONTHS (IN 2017 INFLATION-ADJUSTED DOLLARS)!!Population 15 years and over!!$75,000 or more"
"S0701_C04_048E","Estimate!!Moved; from different  state!!INDIVIDUAL INCOME IN THE PAST 12 MONTHS (IN 2017 INFLATION-ADJUSTED DOLLARS)!!Population 15 years and over!!Median income (dollars)"
"S0701_C04_048M","Margin of Error!!Moved; from different  state MOE!!INDIVIDUAL INCOME IN THE PAST 12 MONTHS (IN 2017 INFLATION-ADJUSTED DOLLARS)!!Population 15 years and over!!Median income (dollars)"
"S0701_C04_049E","Estimate!!Moved; from different  state!!POVERTY STATUS IN THE PAST 12 MONTHS!!Population 1 year and over for whom poverty status is determined"
"S0701_C04_049M","Margin of Error!!Moved; from different  state MOE!!POVERTY STATUS IN THE PAST 12 MONTHS!!Population 1 year and over for whom poverty status is determined"
"S0701_C04_050E","Estimate!!Moved; from different  state!!POVERTY STATUS IN THE PAST 12 MONTHS!!Population 1 year and over for whom poverty status is determined!!Below 100 percent of the poverty level"
"S0701_C04_050M","Margin of Error!!Moved; from different  state MOE!!POVERTY STATUS IN THE PAST 12 MONTHS!!Population 1 year and over for whom poverty status is determined!!Below 100 percent of the poverty level"
"S0701_C04_051E","Estimate!!Moved; from different  state!!POVERTY STATUS IN THE PAST 12 MONTHS!!Population 1 year and over for whom poverty status is determined!!100 to 149 percent of the poverty level"
"S0701_C04_051M","Margin of Error!!Moved; from different  state MOE!!POVERTY STATUS IN THE PAST 12 MONTHS!!Population 1 year and over for whom poverty status is determined!!100 to 149 percent of the poverty level"
"S0701_C04_052E","Estimate!!Moved; from different  state!!POVERTY STATUS IN THE PAST 12 MONTHS!!Population 1 year and over for whom poverty status is determined!!At or above 150 percent of the poverty level"
"S0701_C04_052M","Margin of Error!!Moved; from different  state MOE!!POVERTY STATUS IN THE PAST 12 MONTHS!!Population 1 year and over for whom poverty status is determined!!At or above 150 percent of the poverty level"
"S0701_C04_053E","Estimate!!Moved; from different  state!!HOUSING TENURE!!Population 1 year and over in housing units"
"S0701_C04_053M","Margin of Error!!Moved; from different  state MOE!!HOUSING TENURE!!Population 1 year and over in housing units"
"S0701_C04_054E","Estimate!!Moved; from different  state!!HOUSING TENURE!!Population 1 year and over in housing units!!Householder lived in owner-occupied housing units"
"S0701_C04_054M","Margin of Error!!Moved; from different  state MOE!!HOUSING TENURE!!Population 1 year and over in housing units!!Householder lived in owner-occupied housing units"
"S0701_C04_055E","Estimate!!Moved; from different  state!!HOUSING TENURE!!Population 1 year and over in housing units!!Householder lived in renter-occupied housing units"
"S0701_C04_055M","Margin of Error!!Moved; from different  state MOE!!HOUSING TENURE!!Population 1 year and over in housing units!!Householder lived in renter-occupied housing units"
"S0701_C04_056E","Estimate!!Moved; from different  state!!PERCENT ALLOCATED!!Residence 1 year ago"
"S0701_C04_056M","Margin of Error!!Moved; from different  state MOE!!PERCENT ALLOCATED!!Residence 1 year ago"
"S0701_C05_001E","Estimate!!Moved; from abroad!!Population 1 year and over"
"S0701_C05_001M","Margin of Error!!Moved; from abroad MOE!!Population 1 year and over"
"S0701_C05_002E","Estimate!!Moved; from abroad!!Population 1 year and over!!AGE!!1 to 4 years"
"S0701_C05_002M","Margin of Error!!Moved; from abroad MOE!!Population 1 year and over!!AGE!!1 to 4 years"
"S0701_C05_003E","Estimate!!Moved; from abroad!!Population 1 year and over!!AGE!!5 to 17 years"
"S0701_C05_003M","Margin of Error!!Moved; from abroad MOE!!Population 1 year and over!!AGE!!5 to 17 years"
"S0701_C05_004E","Estimate!!Moved; from abroad!!Population 1 year and over!!AGE!!18 to 24 years"
"S0701_C05_004M","Margin of Error!!Moved; from abroad MOE!!Population 1 year and over!!AGE!!18 to 24 years"
"S0701_C05_005E","Estimate!!Moved; from abroad!!Population 1 year and over!!AGE!!25 to 34 years"
"S0701_C05_005M","Margin of Error!!Moved; from abroad MOE!!Population 1 year and over!!AGE!!25 to 34 years"
"S0701_C05_006E","Estimate!!Moved; from abroad!!Population 1 year and over!!AGE!!35 to 44 years"
"S0701_C05_006M","Margin of Error!!Moved; from abroad MOE!!Population 1 year and over!!AGE!!35 to 44 years"
"S0701_C05_007E","Estimate!!Moved; from abroad!!Population 1 year and over!!AGE!!45 to 54 years"
"S0701_C05_007M","Margin of Error!!Moved; from abroad MOE!!Population 1 year and over!!AGE!!45 to 54 years"
"S0701_C05_008E","Estimate!!Moved; from abroad!!Population 1 year and over!!AGE!!55 to 64 years"
"S0701_C05_008M","Margin of Error!!Moved; from abroad MOE!!Population 1 year and over!!AGE!!55 to 64 years"
"S0701_C05_009E","Estimate!!Moved; from abroad!!Population 1 year and over!!AGE!!65 to 74 years"
"S0701_C05_009M","Margin of Error!!Moved; from abroad MOE!!Population 1 year and over!!AGE!!65 to 74 years"
"S0701_C05_010E","Estimate!!Moved; from abroad!!Population 1 year and over!!AGE!!75 years and over"
"S0701_C05_010M","Margin of Error!!Moved; from abroad MOE!!Population 1 year and over!!AGE!!75 years and over"
"S0701_C05_011E","Estimate!!Moved; from abroad!!Population 1 year and over!!AGE!!Median age (years)"
"S0701_C05_011M","Margin of Error!!Moved; from abroad MOE!!Population 1 year and over!!AGE!!Median age (years)"
"S0701_C05_012E","Estimate!!Moved; from abroad!!Population 1 year and over!!SEX!!Male"
"S0701_C05_012M","Margin of Error!!Moved; from abroad MOE!!Population 1 year and over!!SEX!!Male"
"S0701_C05_013E","Estimate!!Moved; from abroad!!Population 1 year and over!!SEX!!Female"
"S0701_C05_013M","Margin of Error!!Moved; from abroad MOE!!Population 1 year and over!!SEX!!Female"
"S0701_C05_014E","Estimate!!Moved; from abroad!!Population 1 year and over!!RACE AND HISPANIC OR LATINO ORIGIN!!One race"
"S0701_C05_014M","Margin of Error!!Moved; from abroad MOE!!Population 1 year and over!!RACE AND HISPANIC OR LATINO ORIGIN!!One race"
"S0701_C05_015E","Estimate!!Moved; from abroad!!Population 1 year and over!!RACE AND HISPANIC OR LATINO ORIGIN!!One race!!White"
"S0701_C05_015M","Margin of Error!!Moved; from abroad MOE!!Population 1 year and over!!RACE AND HISPANIC OR LATINO ORIGIN!!One race!!White"
"S0701_C05_016E","Estimate!!Moved; from abroad!!Population 1 year and over!!RACE AND HISPANIC OR LATINO ORIGIN!!One race!!Black or African American"
"S0701_C05_016M","Margin of Error!!Moved; from abroad MOE!!Population 1 year and over!!RACE AND HISPANIC OR LATINO ORIGIN!!One race!!Black or African American"
"S0701_C05_017E","Estimate!!Moved; from abroad!!Population 1 year and over!!RACE AND HISPANIC OR LATINO ORIGIN!!One race!!American Indian and Alaska Native"
"S0701_C05_017M","Margin of Error!!Moved; from abroad MOE!!Population 1 year and over!!RACE AND HISPANIC OR LATINO ORIGIN!!One race!!American Indian and Alaska Native"
"S0701_C05_018E","Estimate!!Moved; from abroad!!Population 1 year and over!!RACE AND HISPANIC OR LATINO ORIGIN!!One race!!Asian"
"S0701_C05_018M","Margin of Error!!Moved; from abroad MOE!!Population 1 year and over!!RACE AND HISPANIC OR LATINO ORIGIN!!One race!!Asian"
"S0701_C05_019E","Estimate!!Moved; from abroad!!Population 1 year and over!!RACE AND HISPANIC OR LATINO ORIGIN!!One race!!Native Hawaiian and Other Pacific Islander"
"S0701_C05_019M","Margin of Error!!Moved; from abroad MOE!!Population 1 year and over!!RACE AND HISPANIC OR LATINO ORIGIN!!One race!!Native Hawaiian and Other Pacific Islander"
"S0701_C05_020E","Estimate!!Moved; from abroad!!Population 1 year and over!!RACE AND HISPANIC OR LATINO ORIGIN!!One race!!Some other race"
"S0701_C05_020M","Margin of Error!!Moved; from abroad MOE!!Population 1 year and over!!RACE AND HISPANIC OR LATINO ORIGIN!!One race!!Some other race"
"S0701_C05_021E","Estimate!!Moved; from abroad!!Population 1 year and over!!RACE AND HISPANIC OR LATINO ORIGIN!!Two or more races"
"S0701_C05_021M","Margin of Error!!Moved; from abroad MOE!!Population 1 year and over!!RACE AND HISPANIC OR LATINO ORIGIN!!Two or more races"
"S0701_C05_022E","Estimate!!Moved; from abroad!!Population 1 year and over!!RACE AND HISPANIC OR LATINO ORIGIN!!Hispanic or Latino origin (of any race)"
"S0701_C05_022M","Margin of Error!!Moved; from abroad MOE!!Population 1 year and over!!RACE AND HISPANIC OR LATINO ORIGIN!!Hispanic or Latino origin (of any race)"
"S0701_C05_023E","Estimate!!Moved; from abroad!!Population 1 year and over!!RACE AND HISPANIC OR LATINO ORIGIN!!White alone, not Hispanic or Latino"
"S0701_C05_023M","Margin of Error!!Moved; from abroad MOE!!Population 1 year and over!!RACE AND HISPANIC OR LATINO ORIGIN!!White alone, not Hispanic or Latino"
"S0701_C05_024E","Estimate!!Moved; from abroad!!Population 1 year and over!!NATIVITY AND CITIZENSHIP STATUS!!Native"
"S0701_C05_024M","Margin of Error!!Moved; from abroad MOE!!Population 1 year and over!!NATIVITY AND CITIZENSHIP STATUS!!Native"
"S0701_C05_025E","Estimate!!Moved; from abroad!!Population 1 year and over!!NATIVITY AND CITIZENSHIP STATUS!!Foreign born"
"S0701_C05_025M","Margin of Error!!Moved; from abroad MOE!!Population 1 year and over!!NATIVITY AND CITIZENSHIP STATUS!!Foreign born"
"S0701_C05_026E","Estimate!!Moved; from abroad!!Population 1 year and over!!NATIVITY AND CITIZENSHIP STATUS!!Foreign born!!Naturalized U.S. citizen"
"S0701_C05_026M","Margin of Error!!Moved; from abroad MOE!!Population 1 year and over!!NATIVITY AND CITIZENSHIP STATUS!!Foreign born!!Naturalized U.S. citizen"
"S0701_C05_027E","Estimate!!Moved; from abroad!!Population 1 year and over!!NATIVITY AND CITIZENSHIP STATUS!!Foreign born!!Not a U.S. citizen"
"S0701_C05_027M","Margin of Error!!Moved; from abroad MOE!!Population 1 year and over!!NATIVITY AND CITIZENSHIP STATUS!!Foreign born!!Not a U.S. citizen"
"S0701_C05_028E","Estimate!!Moved; from abroad!!MARITAL STATUS!!Population 15 years and over"
"S0701_C05_028M","Margin of Error!!Moved; from abroad MOE!!MARITAL STATUS!!Population 15 years and over"
"S0701_C05_029E","Estimate!!Moved; from abroad!!MARITAL STATUS!!Population 15 years and over!!Never married"
"S0701_C05_029M","Margin of Error!!Moved; from abroad MOE!!MARITAL STATUS!!Population 15 years and over!!Never married"
"S0701_C05_030E","Estimate!!Moved; from abroad!!MARITAL STATUS!!Population 15 years and over!!Now married, except separated"
"S0701_C05_030M","Margin of Error!!Moved; from abroad MOE!!MARITAL STATUS!!Population 15 years and over!!Now married, except separated"
"S0701_C05_031E","Estimate!!Moved; from abroad!!MARITAL STATUS!!Population 15 years and over!!Divorced or separated"
"S0701_C05_031M","Margin of Error!!Moved; from abroad MOE!!MARITAL STATUS!!Population 15 years and over!!Divorced or separated"
"S0701_C05_032E","Estimate!!Moved; from abroad!!MARITAL STATUS!!Population 15 years and over!!Widowed"
"S0701_C05_032M","Margin of Error!!Moved; from abroad MOE!!MARITAL STATUS!!Population 15 years and over!!Widowed"
"S0701_C05_033E","Estimate!!Moved; from abroad!!EDUCATIONAL ATTAINMENT!!Population 25 years and over"
"S0701_C05_033M","Margin of Error!!Moved; from abroad MOE!!EDUCATIONAL ATTAINMENT!!Population 25 years and over"
"S0701_C05_034E","Estimate!!Moved; from abroad!!EDUCATIONAL ATTAINMENT!!Population 25 years and over!!Less than high school graduate"
"S0701_C05_034M","Margin of Error!!Moved; from abroad MOE!!EDUCATIONAL ATTAINMENT!!Population 25 years and over!!Less than high school graduate"
"S0701_C05_035E","Estimate!!Moved; from abroad!!EDUCATIONAL ATTAINMENT!!Population 25 years and over!!High school graduate (includes equivalency)"
"S0701_C05_035M","Margin of Error!!Moved; from abroad MOE!!EDUCATIONAL ATTAINMENT!!Population 25 years and over!!High school graduate (includes equivalency)"
"S0701_C05_036E","Estimate!!Moved; from abroad!!EDUCATIONAL ATTAINMENT!!Population 25 years and over!!Some college or associate's degree"
"S0701_C05_036M","Margin of Error!!Moved; from abroad MOE!!EDUCATIONAL ATTAINMENT!!Population 25 years and over!!Some college or associate's degree"
"S0701_C05_037E","Estimate!!Moved; from abroad!!EDUCATIONAL ATTAINMENT!!Population 25 years and over!!Bachelor's degree"
"S0701_C05_037M","Margin of Error!!Moved; from abroad MOE!!EDUCATIONAL ATTAINMENT!!Population 25 years and over!!Bachelor's degree"
"S0701_C05_038E","Estimate!!Moved; from abroad!!EDUCATIONAL ATTAINMENT!!Population 25 years and over!!Graduate or professional degree"
"S0701_C05_038M","Margin of Error!!Moved; from abroad MOE!!EDUCATIONAL ATTAINMENT!!Population 25 years and over!!Graduate or professional degree"
"S0701_C05_039E","Estimate!!Moved; from abroad!!INDIVIDUAL INCOME IN THE PAST 12 MONTHS (IN 2017 INFLATION-ADJUSTED DOLLARS)!!Population 15 years and over"
"S0701_C05_039M","Margin of Error!!Moved; from abroad MOE!!INDIVIDUAL INCOME IN THE PAST 12 MONTHS (IN 2017 INFLATION-ADJUSTED DOLLARS)!!Population 15 years and over"
"S0701_C05_040E","Estimate!!Moved; from abroad!!INDIVIDUAL INCOME IN THE PAST 12 MONTHS (IN 2017 INFLATION-ADJUSTED DOLLARS)!!Population 15 years and over!!$1 to $9,999 or loss"
"S0701_C05_040M","Margin of Error!!Moved; from abroad MOE!!INDIVIDUAL INCOME IN THE PAST 12 MONTHS (IN 2017 INFLATION-ADJUSTED DOLLARS)!!Population 15 years and over!!$1 to $9,999 or loss"
"S0701_C05_041E","Estimate!!Moved; from abroad!!INDIVIDUAL INCOME IN THE PAST 12 MONTHS (IN 2017 INFLATION-ADJUSTED DOLLARS)!!Population 15 years and over!!$10,000 to $14,999"
"S0701_C05_041M","Margin of Error!!Moved; from abroad MOE!!INDIVIDUAL INCOME IN THE PAST 12 MONTHS (IN 2017 INFLATION-ADJUSTED DOLLARS)!!Population 15 years and over!!$10,000 to $14,999"
"S0701_C05_042E","Estimate!!Moved; from abroad!!INDIVIDUAL INCOME IN THE PAST 12 MONTHS (IN 2017 INFLATION-ADJUSTED DOLLARS)!!Population 15 years and over!!$15,000 to $24,999"
"S0701_C05_042M","Margin of Error!!Moved; from abroad MOE!!INDIVIDUAL INCOME IN THE PAST 12 MONTHS (IN 2017 INFLATION-ADJUSTED DOLLARS)!!Population 15 years and over!!$15,000 to $24,999"
"S0701_C05_043E","Estimate!!Moved; from abroad!!INDIVIDUAL INCOME IN THE PAST 12 MONTHS (IN 2017 INFLATION-ADJUSTED DOLLARS)!!Population 15 years and over!!$25,000 to $34,999"
"S0701_C05_043M","Margin of Error!!Moved; from abroad MOE!!INDIVIDUAL INCOME IN THE PAST 12 MONTHS (IN 2017 INFLATION-ADJUSTED DOLLARS)!!Population 15 years and over!!$25,000 to $34,999"
"S0701_C05_044E","Estimate!!Moved; from abroad!!INDIVIDUAL INCOME IN THE PAST 12 MONTHS (IN 2017 INFLATION-ADJUSTED DOLLARS)!!Population 15 years and over!!$35,000 to $49,999"
"S0701_C05_044M","Margin of Error!!Moved; from abroad MOE!!INDIVIDUAL INCOME IN THE PAST 12 MONTHS (IN 2017 INFLATION-ADJUSTED DOLLARS)!!Population 15 years and over!!$35,000 to $49,999"
"S0701_C05_045E","Estimate!!Moved; from abroad!!INDIVIDUAL INCOME IN THE PAST 12 MONTHS (IN 2017 INFLATION-ADJUSTED DOLLARS)!!Population 15 years and over!!$50,000 to $64,999"
"S0701_C05_045M","Margin of Error!!Moved; from abroad MOE!!INDIVIDUAL INCOME IN THE PAST 12 MONTHS (IN 2017 INFLATION-ADJUSTED DOLLARS)!!Population 15 years and over!!$50,000 to $64,999"
"S0701_C05_046E","Estimate!!Moved; from abroad!!INDIVIDUAL INCOME IN THE PAST 12 MONTHS (IN 2017 INFLATION-ADJUSTED DOLLARS)!!Population 15 years and over!!$65,000 to $74,999"
"S0701_C05_046M","Margin of Error!!Moved; from abroad MOE!!INDIVIDUAL INCOME IN THE PAST 12 MONTHS (IN 2017 INFLATION-ADJUSTED DOLLARS)!!Population 15 years and over!!$65,000 to $74,999"
"S0701_C05_047E","Estimate!!Moved; from abroad!!INDIVIDUAL INCOME IN THE PAST 12 MONTHS (IN 2017 INFLATION-ADJUSTED DOLLARS)!!Population 15 years and over!!$75,000 or more"
"S0701_C05_047M","Margin of Error!!Moved; from abroad MOE!!INDIVIDUAL INCOME IN THE PAST 12 MONTHS (IN 2017 INFLATION-ADJUSTED DOLLARS)!!Population 15 years and over!!$75,000 or more"
"S0701_C05_048E","Estimate!!Moved; from abroad!!INDIVIDUAL INCOME IN THE PAST 12 MONTHS (IN 2017 INFLATION-ADJUSTED DOLLARS)!!Population 15 years and over!!Median income (dollars)"
"S0701_C05_048M","Margin of Error!!Moved; from abroad MOE!!INDIVIDUAL INCOME IN THE PAST 12 MONTHS (IN 2017 INFLATION-ADJUSTED DOLLARS)!!Population 15 years and over!!Median income (dollars)"
"S0701_C05_049E","Estimate!!Moved; from abroad!!POVERTY STATUS IN THE PAST 12 MONTHS!!Population 1 year and over for whom poverty status is determined"
"S0701_C05_049M","Margin of Error!!Moved; from abroad MOE!!POVERTY STATUS IN THE PAST 12 MONTHS!!Population 1 year and over for whom poverty status is determined"
"S0701_C05_050E","Estimate!!Moved; from abroad!!POVERTY STATUS IN THE PAST 12 MONTHS!!Population 1 year and over for whom poverty status is determined!!Below 100 percent of the poverty level"
"S0701_C05_050M","Margin of Error!!Moved; from abroad MOE!!POVERTY STATUS IN THE PAST 12 MONTHS!!Population 1 year and over for whom poverty status is determined!!Below 100 percent of the poverty level"
"S0701_C05_051E","Estimate!!Moved; from abroad!!POVERTY STATUS IN THE PAST 12 MONTHS!!Population 1 year and over for whom poverty status is determined!!100 to 149 percent of the poverty level"
"S0701_C05_051M","Margin of Error!!Moved; from abroad MOE!!POVERTY STATUS IN THE PAST 12 MONTHS!!Population 1 year and over for whom poverty status is determined!!100 to 149 percent of the poverty level"
"S0701_C05_052E","Estimate!!Moved; from abroad!!POVERTY STATUS IN THE PAST 12 MONTHS!!Population 1 year and over for whom poverty status is determined!!At or above 150 percent of the poverty level"
"S0701_C05_052M","Margin of Error!!Moved; from abroad MOE!!POVERTY STATUS IN THE PAST 12 MONTHS!!Population 1 year and over for whom poverty status is determined!!At or above 150 percent of the poverty level"
"S0701_C05_053E","Estimate!!Moved; from abroad!!HOUSING TENURE!!Population 1 year and over in housing units"
"S0701_C05_053M","Margin of Error!!Moved; from abroad MOE!!HOUSING TENURE!!Population 1 year and over in housing units"
"S0701_C05_054E","Estimate!!Moved; from abroad!!HOUSING TENURE!!Population 1 year and over in housing units!!Householder lived in owner-occupied housing units"
"S0701_C05_054M","Margin of Error!!Moved; from abroad MOE!!HOUSING TENURE!!Population 1 year and over in housing units!!Householder lived in owner-occupied housing units"
"S0701_C05_055E","Estimate!!Moved; from abroad!!HOUSING TENURE!!Population 1 year and over in housing units!!Householder lived in renter-occupied housing units"
"S0701_C05_055M","Margin of Error!!Moved; from abroad MOE!!HOUSING TENURE!!Population 1 year and over in housing units!!Householder lived in renter-occupied housing units"
"S0701_C05_056E","Estimate!!Moved; from abroad!!PERCENT ALLOCATED!!Residence 1 year ago"
"S0701_C05_056M","Margin of Error!!Moved; from abroad MOE!!PERCENT ALLOCATED!!Residence 1 year ago"
