"Column Name","Label"
"GEO_ID","Geography"
"NAME","Geographic Area Name"
"S1810_C01_001E","Estimate!!Total!!Subject!!Total civilian noninstitutionalized population"
"S1810_C01_001M","Margin of Error!!Total MOE!!Subject!!Total civilian noninstitutionalized population"
"S1810_C01_002E","Estimate!!Total!!Subject!!SEX!!Male"
"S1810_C01_002M","Margin of Error!!Total MOE!!Subject!!SEX!!Male"
"S1810_C01_003E","Estimate!!Total!!Subject!!SEX!!Female"
"S1810_C01_003M","Margin of Error!!Total MOE!!Subject!!SEX!!Female"
"S1810_C01_004E","Estimate!!Total!!Subject!!RACE AND HISPANIC OR LATINO ORIGIN!!White alone"
"S1810_C01_004M","Margin of Error!!Total MOE!!Subject!!RACE AND HISPANIC OR LATINO ORIGIN!!White alone"
"S1810_C01_005E","Estimate!!Total!!Subject!!RACE AND HISPANIC OR LATINO ORIGIN!!Black or African American alone"
"S1810_C01_005M","Margin of Error!!Total MOE!!Subject!!RACE AND HISPANIC OR LATINO ORIGIN!!Black or African American alone"
"S1810_C01_006E","Estimate!!Total!!Subject!!RACE AND HISPANIC OR LATINO ORIGIN!!American Indian and Alaska Native alone"
"S1810_C01_006M","Margin of Error!!Total MOE!!Subject!!RACE AND HISPANIC OR LATINO ORIGIN!!American Indian and Alaska Native alone"
"S1810_C01_007E","Estimate!!Total!!Subject!!RACE AND HISPANIC OR LATINO ORIGIN!!Asian alone"
"S1810_C01_007M","Margin of Error!!Total MOE!!Subject!!RACE AND HISPANIC OR LATINO ORIGIN!!Asian alone"
"S1810_C01_008E","Estimate!!Total!!Subject!!RACE AND HISPANIC OR LATINO ORIGIN!!Native Hawaiian and Other Pacific Islander alone"
"S1810_C01_008M","Margin of Error!!Total MOE!!Subject!!RACE AND HISPANIC OR LATINO ORIGIN!!Native Hawaiian and Other Pacific Islander alone"
"S1810_C01_009E","Estimate!!Total!!Subject!!RACE AND HISPANIC OR LATINO ORIGIN!!Some other race alone"
"S1810_C01_009M","Margin of Error!!Total MOE!!Subject!!RACE AND HISPANIC OR LATINO ORIGIN!!Some other race alone"
"S1810_C01_010E","Estimate!!Total!!Subject!!RACE AND HISPANIC OR LATINO ORIGIN!!Two or more races"
"S1810_C01_010M","Margin of Error!!Total MOE!!Subject!!RACE AND HISPANIC OR LATINO ORIGIN!!Two or more races"
"S1810_C01_011E","Estimate!!Total!!Subject!!RACE AND HISPANIC OR LATINO ORIGIN!!White alone, not Hispanic or Latino"
"S1810_C01_011M","Margin of Error!!Total MOE!!Subject!!RACE AND HISPANIC OR LATINO ORIGIN!!White alone, not Hispanic or Latino"
"S1810_C01_012E","Estimate!!Total!!Subject!!RACE AND HISPANIC OR LATINO ORIGIN!!Hispanic or Latino (of any race)"
"S1810_C01_012M","Margin of Error!!Total MOE!!Subject!!RACE AND HISPANIC OR LATINO ORIGIN!!Hispanic or Latino (of any race)"
"S1810_C01_013E","Estimate!!Total!!Subject!!AGE!!Under 5 years"
"S1810_C01_013M","Margin of Error!!Total MOE!!Subject!!AGE!!Under 5 years"
"S1810_C01_014E","Estimate!!Total!!Subject!!AGE!!5 to 17 years"
"S1810_C01_014M","Margin of Error!!Total MOE!!Subject!!AGE!!5 to 17 years"
"S1810_C01_015E","Estimate!!Total!!Subject!!AGE!!18 to 34 years"
"S1810_C01_015M","Margin of Error!!Total MOE!!Subject!!AGE!!18 to 34 years"
"S1810_C01_016E","Estimate!!Total!!Subject!!AGE!!35 to 64 years"
"S1810_C01_016M","Margin of Error!!Total MOE!!Subject!!AGE!!35 to 64 years"
"S1810_C01_017E","Estimate!!Total!!Subject!!AGE!!65 to 74 years"
"S1810_C01_017M","Margin of Error!!Total MOE!!Subject!!AGE!!65 to 74 years"
"S1810_C01_018E","Estimate!!Total!!Subject!!AGE!!75 years and over"
"S1810_C01_018M","Margin of Error!!Total MOE!!Subject!!AGE!!75 years and over"
"S1810_C01_019E","Estimate!!Total!!Subject!!DISABILITY TYPE BY DETAILED AGE!!With a hearing difficulty"
"S1810_C01_019M","Margin of Error!!Total MOE!!Subject!!DISABILITY TYPE BY DETAILED AGE!!With a hearing difficulty"
"S1810_C01_020E","Estimate!!Total!!Subject!!DISABILITY TYPE BY DETAILED AGE!!With a hearing difficulty!!Population under 18 years"
"S1810_C01_020M","Margin of Error!!Total MOE!!Subject!!DISABILITY TYPE BY DETAILED AGE!!With a hearing difficulty!!Population under 18 years"
"S1810_C01_021E","Estimate!!Total!!Subject!!DISABILITY TYPE BY DETAILED AGE!!With a hearing difficulty!!Population under 18 years!!Population under 5 years"
"S1810_C01_021M","Margin of Error!!Total MOE!!Subject!!DISABILITY TYPE BY DETAILED AGE!!With a hearing difficulty!!Population under 18 years!!Population under 5 years"
"S1810_C01_022E","Estimate!!Total!!Subject!!DISABILITY TYPE BY DETAILED AGE!!With a hearing difficulty!!Population under 18 years!!Population 5 to 17 years"
"S1810_C01_022M","Margin of Error!!Total MOE!!Subject!!DISABILITY TYPE BY DETAILED AGE!!With a hearing difficulty!!Population under 18 years!!Population 5 to 17 years"
"S1810_C01_023E","Estimate!!Total!!Subject!!DISABILITY TYPE BY DETAILED AGE!!With a hearing difficulty!!Population 18 to 64 years"
"S1810_C01_023M","Margin of Error!!Total MOE!!Subject!!DISABILITY TYPE BY DETAILED AGE!!With a hearing difficulty!!Population 18 to 64 years"
"S1810_C01_024E","Estimate!!Total!!Subject!!DISABILITY TYPE BY DETAILED AGE!!With a hearing difficulty!!Population 18 to 64 years!!Population 18 to 34 years"
"S1810_C01_024M","Margin of Error!!Total MOE!!Subject!!DISABILITY TYPE BY DETAILED AGE!!With a hearing difficulty!!Population 18 to 64 years!!Population 18 to 34 years"
"S1810_C01_025E","Estimate!!Total!!Subject!!DISABILITY TYPE BY DETAILED AGE!!With a hearing difficulty!!Population 18 to 64 years!!Population 35 to 64 years"
"S1810_C01_025M","Margin of Error!!Total MOE!!Subject!!DISABILITY TYPE BY DETAILED AGE!!With a hearing difficulty!!Population 18 to 64 years!!Population 35 to 64 years"
"S1810_C01_026E","Estimate!!Total!!Subject!!DISABILITY TYPE BY DETAILED AGE!!With a hearing difficulty!!Population 65 years and over"
"S1810_C01_026M","Margin of Error!!Total MOE!!Subject!!DISABILITY TYPE BY DETAILED AGE!!With a hearing difficulty!!Population 65 years and over"
"S1810_C01_027E","Estimate!!Total!!Subject!!DISABILITY TYPE BY DETAILED AGE!!With a hearing difficulty!!Population 65 years and over!!Population 65 to 74 years"
"S1810_C01_027M","Margin of Error!!Total MOE!!Subject!!DISABILITY TYPE BY DETAILED AGE!!With a hearing difficulty!!Population 65 years and over!!Population 65 to 74 years"
"S1810_C01_028E","Estimate!!Total!!Subject!!DISABILITY TYPE BY DETAILED AGE!!With a hearing difficulty!!Population 65 years and over!!Population 75 years and over"
"S1810_C01_028M","Margin of Error!!Total MOE!!Subject!!DISABILITY TYPE BY DETAILED AGE!!With a hearing difficulty!!Population 65 years and over!!Population 75 years and over"
"S1810_C01_029E","Estimate!!Total!!Subject!!DISABILITY TYPE BY DETAILED AGE!!With a vision difficulty"
"S1810_C01_029M","Margin of Error!!Total MOE!!Subject!!DISABILITY TYPE BY DETAILED AGE!!With a vision difficulty"
"S1810_C01_030E","Estimate!!Total!!Subject!!DISABILITY TYPE BY DETAILED AGE!!With a vision difficulty!!Population under 18 years"
"S1810_C01_030M","Margin of Error!!Total MOE!!Subject!!DISABILITY TYPE BY DETAILED AGE!!With a vision difficulty!!Population under 18 years"
"S1810_C01_031E","Estimate!!Total!!Subject!!DISABILITY TYPE BY DETAILED AGE!!With a vision difficulty!!Population under 18 years!!Population under 5 years"
"S1810_C01_031M","Margin of Error!!Total MOE!!Subject!!DISABILITY TYPE BY DETAILED AGE!!With a vision difficulty!!Population under 18 years!!Population under 5 years"
"S1810_C01_032E","Estimate!!Total!!Subject!!DISABILITY TYPE BY DETAILED AGE!!With a vision difficulty!!Population under 18 years!!Population 5 to 17 years"
"S1810_C01_032M","Margin of Error!!Total MOE!!Subject!!DISABILITY TYPE BY DETAILED AGE!!With a vision difficulty!!Population under 18 years!!Population 5 to 17 years"
"S1810_C01_033E","Estimate!!Total!!Subject!!DISABILITY TYPE BY DETAILED AGE!!With a vision difficulty!!Population 18 to 64 years"
"S1810_C01_033M","Margin of Error!!Total MOE!!Subject!!DISABILITY TYPE BY DETAILED AGE!!With a vision difficulty!!Population 18 to 64 years"
"S1810_C01_034E","Estimate!!Total!!Subject!!DISABILITY TYPE BY DETAILED AGE!!With a vision difficulty!!Population 18 to 64 years!!Population 18 to 34 years"
"S1810_C01_034M","Margin of Error!!Total MOE!!Subject!!DISABILITY TYPE BY DETAILED AGE!!With a vision difficulty!!Population 18 to 64 years!!Population 18 to 34 years"
"S1810_C01_035E","Estimate!!Total!!Subject!!DISABILITY TYPE BY DETAILED AGE!!With a vision difficulty!!Population 18 to 64 years!!Population 35 to 64 years"
"S1810_C01_035M","Margin of Error!!Total MOE!!Subject!!DISABILITY TYPE BY DETAILED AGE!!With a vision difficulty!!Population 18 to 64 years!!Population 35 to 64 years"
"S1810_C01_036E","Estimate!!Total!!Subject!!DISABILITY TYPE BY DETAILED AGE!!With a vision difficulty!!Population 65 years and over"
"S1810_C01_036M","Margin of Error!!Total MOE!!Subject!!DISABILITY TYPE BY DETAILED AGE!!With a vision difficulty!!Population 65 years and over"
"S1810_C01_037E","Estimate!!Total!!Subject!!DISABILITY TYPE BY DETAILED AGE!!With a vision difficulty!!Population 65 years and over!!Population 65 to 74 years"
"S1810_C01_037M","Margin of Error!!Total MOE!!Subject!!DISABILITY TYPE BY DETAILED AGE!!With a vision difficulty!!Population 65 years and over!!Population 65 to 74 years"
"S1810_C01_038E","Estimate!!Total!!Subject!!DISABILITY TYPE BY DETAILED AGE!!With a vision difficulty!!Population 65 years and over!!Population 75 years and over"
"S1810_C01_038M","Margin of Error!!Total MOE!!Subject!!DISABILITY TYPE BY DETAILED AGE!!With a vision difficulty!!Population 65 years and over!!Population 75 years and over"
"S1810_C01_039E","Estimate!!Total!!Subject!!DISABILITY TYPE BY DETAILED AGE!!With a cognitive difficulty"
"S1810_C01_039M","Margin of Error!!Total MOE!!Subject!!DISABILITY TYPE BY DETAILED AGE!!With a cognitive difficulty"
"S1810_C01_040E","Estimate!!Total!!Subject!!DISABILITY TYPE BY DETAILED AGE!!With a cognitive difficulty!!Population under 18 years"
"S1810_C01_040M","Margin of Error!!Total MOE!!Subject!!DISABILITY TYPE BY DETAILED AGE!!With a cognitive difficulty!!Population under 18 years"
"S1810_C01_041E","Estimate!!Total!!Subject!!DISABILITY TYPE BY DETAILED AGE!!With a cognitive difficulty!!Population 18 to 64 years"
"S1810_C01_041M","Margin of Error!!Total MOE!!Subject!!DISABILITY TYPE BY DETAILED AGE!!With a cognitive difficulty!!Population 18 to 64 years"
"S1810_C01_042E","Estimate!!Total!!Subject!!DISABILITY TYPE BY DETAILED AGE!!With a cognitive difficulty!!Population 18 to 64 years!!Population 18 to 34 years"
"S1810_C01_042M","Margin of Error!!Total MOE!!Subject!!DISABILITY TYPE BY DETAILED AGE!!With a cognitive difficulty!!Population 18 to 64 years!!Population 18 to 34 years"
"S1810_C01_043E","Estimate!!Total!!Subject!!DISABILITY TYPE BY DETAILED AGE!!With a cognitive difficulty!!Population 18 to 64 years!!Population 35 to 64 years"
"S1810_C01_043M","Margin of Error!!Total MOE!!Subject!!DISABILITY TYPE BY DETAILED AGE!!With a cognitive difficulty!!Population 18 to 64 years!!Population 35 to 64 years"
"S1810_C01_044E","Estimate!!Total!!Subject!!DISABILITY TYPE BY DETAILED AGE!!With a cognitive difficulty!!Population 65 years and over"
"S1810_C01_044M","Margin of Error!!Total MOE!!Subject!!DISABILITY TYPE BY DETAILED AGE!!With a cognitive difficulty!!Population 65 years and over"
"S1810_C01_045E","Estimate!!Total!!Subject!!DISABILITY TYPE BY DETAILED AGE!!With a cognitive difficulty!!Population 65 years and over!!Population 65 to 74 years"
"S1810_C01_045M","Margin of Error!!Total MOE!!Subject!!DISABILITY TYPE BY DETAILED AGE!!With a cognitive difficulty!!Population 65 years and over!!Population 65 to 74 years"
"S1810_C01_046E","Estimate!!Total!!Subject!!DISABILITY TYPE BY DETAILED AGE!!With a cognitive difficulty!!Population 65 years and over!!Population 75 years and over"
"S1810_C01_046M","Margin of Error!!Total MOE!!Subject!!DISABILITY TYPE BY DETAILED AGE!!With a cognitive difficulty!!Population 65 years and over!!Population 75 years and over"
"S1810_C01_047E","Estimate!!Total!!Subject!!DISABILITY TYPE BY DETAILED AGE!!With an ambulatory difficulty"
"S1810_C01_047M","Margin of Error!!Total MOE!!Subject!!DISABILITY TYPE BY DETAILED AGE!!With an ambulatory difficulty"
"S1810_C01_048E","Estimate!!Total!!Subject!!DISABILITY TYPE BY DETAILED AGE!!With an ambulatory difficulty!!Population under 18 years"
"S1810_C01_048M","Margin of Error!!Total MOE!!Subject!!DISABILITY TYPE BY DETAILED AGE!!With an ambulatory difficulty!!Population under 18 years"
"S1810_C01_049E","Estimate!!Total!!Subject!!DISABILITY TYPE BY DETAILED AGE!!With an ambulatory difficulty!!Population 18 to 64 years"
"S1810_C01_049M","Margin of Error!!Total MOE!!Subject!!DISABILITY TYPE BY DETAILED AGE!!With an ambulatory difficulty!!Population 18 to 64 years"
"S1810_C01_050E","Estimate!!Total!!Subject!!DISABILITY TYPE BY DETAILED AGE!!With an ambulatory difficulty!!Population 18 to 64 years!!Population 18 to 34 years"
"S1810_C01_050M","Margin of Error!!Total MOE!!Subject!!DISABILITY TYPE BY DETAILED AGE!!With an ambulatory difficulty!!Population 18 to 64 years!!Population 18 to 34 years"
"S1810_C01_051E","Estimate!!Total!!Subject!!DISABILITY TYPE BY DETAILED AGE!!With an ambulatory difficulty!!Population 18 to 64 years!!Population 35 to 64 years"
"S1810_C01_051M","Margin of Error!!Total MOE!!Subject!!DISABILITY TYPE BY DETAILED AGE!!With an ambulatory difficulty!!Population 18 to 64 years!!Population 35 to 64 years"
"S1810_C01_052E","Estimate!!Total!!Subject!!DISABILITY TYPE BY DETAILED AGE!!With an ambulatory difficulty!!Population 65 years and over"
"S1810_C01_052M","Margin of Error!!Total MOE!!Subject!!DISABILITY TYPE BY DETAILED AGE!!With an ambulatory difficulty!!Population 65 years and over"
"S1810_C01_053E","Estimate!!Total!!Subject!!DISABILITY TYPE BY DETAILED AGE!!With an ambulatory difficulty!!Population 65 years and over!!Population 65 to 74 years"
"S1810_C01_053M","Margin of Error!!Total MOE!!Subject!!DISABILITY TYPE BY DETAILED AGE!!With an ambulatory difficulty!!Population 65 years and over!!Population 65 to 74 years"
"S1810_C01_054E","Estimate!!Total!!Subject!!DISABILITY TYPE BY DETAILED AGE!!With an ambulatory difficulty!!Population 65 years and over!!Population 75 years and over"
"S1810_C01_054M","Margin of Error!!Total MOE!!Subject!!DISABILITY TYPE BY DETAILED AGE!!With an ambulatory difficulty!!Population 65 years and over!!Population 75 years and over"
"S1810_C01_055E","Estimate!!Total!!Subject!!DISABILITY TYPE BY DETAILED AGE!!With a self-care difficulty"
"S1810_C01_055M","Margin of Error!!Total MOE!!Subject!!DISABILITY TYPE BY DETAILED AGE!!With a self-care difficulty"
"S1810_C01_056E","Estimate!!Total!!Subject!!DISABILITY TYPE BY DETAILED AGE!!With a self-care difficulty!!Population under 18 years"
"S1810_C01_056M","Margin of Error!!Total MOE!!Subject!!DISABILITY TYPE BY DETAILED AGE!!With a self-care difficulty!!Population under 18 years"
"S1810_C01_057E","Estimate!!Total!!Subject!!DISABILITY TYPE BY DETAILED AGE!!With a self-care difficulty!!Population 18 to 64 years"
"S1810_C01_057M","Margin of Error!!Total MOE!!Subject!!DISABILITY TYPE BY DETAILED AGE!!With a self-care difficulty!!Population 18 to 64 years"
"S1810_C01_058E","Estimate!!Total!!Subject!!DISABILITY TYPE BY DETAILED AGE!!With a self-care difficulty!!Population 18 to 64 years!!Population 18 to 34 years"
"S1810_C01_058M","Margin of Error!!Total MOE!!Subject!!DISABILITY TYPE BY DETAILED AGE!!With a self-care difficulty!!Population 18 to 64 years!!Population 18 to 34 years"
"S1810_C01_059E","Estimate!!Total!!Subject!!DISABILITY TYPE BY DETAILED AGE!!With a self-care difficulty!!Population 18 to 64 years!!Population 35 to 64 years"
"S1810_C01_059M","Margin of Error!!Total MOE!!Subject!!DISABILITY TYPE BY DETAILED AGE!!With a self-care difficulty!!Population 18 to 64 years!!Population 35 to 64 years"
"S1810_C01_060E","Estimate!!Total!!Subject!!DISABILITY TYPE BY DETAILED AGE!!With a self-care difficulty!!Population 65 years and over"
"S1810_C01_060M","Margin of Error!!Total MOE!!Subject!!DISABILITY TYPE BY DETAILED AGE!!With a self-care difficulty!!Population 65 years and over"
"S1810_C01_061E","Estimate!!Total!!Subject!!DISABILITY TYPE BY DETAILED AGE!!With a self-care difficulty!!Population 65 years and over!!Population 65 to 74 years"
"S1810_C01_061M","Margin of Error!!Total MOE!!Subject!!DISABILITY TYPE BY DETAILED AGE!!With a self-care difficulty!!Population 65 years and over!!Population 65 to 74 years"
"S1810_C01_062E","Estimate!!Total!!Subject!!DISABILITY TYPE BY DETAILED AGE!!With a self-care difficulty!!Population 65 years and over!!Population 75 years and over"
"S1810_C01_062M","Margin of Error!!Total MOE!!Subject!!DISABILITY TYPE BY DETAILED AGE!!With a self-care difficulty!!Population 65 years and over!!Population 75 years and over"
"S1810_C01_063E","Estimate!!Total!!Subject!!DISABILITY TYPE BY DETAILED AGE!!With an independent living difficulty"
"S1810_C01_063M","Margin of Error!!Total MOE!!Subject!!DISABILITY TYPE BY DETAILED AGE!!With an independent living difficulty"
"S1810_C01_064E","Estimate!!Total!!Subject!!DISABILITY TYPE BY DETAILED AGE!!With an independent living difficulty!!Population 18 to 64 years"
"S1810_C01_064M","Margin of Error!!Total MOE!!Subject!!DISABILITY TYPE BY DETAILED AGE!!With an independent living difficulty!!Population 18 to 64 years"
"S1810_C01_065E","Estimate!!Total!!Subject!!DISABILITY TYPE BY DETAILED AGE!!With an independent living difficulty!!Population 18 to 64 years!!Population 18 to 34 years"
"S1810_C01_065M","Margin of Error!!Total MOE!!Subject!!DISABILITY TYPE BY DETAILED AGE!!With an independent living difficulty!!Population 18 to 64 years!!Population 18 to 34 years"
"S1810_C01_066E","Estimate!!Total!!Subject!!DISABILITY TYPE BY DETAILED AGE!!With an independent living difficulty!!Population 18 to 64 years!!Population 35 to 64 years"
"S1810_C01_066M","Margin of Error!!Total MOE!!Subject!!DISABILITY TYPE BY DETAILED AGE!!With an independent living difficulty!!Population 18 to 64 years!!Population 35 to 64 years"
"S1810_C01_067E","Estimate!!Total!!Subject!!DISABILITY TYPE BY DETAILED AGE!!With an independent living difficulty!!Population 65 years and over"
"S1810_C01_067M","Margin of Error!!Total MOE!!Subject!!DISABILITY TYPE BY DETAILED AGE!!With an independent living difficulty!!Population 65 years and over"
"S1810_C01_068E","Estimate!!Total!!Subject!!DISABILITY TYPE BY DETAILED AGE!!With an independent living difficulty!!Population 65 years and over!!Population 65 to 74 years"
"S1810_C01_068M","Margin of Error!!Total MOE!!Subject!!DISABILITY TYPE BY DETAILED AGE!!With an independent living difficulty!!Population 65 years and over!!Population 65 to 74 years"
"S1810_C01_069E","Estimate!!Total!!Subject!!DISABILITY TYPE BY DETAILED AGE!!With an independent living difficulty!!Population 65 years and over!!Population 75 years and over"
"S1810_C01_069M","Margin of Error!!Total MOE!!Subject!!DISABILITY TYPE BY DETAILED AGE!!With an independent living difficulty!!Population 65 years and over!!Population 75 years and over"
"S1810_C02_001E","Estimate!!With a disability!!Subject!!Total civilian noninstitutionalized population"
"S1810_C02_001M","Margin of Error!!With a disability MOE!!Subject!!Total civilian noninstitutionalized population"
"S1810_C02_002E","Estimate!!With a disability!!Subject!!SEX!!Male"
"S1810_C02_002M","Margin of Error!!With a disability MOE!!Subject!!SEX!!Male"
"S1810_C02_003E","Estimate!!With a disability!!Subject!!SEX!!Female"
"S1810_C02_003M","Margin of Error!!With a disability MOE!!Subject!!SEX!!Female"
"S1810_C02_004E","Estimate!!With a disability!!Subject!!RACE AND HISPANIC OR LATINO ORIGIN!!White alone"
"S1810_C02_004M","Margin of Error!!With a disability MOE!!Subject!!RACE AND HISPANIC OR LATINO ORIGIN!!White alone"
"S1810_C02_005E","Estimate!!With a disability!!Subject!!RACE AND HISPANIC OR LATINO ORIGIN!!Black or African American alone"
"S1810_C02_005M","Margin of Error!!With a disability MOE!!Subject!!RACE AND HISPANIC OR LATINO ORIGIN!!Black or African American alone"
"S1810_C02_006E","Estimate!!With a disability!!Subject!!RACE AND HISPANIC OR LATINO ORIGIN!!American Indian and Alaska Native alone"
"S1810_C02_006M","Margin of Error!!With a disability MOE!!Subject!!RACE AND HISPANIC OR LATINO ORIGIN!!American Indian and Alaska Native alone"
"S1810_C02_007E","Estimate!!With a disability!!Subject!!RACE AND HISPANIC OR LATINO ORIGIN!!Asian alone"
"S1810_C02_007M","Margin of Error!!With a disability MOE!!Subject!!RACE AND HISPANIC OR LATINO ORIGIN!!Asian alone"
"S1810_C02_008E","Estimate!!With a disability!!Subject!!RACE AND HISPANIC OR LATINO ORIGIN!!Native Hawaiian and Other Pacific Islander alone"
"S1810_C02_008M","Margin of Error!!With a disability MOE!!Subject!!RACE AND HISPANIC OR LATINO ORIGIN!!Native Hawaiian and Other Pacific Islander alone"
"S1810_C02_009E","Estimate!!With a disability!!Subject!!RACE AND HISPANIC OR LATINO ORIGIN!!Some other race alone"
"S1810_C02_009M","Margin of Error!!With a disability MOE!!Subject!!RACE AND HISPANIC OR LATINO ORIGIN!!Some other race alone"
"S1810_C02_010E","Estimate!!With a disability!!Subject!!RACE AND HISPANIC OR LATINO ORIGIN!!Two or more races"
"S1810_C02_010M","Margin of Error!!With a disability MOE!!Subject!!RACE AND HISPANIC OR LATINO ORIGIN!!Two or more races"
"S1810_C02_011E","Estimate!!With a disability!!Subject!!RACE AND HISPANIC OR LATINO ORIGIN!!White alone, not Hispanic or Latino"
"S1810_C02_011M","Margin of Error!!With a disability MOE!!Subject!!RACE AND HISPANIC OR LATINO ORIGIN!!White alone, not Hispanic or Latino"
"S1810_C02_012E","Estimate!!With a disability!!Subject!!RACE AND HISPANIC OR LATINO ORIGIN!!Hispanic or Latino (of any race)"
"S1810_C02_012M","Margin of Error!!With a disability MOE!!Subject!!RACE AND HISPANIC OR LATINO ORIGIN!!Hispanic or Latino (of any race)"
"S1810_C02_013E","Estimate!!With a disability!!Subject!!AGE!!Under 5 years"
"S1810_C02_013M","Margin of Error!!With a disability MOE!!Subject!!AGE!!Under 5 years"
"S1810_C02_014E","Estimate!!With a disability!!Subject!!AGE!!5 to 17 years"
"S1810_C02_014M","Margin of Error!!With a disability MOE!!Subject!!AGE!!5 to 17 years"
"S1810_C02_015E","Estimate!!With a disability!!Subject!!AGE!!18 to 34 years"
"S1810_C02_015M","Margin of Error!!With a disability MOE!!Subject!!AGE!!18 to 34 years"
"S1810_C02_016E","Estimate!!With a disability!!Subject!!AGE!!35 to 64 years"
"S1810_C02_016M","Margin of Error!!With a disability MOE!!Subject!!AGE!!35 to 64 years"
"S1810_C02_017E","Estimate!!With a disability!!Subject!!AGE!!65 to 74 years"
"S1810_C02_017M","Margin of Error!!With a disability MOE!!Subject!!AGE!!65 to 74 years"
"S1810_C02_018E","Estimate!!With a disability!!Subject!!AGE!!75 years and over"
"S1810_C02_018M","Margin of Error!!With a disability MOE!!Subject!!AGE!!75 years and over"
"S1810_C02_019E","Estimate!!With a disability!!Subject!!DISABILITY TYPE BY DETAILED AGE!!With a hearing difficulty"
"S1810_C02_019M","Margin of Error!!With a disability MOE!!Subject!!DISABILITY TYPE BY DETAILED AGE!!With a hearing difficulty"
"S1810_C02_020E","Estimate!!With a disability!!Subject!!DISABILITY TYPE BY DETAILED AGE!!With a hearing difficulty!!Population under 18 years"
"S1810_C02_020M","Margin of Error!!With a disability MOE!!Subject!!DISABILITY TYPE BY DETAILED AGE!!With a hearing difficulty!!Population under 18 years"
"S1810_C02_021E","Estimate!!With a disability!!Subject!!DISABILITY TYPE BY DETAILED AGE!!With a hearing difficulty!!Population under 18 years!!Population under 5 years"
"S1810_C02_021M","Margin of Error!!With a disability MOE!!Subject!!DISABILITY TYPE BY DETAILED AGE!!With a hearing difficulty!!Population under 18 years!!Population under 5 years"
"S1810_C02_022E","Estimate!!With a disability!!Subject!!DISABILITY TYPE BY DETAILED AGE!!With a hearing difficulty!!Population under 18 years!!Population 5 to 17 years"
"S1810_C02_022M","Margin of Error!!With a disability MOE!!Subject!!DISABILITY TYPE BY DETAILED AGE!!With a hearing difficulty!!Population under 18 years!!Population 5 to 17 years"
"S1810_C02_023E","Estimate!!With a disability!!Subject!!DISABILITY TYPE BY DETAILED AGE!!With a hearing difficulty!!Population 18 to 64 years"
"S1810_C02_023M","Margin of Error!!With a disability MOE!!Subject!!DISABILITY TYPE BY DETAILED AGE!!With a hearing difficulty!!Population 18 to 64 years"
"S1810_C02_024E","Estimate!!With a disability!!Subject!!DISABILITY TYPE BY DETAILED AGE!!With a hearing difficulty!!Population 18 to 64 years!!Population 18 to 34 years"
"S1810_C02_024M","Margin of Error!!With a disability MOE!!Subject!!DISABILITY TYPE BY DETAILED AGE!!With a hearing difficulty!!Population 18 to 64 years!!Population 18 to 34 years"
"S1810_C02_025E","Estimate!!With a disability!!Subject!!DISABILITY TYPE BY DETAILED AGE!!With a hearing difficulty!!Population 18 to 64 years!!Population 35 to 64 years"
"S1810_C02_025M","Margin of Error!!With a disability MOE!!Subject!!DISABILITY TYPE BY DETAILED AGE!!With a hearing difficulty!!Population 18 to 64 years!!Population 35 to 64 years"
"S1810_C02_026E","Estimate!!With a disability!!Subject!!DISABILITY TYPE BY DETAILED AGE!!With a hearing difficulty!!Population 65 years and over"
"S1810_C02_026M","Margin of Error!!With a disability MOE!!Subject!!DISABILITY TYPE BY DETAILED AGE!!With a hearing difficulty!!Population 65 years and over"
"S1810_C02_027E","Estimate!!With a disability!!Subject!!DISABILITY TYPE BY DETAILED AGE!!With a hearing difficulty!!Population 65 years and over!!Population 65 to 74 years"
"S1810_C02_027M","Margin of Error!!With a disability MOE!!Subject!!DISABILITY TYPE BY DETAILED AGE!!With a hearing difficulty!!Population 65 years and over!!Population 65 to 74 years"
"S1810_C02_028E","Estimate!!With a disability!!Subject!!DISABILITY TYPE BY DETAILED AGE!!With a hearing difficulty!!Population 65 years and over!!Population 75 years and over"
"S1810_C02_028M","Margin of Error!!With a disability MOE!!Subject!!DISABILITY TYPE BY DETAILED AGE!!With a hearing difficulty!!Population 65 years and over!!Population 75 years and over"
"S1810_C02_029E","Estimate!!With a disability!!Subject!!DISABILITY TYPE BY DETAILED AGE!!With a vision difficulty"
"S1810_C02_029M","Margin of Error!!With a disability MOE!!Subject!!DISABILITY TYPE BY DETAILED AGE!!With a vision difficulty"
"S1810_C02_030E","Estimate!!With a disability!!Subject!!DISABILITY TYPE BY DETAILED AGE!!With a vision difficulty!!Population under 18 years"
"S1810_C02_030M","Margin of Error!!With a disability MOE!!Subject!!DISABILITY TYPE BY DETAILED AGE!!With a vision difficulty!!Population under 18 years"
"S1810_C02_031E","Estimate!!With a disability!!Subject!!DISABILITY TYPE BY DETAILED AGE!!With a vision difficulty!!Population under 18 years!!Population under 5 years"
"S1810_C02_031M","Margin of Error!!With a disability MOE!!Subject!!DISABILITY TYPE BY DETAILED AGE!!With a vision difficulty!!Population under 18 years!!Population under 5 years"
"S1810_C02_032E","Estimate!!With a disability!!Subject!!DISABILITY TYPE BY DETAILED AGE!!With a vision difficulty!!Population under 18 years!!Population 5 to 17 years"
"S1810_C02_032M","Margin of Error!!With a disability MOE!!Subject!!DISABILITY TYPE BY DETAILED AGE!!With a vision difficulty!!Population under 18 years!!Population 5 to 17 years"
"S1810_C02_033E","Estimate!!With a disability!!Subject!!DISABILITY TYPE BY DETAILED AGE!!With a vision difficulty!!Population 18 to 64 years"
"S1810_C02_033M","Margin of Error!!With a disability MOE!!Subject!!DISABILITY TYPE BY DETAILED AGE!!With a vision difficulty!!Population 18 to 64 years"
"S1810_C02_034E","Estimate!!With a disability!!Subject!!DISABILITY TYPE BY DETAILED AGE!!With a vision difficulty!!Population 18 to 64 years!!Population 18 to 34 years"
"S1810_C02_034M","Margin of Error!!With a disability MOE!!Subject!!DISABILITY TYPE BY DETAILED AGE!!With a vision difficulty!!Population 18 to 64 years!!Population 18 to 34 years"
"S1810_C02_035E","Estimate!!With a disability!!Subject!!DISABILITY TYPE BY DETAILED AGE!!With a vision difficulty!!Population 18 to 64 years!!Population 35 to 64 years"
"S1810_C02_035M","Margin of Error!!With a disability MOE!!Subject!!DISABILITY TYPE BY DETAILED AGE!!With a vision difficulty!!Population 18 to 64 years!!Population 35 to 64 years"
"S1810_C02_036E","Estimate!!With a disability!!Subject!!DISABILITY TYPE BY DETAILED AGE!!With a vision difficulty!!Population 65 years and over"
"S1810_C02_036M","Margin of Error!!With a disability MOE!!Subject!!DISABILITY TYPE BY DETAILED AGE!!With a vision difficulty!!Population 65 years and over"
"S1810_C02_037E","Estimate!!With a disability!!Subject!!DISABILITY TYPE BY DETAILED AGE!!With a vision difficulty!!Population 65 years and over!!Population 65 to 74 years"
"S1810_C02_037M","Margin of Error!!With a disability MOE!!Subject!!DISABILITY TYPE BY DETAILED AGE!!With a vision difficulty!!Population 65 years and over!!Population 65 to 74 years"
"S1810_C02_038E","Estimate!!With a disability!!Subject!!DISABILITY TYPE BY DETAILED AGE!!With a vision difficulty!!Population 65 years and over!!Population 75 years and over"
"S1810_C02_038M","Margin of Error!!With a disability MOE!!Subject!!DISABILITY TYPE BY DETAILED AGE!!With a vision difficulty!!Population 65 years and over!!Population 75 years and over"
"S1810_C02_039E","Estimate!!With a disability!!Subject!!DISABILITY TYPE BY DETAILED AGE!!With a cognitive difficulty"
"S1810_C02_039M","Margin of Error!!With a disability MOE!!Subject!!DISABILITY TYPE BY DETAILED AGE!!With a cognitive difficulty"
"S1810_C02_040E","Estimate!!With a disability!!Subject!!DISABILITY TYPE BY DETAILED AGE!!With a cognitive difficulty!!Population under 18 years"
"S1810_C02_040M","Margin of Error!!With a disability MOE!!Subject!!DISABILITY TYPE BY DETAILED AGE!!With a cognitive difficulty!!Population under 18 years"
"S1810_C02_041E","Estimate!!With a disability!!Subject!!DISABILITY TYPE BY DETAILED AGE!!With a cognitive difficulty!!Population 18 to 64 years"
"S1810_C02_041M","Margin of Error!!With a disability MOE!!Subject!!DISABILITY TYPE BY DETAILED AGE!!With a cognitive difficulty!!Population 18 to 64 years"
"S1810_C02_042E","Estimate!!With a disability!!Subject!!DISABILITY TYPE BY DETAILED AGE!!With a cognitive difficulty!!Population 18 to 64 years!!Population 18 to 34 years"
"S1810_C02_042M","Margin of Error!!With a disability MOE!!Subject!!DISABILITY TYPE BY DETAILED AGE!!With a cognitive difficulty!!Population 18 to 64 years!!Population 18 to 34 years"
"S1810_C02_043E","Estimate!!With a disability!!Subject!!DISABILITY TYPE BY DETAILED AGE!!With a cognitive difficulty!!Population 18 to 64 years!!Population 35 to 64 years"
"S1810_C02_043M","Margin of Error!!With a disability MOE!!Subject!!DISABILITY TYPE BY DETAILED AGE!!With a cognitive difficulty!!Population 18 to 64 years!!Population 35 to 64 years"
"S1810_C02_044E","Estimate!!With a disability!!Subject!!DISABILITY TYPE BY DETAILED AGE!!With a cognitive difficulty!!Population 65 years and over"
"S1810_C02_044M","Margin of Error!!With a disability MOE!!Subject!!DISABILITY TYPE BY DETAILED AGE!!With a cognitive difficulty!!Population 65 years and over"
"S1810_C02_045E","Estimate!!With a disability!!Subject!!DISABILITY TYPE BY DETAILED AGE!!With a cognitive difficulty!!Population 65 years and over!!Population 65 to 74 years"
"S1810_C02_045M","Margin of Error!!With a disability MOE!!Subject!!DISABILITY TYPE BY DETAILED AGE!!With a cognitive difficulty!!Population 65 years and over!!Population 65 to 74 years"
"S1810_C02_046E","Estimate!!With a disability!!Subject!!DISABILITY TYPE BY DETAILED AGE!!With a cognitive difficulty!!Population 65 years and over!!Population 75 years and over"
"S1810_C02_046M","Margin of Error!!With a disability MOE!!Subject!!DISABILITY TYPE BY DETAILED AGE!!With a cognitive difficulty!!Population 65 years and over!!Population 75 years and over"
"S1810_C02_047E","Estimate!!With a disability!!Subject!!DISABILITY TYPE BY DETAILED AGE!!With an ambulatory difficulty"
"S1810_C02_047M","Margin of Error!!With a disability MOE!!Subject!!DISABILITY TYPE BY DETAILED AGE!!With an ambulatory difficulty"
"S1810_C02_048E","Estimate!!With a disability!!Subject!!DISABILITY TYPE BY DETAILED AGE!!With an ambulatory difficulty!!Population under 18 years"
"S1810_C02_048M","Margin of Error!!With a disability MOE!!Subject!!DISABILITY TYPE BY DETAILED AGE!!With an ambulatory difficulty!!Population under 18 years"
"S1810_C02_049E","Estimate!!With a disability!!Subject!!DISABILITY TYPE BY DETAILED AGE!!With an ambulatory difficulty!!Population 18 to 64 years"
"S1810_C02_049M","Margin of Error!!With a disability MOE!!Subject!!DISABILITY TYPE BY DETAILED AGE!!With an ambulatory difficulty!!Population 18 to 64 years"
"S1810_C02_050E","Estimate!!With a disability!!Subject!!DISABILITY TYPE BY DETAILED AGE!!With an ambulatory difficulty!!Population 18 to 64 years!!Population 18 to 34 years"
"S1810_C02_050M","Margin of Error!!With a disability MOE!!Subject!!DISABILITY TYPE BY DETAILED AGE!!With an ambulatory difficulty!!Population 18 to 64 years!!Population 18 to 34 years"
"S1810_C02_051E","Estimate!!With a disability!!Subject!!DISABILITY TYPE BY DETAILED AGE!!With an ambulatory difficulty!!Population 18 to 64 years!!Population 35 to 64 years"
"S1810_C02_051M","Margin of Error!!With a disability MOE!!Subject!!DISABILITY TYPE BY DETAILED AGE!!With an ambulatory difficulty!!Population 18 to 64 years!!Population 35 to 64 years"
"S1810_C02_052E","Estimate!!With a disability!!Subject!!DISABILITY TYPE BY DETAILED AGE!!With an ambulatory difficulty!!Population 65 years and over"
"S1810_C02_052M","Margin of Error!!With a disability MOE!!Subject!!DISABILITY TYPE BY DETAILED AGE!!With an ambulatory difficulty!!Population 65 years and over"
"S1810_C02_053E","Estimate!!With a disability!!Subject!!DISABILITY TYPE BY DETAILED AGE!!With an ambulatory difficulty!!Population 65 years and over!!Population 65 to 74 years"
"S1810_C02_053M","Margin of Error!!With a disability MOE!!Subject!!DISABILITY TYPE BY DETAILED AGE!!With an ambulatory difficulty!!Population 65 years and over!!Population 65 to 74 years"
"S1810_C02_054E","Estimate!!With a disability!!Subject!!DISABILITY TYPE BY DETAILED AGE!!With an ambulatory difficulty!!Population 65 years and over!!Population 75 years and over"
"S1810_C02_054M","Margin of Error!!With a disability MOE!!Subject!!DISABILITY TYPE BY DETAILED AGE!!With an ambulatory difficulty!!Population 65 years and over!!Population 75 years and over"
"S1810_C02_055E","Estimate!!With a disability!!Subject!!DISABILITY TYPE BY DETAILED AGE!!With a self-care difficulty"
"S1810_C02_055M","Margin of Error!!With a disability MOE!!Subject!!DISABILITY TYPE BY DETAILED AGE!!With a self-care difficulty"
"S1810_C02_056E","Estimate!!With a disability!!Subject!!DISABILITY TYPE BY DETAILED AGE!!With a self-care difficulty!!Population under 18 years"
"S1810_C02_056M","Margin of Error!!With a disability MOE!!Subject!!DISABILITY TYPE BY DETAILED AGE!!With a self-care difficulty!!Population under 18 years"
"S1810_C02_057E","Estimate!!With a disability!!Subject!!DISABILITY TYPE BY DETAILED AGE!!With a self-care difficulty!!Population 18 to 64 years"
"S1810_C02_057M","Margin of Error!!With a disability MOE!!Subject!!DISABILITY TYPE BY DETAILED AGE!!With a self-care difficulty!!Population 18 to 64 years"
"S1810_C02_058E","Estimate!!With a disability!!Subject!!DISABILITY TYPE BY DETAILED AGE!!With a self-care difficulty!!Population 18 to 64 years!!Population 18 to 34 years"
"S1810_C02_058M","Margin of Error!!With a disability MOE!!Subject!!DISABILITY TYPE BY DETAILED AGE!!With a self-care difficulty!!Population 18 to 64 years!!Population 18 to 34 years"
"S1810_C02_059E","Estimate!!With a disability!!Subject!!DISABILITY TYPE BY DETAILED AGE!!With a self-care difficulty!!Population 18 to 64 years!!Population 35 to 64 years"
"S1810_C02_059M","Margin of Error!!With a disability MOE!!Subject!!DISABILITY TYPE BY DETAILED AGE!!With a self-care difficulty!!Population 18 to 64 years!!Population 35 to 64 years"
"S1810_C02_060E","Estimate!!With a disability!!Subject!!DISABILITY TYPE BY DETAILED AGE!!With a self-care difficulty!!Population 65 years and over"
"S1810_C02_060M","Margin of Error!!With a disability MOE!!Subject!!DISABILITY TYPE BY DETAILED AGE!!With a self-care difficulty!!Population 65 years and over"
"S1810_C02_061E","Estimate!!With a disability!!Subject!!DISABILITY TYPE BY DETAILED AGE!!With a self-care difficulty!!Population 65 years and over!!Population 65 to 74 years"
"S1810_C02_061M","Margin of Error!!With a disability MOE!!Subject!!DISABILITY TYPE BY DETAILED AGE!!With a self-care difficulty!!Population 65 years and over!!Population 65 to 74 years"
"S1810_C02_062E","Estimate!!With a disability!!Subject!!DISABILITY TYPE BY DETAILED AGE!!With a self-care difficulty!!Population 65 years and over!!Population 75 years and over"
"S1810_C02_062M","Margin of Error!!With a disability MOE!!Subject!!DISABILITY TYPE BY DETAILED AGE!!With a self-care difficulty!!Population 65 years and over!!Population 75 years and over"
"S1810_C02_063E","Estimate!!With a disability!!Subject!!DISABILITY TYPE BY DETAILED AGE!!With an independent living difficulty"
"S1810_C02_063M","Margin of Error!!With a disability MOE!!Subject!!DISABILITY TYPE BY DETAILED AGE!!With an independent living difficulty"
"S1810_C02_064E","Estimate!!With a disability!!Subject!!DISABILITY TYPE BY DETAILED AGE!!With an independent living difficulty!!Population 18 to 64 years"
"S1810_C02_064M","Margin of Error!!With a disability MOE!!Subject!!DISABILITY TYPE BY DETAILED AGE!!With an independent living difficulty!!Population 18 to 64 years"
"S1810_C02_065E","Estimate!!With a disability!!Subject!!DISABILITY TYPE BY DETAILED AGE!!With an independent living difficulty!!Population 18 to 64 years!!Population 18 to 34 years"
"S1810_C02_065M","Margin of Error!!With a disability MOE!!Subject!!DISABILITY TYPE BY DETAILED AGE!!With an independent living difficulty!!Population 18 to 64 years!!Population 18 to 34 years"
"S1810_C02_066E","Estimate!!With a disability!!Subject!!DISABILITY TYPE BY DETAILED AGE!!With an independent living difficulty!!Population 18 to 64 years!!Population 35 to 64 years"
"S1810_C02_066M","Margin of Error!!With a disability MOE!!Subject!!DISABILITY TYPE BY DETAILED AGE!!With an independent living difficulty!!Population 18 to 64 years!!Population 35 to 64 years"
"S1810_C02_067E","Estimate!!With a disability!!Subject!!DISABILITY TYPE BY DETAILED AGE!!With an independent living difficulty!!Population 65 years and over"
"S1810_C02_067M","Margin of Error!!With a disability MOE!!Subject!!DISABILITY TYPE BY DETAILED AGE!!With an independent living difficulty!!Population 65 years and over"
"S1810_C02_068E","Estimate!!With a disability!!Subject!!DISABILITY TYPE BY DETAILED AGE!!With an independent living difficulty!!Population 65 years and over!!Population 65 to 74 years"
"S1810_C02_068M","Margin of Error!!With a disability MOE!!Subject!!DISABILITY TYPE BY DETAILED AGE!!With an independent living difficulty!!Population 65 years and over!!Population 65 to 74 years"
"S1810_C02_069E","Estimate!!With a disability!!Subject!!DISABILITY TYPE BY DETAILED AGE!!With an independent living difficulty!!Population 65 years and over!!Population 75 years and over"
"S1810_C02_069M","Margin of Error!!With a disability MOE!!Subject!!DISABILITY TYPE BY DETAILED AGE!!With an independent living difficulty!!Population 65 years and over!!Population 75 years and over"
"S1810_C03_001E","Estimate!!Percent with a disability!!Subject!!Total civilian noninstitutionalized population"
"S1810_C03_001M","Margin of Error!!Percent with a disability MOE!!Subject!!Total civilian noninstitutionalized population"
"S1810_C03_002E","Estimate!!Percent with a disability!!Subject!!SEX!!Male"
"S1810_C03_002M","Margin of Error!!Percent with a disability MOE!!Subject!!SEX!!Male"
"S1810_C03_003E","Estimate!!Percent with a disability!!Subject!!SEX!!Female"
"S1810_C03_003M","Margin of Error!!Percent with a disability MOE!!Subject!!SEX!!Female"
"S1810_C03_004E","Estimate!!Percent with a disability!!Subject!!RACE AND HISPANIC OR LATINO ORIGIN!!White alone"
"S1810_C03_004M","Margin of Error!!Percent with a disability MOE!!Subject!!RACE AND HISPANIC OR LATINO ORIGIN!!White alone"
"S1810_C03_005E","Estimate!!Percent with a disability!!Subject!!RACE AND HISPANIC OR LATINO ORIGIN!!Black or African American alone"
"S1810_C03_005M","Margin of Error!!Percent with a disability MOE!!Subject!!RACE AND HISPANIC OR LATINO ORIGIN!!Black or African American alone"
"S1810_C03_006E","Estimate!!Percent with a disability!!Subject!!RACE AND HISPANIC OR LATINO ORIGIN!!American Indian and Alaska Native alone"
"S1810_C03_006M","Margin of Error!!Percent with a disability MOE!!Subject!!RACE AND HISPANIC OR LATINO ORIGIN!!American Indian and Alaska Native alone"
"S1810_C03_007E","Estimate!!Percent with a disability!!Subject!!RACE AND HISPANIC OR LATINO ORIGIN!!Asian alone"
"S1810_C03_007M","Margin of Error!!Percent with a disability MOE!!Subject!!RACE AND HISPANIC OR LATINO ORIGIN!!Asian alone"
"S1810_C03_008E","Estimate!!Percent with a disability!!Subject!!RACE AND HISPANIC OR LATINO ORIGIN!!Native Hawaiian and Other Pacific Islander alone"
"S1810_C03_008M","Margin of Error!!Percent with a disability MOE!!Subject!!RACE AND HISPANIC OR LATINO ORIGIN!!Native Hawaiian and Other Pacific Islander alone"
"S1810_C03_009E","Estimate!!Percent with a disability!!Subject!!RACE AND HISPANIC OR LATINO ORIGIN!!Some other race alone"
"S1810_C03_009M","Margin of Error!!Percent with a disability MOE!!Subject!!RACE AND HISPANIC OR LATINO ORIGIN!!Some other race alone"
"S1810_C03_010E","Estimate!!Percent with a disability!!Subject!!RACE AND HISPANIC OR LATINO ORIGIN!!Two or more races"
"S1810_C03_010M","Margin of Error!!Percent with a disability MOE!!Subject!!RACE AND HISPANIC OR LATINO ORIGIN!!Two or more races"
"S1810_C03_011E","Estimate!!Percent with a disability!!Subject!!RACE AND HISPANIC OR LATINO ORIGIN!!White alone, not Hispanic or Latino"
"S1810_C03_011M","Margin of Error!!Percent with a disability MOE!!Subject!!RACE AND HISPANIC OR LATINO ORIGIN!!White alone, not Hispanic or Latino"
"S1810_C03_012E","Estimate!!Percent with a disability!!Subject!!RACE AND HISPANIC OR LATINO ORIGIN!!Hispanic or Latino (of any race)"
"S1810_C03_012M","Margin of Error!!Percent with a disability MOE!!Subject!!RACE AND HISPANIC OR LATINO ORIGIN!!Hispanic or Latino (of any race)"
"S1810_C03_013E","Estimate!!Percent with a disability!!Subject!!AGE!!Under 5 years"
"S1810_C03_013M","Margin of Error!!Percent with a disability MOE!!Subject!!AGE!!Under 5 years"
"S1810_C03_014E","Estimate!!Percent with a disability!!Subject!!AGE!!5 to 17 years"
"S1810_C03_014M","Margin of Error!!Percent with a disability MOE!!Subject!!AGE!!5 to 17 years"
"S1810_C03_015E","Estimate!!Percent with a disability!!Subject!!AGE!!18 to 34 years"
"S1810_C03_015M","Margin of Error!!Percent with a disability MOE!!Subject!!AGE!!18 to 34 years"
"S1810_C03_016E","Estimate!!Percent with a disability!!Subject!!AGE!!35 to 64 years"
"S1810_C03_016M","Margin of Error!!Percent with a disability MOE!!Subject!!AGE!!35 to 64 years"
"S1810_C03_017E","Estimate!!Percent with a disability!!Subject!!AGE!!65 to 74 years"
"S1810_C03_017M","Margin of Error!!Percent with a disability MOE!!Subject!!AGE!!65 to 74 years"
"S1810_C03_018E","Estimate!!Percent with a disability!!Subject!!AGE!!75 years and over"
"S1810_C03_018M","Margin of Error!!Percent with a disability MOE!!Subject!!AGE!!75 years and over"
"S1810_C03_019E","Estimate!!Percent with a disability!!Subject!!DISABILITY TYPE BY DETAILED AGE!!With a hearing difficulty"
"S1810_C03_019M","Margin of Error!!Percent with a disability MOE!!Subject!!DISABILITY TYPE BY DETAILED AGE!!With a hearing difficulty"
"S1810_C03_020E","Estimate!!Percent with a disability!!Subject!!DISABILITY TYPE BY DETAILED AGE!!With a hearing difficulty!!Population under 18 years"
"S1810_C03_020M","Margin of Error!!Percent with a disability MOE!!Subject!!DISABILITY TYPE BY DETAILED AGE!!With a hearing difficulty!!Population under 18 years"
"S1810_C03_021E","Estimate!!Percent with a disability!!Subject!!DISABILITY TYPE BY DETAILED AGE!!With a hearing difficulty!!Population under 18 years!!Population under 5 years"
"S1810_C03_021M","Margin of Error!!Percent with a disability MOE!!Subject!!DISABILITY TYPE BY DETAILED AGE!!With a hearing difficulty!!Population under 18 years!!Population under 5 years"
"S1810_C03_022E","Estimate!!Percent with a disability!!Subject!!DISABILITY TYPE BY DETAILED AGE!!With a hearing difficulty!!Population under 18 years!!Population 5 to 17 years"
"S1810_C03_022M","Margin of Error!!Percent with a disability MOE!!Subject!!DISABILITY TYPE BY DETAILED AGE!!With a hearing difficulty!!Population under 18 years!!Population 5 to 17 years"
"S1810_C03_023E","Estimate!!Percent with a disability!!Subject!!DISABILITY TYPE BY DETAILED AGE!!With a hearing difficulty!!Population 18 to 64 years"
"S1810_C03_023M","Margin of Error!!Percent with a disability MOE!!Subject!!DISABILITY TYPE BY DETAILED AGE!!With a hearing difficulty!!Population 18 to 64 years"
"S1810_C03_024E","Estimate!!Percent with a disability!!Subject!!DISABILITY TYPE BY DETAILED AGE!!With a hearing difficulty!!Population 18 to 64 years!!Population 18 to 34 years"
"S1810_C03_024M","Margin of Error!!Percent with a disability MOE!!Subject!!DISABILITY TYPE BY DETAILED AGE!!With a hearing difficulty!!Population 18 to 64 years!!Population 18 to 34 years"
"S1810_C03_025E","Estimate!!Percent with a disability!!Subject!!DISABILITY TYPE BY DETAILED AGE!!With a hearing difficulty!!Population 18 to 64 years!!Population 35 to 64 years"
"S1810_C03_025M","Margin of Error!!Percent with a disability MOE!!Subject!!DISABILITY TYPE BY DETAILED AGE!!With a hearing difficulty!!Population 18 to 64 years!!Population 35 to 64 years"
"S1810_C03_026E","Estimate!!Percent with a disability!!Subject!!DISABILITY TYPE BY DETAILED AGE!!With a hearing difficulty!!Population 65 years and over"
"S1810_C03_026M","Margin of Error!!Percent with a disability MOE!!Subject!!DISABILITY TYPE BY DETAILED AGE!!With a hearing difficulty!!Population 65 years and over"
"S1810_C03_027E","Estimate!!Percent with a disability!!Subject!!DISABILITY TYPE BY DETAILED AGE!!With a hearing difficulty!!Population 65 years and over!!Population 65 to 74 years"
"S1810_C03_027M","Margin of Error!!Percent with a disability MOE!!Subject!!DISABILITY TYPE BY DETAILED AGE!!With a hearing difficulty!!Population 65 years and over!!Population 65 to 74 years"
"S1810_C03_028E","Estimate!!Percent with a disability!!Subject!!DISABILITY TYPE BY DETAILED AGE!!With a hearing difficulty!!Population 65 years and over!!Population 75 years and over"
"S1810_C03_028M","Margin of Error!!Percent with a disability MOE!!Subject!!DISABILITY TYPE BY DETAILED AGE!!With a hearing difficulty!!Population 65 years and over!!Population 75 years and over"
"S1810_C03_029E","Estimate!!Percent with a disability!!Subject!!DISABILITY TYPE BY DETAILED AGE!!With a vision difficulty"
"S1810_C03_029M","Margin of Error!!Percent with a disability MOE!!Subject!!DISABILITY TYPE BY DETAILED AGE!!With a vision difficulty"
"S1810_C03_030E","Estimate!!Percent with a disability!!Subject!!DISABILITY TYPE BY DETAILED AGE!!With a vision difficulty!!Population under 18 years"
"S1810_C03_030M","Margin of Error!!Percent with a disability MOE!!Subject!!DISABILITY TYPE BY DETAILED AGE!!With a vision difficulty!!Population under 18 years"
"S1810_C03_031E","Estimate!!Percent with a disability!!Subject!!DISABILITY TYPE BY DETAILED AGE!!With a vision difficulty!!Population under 18 years!!Population under 5 years"
"S1810_C03_031M","Margin of Error!!Percent with a disability MOE!!Subject!!DISABILITY TYPE BY DETAILED AGE!!With a vision difficulty!!Population under 18 years!!Population under 5 years"
"S1810_C03_032E","Estimate!!Percent with a disability!!Subject!!DISABILITY TYPE BY DETAILED AGE!!With a vision difficulty!!Population under 18 years!!Population 5 to 17 years"
"S1810_C03_032M","Margin of Error!!Percent with a disability MOE!!Subject!!DISABILITY TYPE BY DETAILED AGE!!With a vision difficulty!!Population under 18 years!!Population 5 to 17 years"
"S1810_C03_033E","Estimate!!Percent with a disability!!Subject!!DISABILITY TYPE BY DETAILED AGE!!With a vision difficulty!!Population 18 to 64 years"
"S1810_C03_033M","Margin of Error!!Percent with a disability MOE!!Subject!!DISABILITY TYPE BY DETAILED AGE!!With a vision difficulty!!Population 18 to 64 years"
"S1810_C03_034E","Estimate!!Percent with a disability!!Subject!!DISABILITY TYPE BY DETAILED AGE!!With a vision difficulty!!Population 18 to 64 years!!Population 18 to 34 years"
"S1810_C03_034M","Margin of Error!!Percent with a disability MOE!!Subject!!DISABILITY TYPE BY DETAILED AGE!!With a vision difficulty!!Population 18 to 64 years!!Population 18 to 34 years"
"S1810_C03_035E","Estimate!!Percent with a disability!!Subject!!DISABILITY TYPE BY DETAILED AGE!!With a vision difficulty!!Population 18 to 64 years!!Population 35 to 64 years"
"S1810_C03_035M","Margin of Error!!Percent with a disability MOE!!Subject!!DISABILITY TYPE BY DETAILED AGE!!With a vision difficulty!!Population 18 to 64 years!!Population 35 to 64 years"
"S1810_C03_036E","Estimate!!Percent with a disability!!Subject!!DISABILITY TYPE BY DETAILED AGE!!With a vision difficulty!!Population 65 years and over"
"S1810_C03_036M","Margin of Error!!Percent with a disability MOE!!Subject!!DISABILITY TYPE BY DETAILED AGE!!With a vision difficulty!!Population 65 years and over"
"S1810_C03_037E","Estimate!!Percent with a disability!!Subject!!DISABILITY TYPE BY DETAILED AGE!!With a vision difficulty!!Population 65 years and over!!Population 65 to 74 years"
"S1810_C03_037M","Margin of Error!!Percent with a disability MOE!!Subject!!DISABILITY TYPE BY DETAILED AGE!!With a vision difficulty!!Population 65 years and over!!Population 65 to 74 years"
"S1810_C03_038E","Estimate!!Percent with a disability!!Subject!!DISABILITY TYPE BY DETAILED AGE!!With a vision difficulty!!Population 65 years and over!!Population 75 years and over"
"S1810_C03_038M","Margin of Error!!Percent with a disability MOE!!Subject!!DISABILITY TYPE BY DETAILED AGE!!With a vision difficulty!!Population 65 years and over!!Population 75 years and over"
"S1810_C03_039E","Estimate!!Percent with a disability!!Subject!!DISABILITY TYPE BY DETAILED AGE!!With a cognitive difficulty"
"S1810_C03_039M","Margin of Error!!Percent with a disability MOE!!Subject!!DISABILITY TYPE BY DETAILED AGE!!With a cognitive difficulty"
"S1810_C03_040E","Estimate!!Percent with a disability!!Subject!!DISABILITY TYPE BY DETAILED AGE!!With a cognitive difficulty!!Population under 18 years"
"S1810_C03_040M","Margin of Error!!Percent with a disability MOE!!Subject!!DISABILITY TYPE BY DETAILED AGE!!With a cognitive difficulty!!Population under 18 years"
"S1810_C03_041E","Estimate!!Percent with a disability!!Subject!!DISABILITY TYPE BY DETAILED AGE!!With a cognitive difficulty!!Population 18 to 64 years"
"S1810_C03_041M","Margin of Error!!Percent with a disability MOE!!Subject!!DISABILITY TYPE BY DETAILED AGE!!With a cognitive difficulty!!Population 18 to 64 years"
"S1810_C03_042E","Estimate!!Percent with a disability!!Subject!!DISABILITY TYPE BY DETAILED AGE!!With a cognitive difficulty!!Population 18 to 64 years!!Population 18 to 34 years"
"S1810_C03_042M","Margin of Error!!Percent with a disability MOE!!Subject!!DISABILITY TYPE BY DETAILED AGE!!With a cognitive difficulty!!Population 18 to 64 years!!Population 18 to 34 years"
"S1810_C03_043E","Estimate!!Percent with a disability!!Subject!!DISABILITY TYPE BY DETAILED AGE!!With a cognitive difficulty!!Population 18 to 64 years!!Population 35 to 64 years"
"S1810_C03_043M","Margin of Error!!Percent with a disability MOE!!Subject!!DISABILITY TYPE BY DETAILED AGE!!With a cognitive difficulty!!Population 18 to 64 years!!Population 35 to 64 years"
"S1810_C03_044E","Estimate!!Percent with a disability!!Subject!!DISABILITY TYPE BY DETAILED AGE!!With a cognitive difficulty!!Population 65 years and over"
"S1810_C03_044M","Margin of Error!!Percent with a disability MOE!!Subject!!DISABILITY TYPE BY DETAILED AGE!!With a cognitive difficulty!!Population 65 years and over"
"S1810_C03_045E","Estimate!!Percent with a disability!!Subject!!DISABILITY TYPE BY DETAILED AGE!!With a cognitive difficulty!!Population 65 years and over!!Population 65 to 74 years"
"S1810_C03_045M","Margin of Error!!Percent with a disability MOE!!Subject!!DISABILITY TYPE BY DETAILED AGE!!With a cognitive difficulty!!Population 65 years and over!!Population 65 to 74 years"
"S1810_C03_046E","Estimate!!Percent with a disability!!Subject!!DISABILITY TYPE BY DETAILED AGE!!With a cognitive difficulty!!Population 65 years and over!!Population 75 years and over"
"S1810_C03_046M","Margin of Error!!Percent with a disability MOE!!Subject!!DISABILITY TYPE BY DETAILED AGE!!With a cognitive difficulty!!Population 65 years and over!!Population 75 years and over"
"S1810_C03_047E","Estimate!!Percent with a disability!!Subject!!DISABILITY TYPE BY DETAILED AGE!!With an ambulatory difficulty"
"S1810_C03_047M","Margin of Error!!Percent with a disability MOE!!Subject!!DISABILITY TYPE BY DETAILED AGE!!With an ambulatory difficulty"
"S1810_C03_048E","Estimate!!Percent with a disability!!Subject!!DISABILITY TYPE BY DETAILED AGE!!With an ambulatory difficulty!!Population under 18 years"
"S1810_C03_048M","Margin of Error!!Percent with a disability MOE!!Subject!!DISABILITY TYPE BY DETAILED AGE!!With an ambulatory difficulty!!Population under 18 years"
"S1810_C03_049E","Estimate!!Percent with a disability!!Subject!!DISABILITY TYPE BY DETAILED AGE!!With an ambulatory difficulty!!Population 18 to 64 years"
"S1810_C03_049M","Margin of Error!!Percent with a disability MOE!!Subject!!DISABILITY TYPE BY DETAILED AGE!!With an ambulatory difficulty!!Population 18 to 64 years"
"S1810_C03_050E","Estimate!!Percent with a disability!!Subject!!DISABILITY TYPE BY DETAILED AGE!!With an ambulatory difficulty!!Population 18 to 64 years!!Population 18 to 34 years"
"S1810_C03_050M","Margin of Error!!Percent with a disability MOE!!Subject!!DISABILITY TYPE BY DETAILED AGE!!With an ambulatory difficulty!!Population 18 to 64 years!!Population 18 to 34 years"
"S1810_C03_051E","Estimate!!Percent with a disability!!Subject!!DISABILITY TYPE BY DETAILED AGE!!With an ambulatory difficulty!!Population 18 to 64 years!!Population 35 to 64 years"
"S1810_C03_051M","Margin of Error!!Percent with a disability MOE!!Subject!!DISABILITY TYPE BY DETAILED AGE!!With an ambulatory difficulty!!Population 18 to 64 years!!Population 35 to 64 years"
"S1810_C03_052E","Estimate!!Percent with a disability!!Subject!!DISABILITY TYPE BY DETAILED AGE!!With an ambulatory difficulty!!Population 65 years and over"
"S1810_C03_052M","Margin of Error!!Percent with a disability MOE!!Subject!!DISABILITY TYPE BY DETAILED AGE!!With an ambulatory difficulty!!Population 65 years and over"
"S1810_C03_053E","Estimate!!Percent with a disability!!Subject!!DISABILITY TYPE BY DETAILED AGE!!With an ambulatory difficulty!!Population 65 years and over!!Population 65 to 74 years"
"S1810_C03_053M","Margin of Error!!Percent with a disability MOE!!Subject!!DISABILITY TYPE BY DETAILED AGE!!With an ambulatory difficulty!!Population 65 years and over!!Population 65 to 74 years"
"S1810_C03_054E","Estimate!!Percent with a disability!!Subject!!DISABILITY TYPE BY DETAILED AGE!!With an ambulatory difficulty!!Population 65 years and over!!Population 75 years and over"
"S1810_C03_054M","Margin of Error!!Percent with a disability MOE!!Subject!!DISABILITY TYPE BY DETAILED AGE!!With an ambulatory difficulty!!Population 65 years and over!!Population 75 years and over"
"S1810_C03_055E","Estimate!!Percent with a disability!!Subject!!DISABILITY TYPE BY DETAILED AGE!!With a self-care difficulty"
"S1810_C03_055M","Margin of Error!!Percent with a disability MOE!!Subject!!DISABILITY TYPE BY DETAILED AGE!!With a self-care difficulty"
"S1810_C03_056E","Estimate!!Percent with a disability!!Subject!!DISABILITY TYPE BY DETAILED AGE!!With a self-care difficulty!!Population under 18 years"
"S1810_C03_056M","Margin of Error!!Percent with a disability MOE!!Subject!!DISABILITY TYPE BY DETAILED AGE!!With a self-care difficulty!!Population under 18 years"
"S1810_C03_057E","Estimate!!Percent with a disability!!Subject!!DISABILITY TYPE BY DETAILED AGE!!With a self-care difficulty!!Population 18 to 64 years"
"S1810_C03_057M","Margin of Error!!Percent with a disability MOE!!Subject!!DISABILITY TYPE BY DETAILED AGE!!With a self-care difficulty!!Population 18 to 64 years"
"S1810_C03_058E","Estimate!!Percent with a disability!!Subject!!DISABILITY TYPE BY DETAILED AGE!!With a self-care difficulty!!Population 18 to 64 years!!Population 18 to 34 years"
"S1810_C03_058M","Margin of Error!!Percent with a disability MOE!!Subject!!DISABILITY TYPE BY DETAILED AGE!!With a self-care difficulty!!Population 18 to 64 years!!Population 18 to 34 years"
"S1810_C03_059E","Estimate!!Percent with a disability!!Subject!!DISABILITY TYPE BY DETAILED AGE!!With a self-care difficulty!!Population 18 to 64 years!!Population 35 to 64 years"
"S1810_C03_059M","Margin of Error!!Percent with a disability MOE!!Subject!!DISABILITY TYPE BY DETAILED AGE!!With a self-care difficulty!!Population 18 to 64 years!!Population 35 to 64 years"
"S1810_C03_060E","Estimate!!Percent with a disability!!Subject!!DISABILITY TYPE BY DETAILED AGE!!With a self-care difficulty!!Population 65 years and over"
"S1810_C03_060M","Margin of Error!!Percent with a disability MOE!!Subject!!DISABILITY TYPE BY DETAILED AGE!!With a self-care difficulty!!Population 65 years and over"
"S1810_C03_061E","Estimate!!Percent with a disability!!Subject!!DISABILITY TYPE BY DETAILED AGE!!With a self-care difficulty!!Population 65 years and over!!Population 65 to 74 years"
"S1810_C03_061M","Margin of Error!!Percent with a disability MOE!!Subject!!DISABILITY TYPE BY DETAILED AGE!!With a self-care difficulty!!Population 65 years and over!!Population 65 to 74 years"
"S1810_C03_062E","Estimate!!Percent with a disability!!Subject!!DISABILITY TYPE BY DETAILED AGE!!With a self-care difficulty!!Population 65 years and over!!Population 75 years and over"
"S1810_C03_062M","Margin of Error!!Percent with a disability MOE!!Subject!!DISABILITY TYPE BY DETAILED AGE!!With a self-care difficulty!!Population 65 years and over!!Population 75 years and over"
"S1810_C03_063E","Estimate!!Percent with a disability!!Subject!!DISABILITY TYPE BY DETAILED AGE!!With an independent living difficulty"
"S1810_C03_063M","Margin of Error!!Percent with a disability MOE!!Subject!!DISABILITY TYPE BY DETAILED AGE!!With an independent living difficulty"
"S1810_C03_064E","Estimate!!Percent with a disability!!Subject!!DISABILITY TYPE BY DETAILED AGE!!With an independent living difficulty!!Population 18 to 64 years"
"S1810_C03_064M","Margin of Error!!Percent with a disability MOE!!Subject!!DISABILITY TYPE BY DETAILED AGE!!With an independent living difficulty!!Population 18 to 64 years"
"S1810_C03_065E","Estimate!!Percent with a disability!!Subject!!DISABILITY TYPE BY DETAILED AGE!!With an independent living difficulty!!Population 18 to 64 years!!Population 18 to 34 years"
"S1810_C03_065M","Margin of Error!!Percent with a disability MOE!!Subject!!DISABILITY TYPE BY DETAILED AGE!!With an independent living difficulty!!Population 18 to 64 years!!Population 18 to 34 years"
"S1810_C03_066E","Estimate!!Percent with a disability!!Subject!!DISABILITY TYPE BY DETAILED AGE!!With an independent living difficulty!!Population 18 to 64 years!!Population 35 to 64 years"
"S1810_C03_066M","Margin of Error!!Percent with a disability MOE!!Subject!!DISABILITY TYPE BY DETAILED AGE!!With an independent living difficulty!!Population 18 to 64 years!!Population 35 to 64 years"
"S1810_C03_067E","Estimate!!Percent with a disability!!Subject!!DISABILITY TYPE BY DETAILED AGE!!With an independent living difficulty!!Population 65 years and over"
"S1810_C03_067M","Margin of Error!!Percent with a disability MOE!!Subject!!DISABILITY TYPE BY DETAILED AGE!!With an independent living difficulty!!Population 65 years and over"
"S1810_C03_068E","Estimate!!Percent with a disability!!Subject!!DISABILITY TYPE BY DETAILED AGE!!With an independent living difficulty!!Population 65 years and over!!Population 65 to 74 years"
"S1810_C03_068M","Margin of Error!!Percent with a disability MOE!!Subject!!DISABILITY TYPE BY DETAILED AGE!!With an independent living difficulty!!Population 65 years and over!!Population 65 to 74 years"
"S1810_C03_069E","Estimate!!Percent with a disability!!Subject!!DISABILITY TYPE BY DETAILED AGE!!With an independent living difficulty!!Population 65 years and over!!Population 75 years and over"
"S1810_C03_069M","Margin of Error!!Percent with a disability MOE!!Subject!!DISABILITY TYPE BY DETAILED AGE!!With an independent living difficulty!!Population 65 years and over!!Population 75 years and over"
