"Column Name","Label"
"GEO_ID","Geography"
"NAME","Geographic Area Name"
"S1702_C01_001E","All families!!Total!!Estimate!!Families"
"S1702_C01_001M","All families!!Total!!Margin of Error!!Families"
"S1702_C02_001E","All families!!Percent below poverty level!!Estimate!!Families"
"S1702_C02_001M","All families!!Percent below poverty level!!Margin of Error!!Families"
"S1702_C03_001E","Married-couple families!!Total!!Estimate!!Families"
"S1702_C03_001M","Married-couple families!!Total!!Margin of Error!!Families"
"S1702_C04_001E","Married-couple families!!Percent below poverty level!!Estimate!!Families"
"S1702_C04_001M","Married-couple families!!Percent below poverty level!!Margin of Error!!Families"
"S1702_C05_001E","Female householder, no husband present!!Total!!Estimate!!Families"
"S1702_C05_001M","Female householder, no husband present!!Total!!Margin of Error!!Families"
"S1702_C06_001E","Female householder, no husband present!!Percent below poverty level!!Estimate!!Families"
"S1702_C06_001M","Female householder, no husband present!!Percent below poverty level!!Margin of Error!!Families"
"S1702_C01_002E","All families!!Total!!Estimate!!With related children under 18 years"
"S1702_C01_002M","All families!!Total!!Margin of Error!!With related children under 18 years"
"S1702_C02_002E","All families!!Percent below poverty level!!Estimate!!With related children under 18 years"
"S1702_C02_002M","All families!!Percent below poverty level!!Margin of Error!!With related children under 18 years"
"S1702_C03_002E","Married-couple families!!Total!!Estimate!!With related children under 18 years"
"S1702_C03_002M","Married-couple families!!Total!!Margin of Error!!With related children under 18 years"
"S1702_C04_002E","Married-couple families!!Percent below poverty level!!Estimate!!With related children under 18 years"
"S1702_C04_002M","Married-couple families!!Percent below poverty level!!Margin of Error!!With related children under 18 years"
"S1702_C05_002E","Female householder, no husband present!!Total!!Estimate!!With related children under 18 years"
"S1702_C05_002M","Female householder, no husband present!!Total!!Margin of Error!!With related children under 18 years"
"S1702_C06_002E","Female householder, no husband present!!Percent below poverty level!!Estimate!!With related children under 18 years"
"S1702_C06_002M","Female householder, no husband present!!Percent below poverty level!!Margin of Error!!With related children under 18 years"
"S1702_C01_003E","All families!!Total!!Estimate!!RACE AND HISPANIC OR LATINO ORIGIN!!Families with a householder who is!!One race"
"S1702_C01_003M","All families!!Total!!Margin of Error!!RACE AND HISPANIC OR LATINO ORIGIN!!Families with a householder who is!!One race"
"S1702_C02_003E","All families!!Percent below poverty level!!Estimate!!RACE AND HISPANIC OR LATINO ORIGIN!!Families with a householder who is!!One race"
"S1702_C02_003M","All families!!Percent below poverty level!!Margin of Error!!RACE AND HISPANIC OR LATINO ORIGIN!!Families with a householder who is!!One race"
"S1702_C03_003E","Married-couple families!!Total!!Estimate!!RACE AND HISPANIC OR LATINO ORIGIN!!Families with a householder who is!!One race"
"S1702_C03_003M","Married-couple families!!Total!!Margin of Error!!RACE AND HISPANIC OR LATINO ORIGIN!!Families with a householder who is!!One race"
"S1702_C04_003E","Married-couple families!!Percent below poverty level!!Estimate!!RACE AND HISPANIC OR LATINO ORIGIN!!Families with a householder who is!!One race"
"S1702_C04_003M","Married-couple families!!Percent below poverty level!!Margin of Error!!RACE AND HISPANIC OR LATINO ORIGIN!!Families with a householder who is!!One race"
"S1702_C05_003E","Female householder, no husband present!!Total!!Estimate!!RACE AND HISPANIC OR LATINO ORIGIN!!Families with a householder who is!!One race"
"S1702_C05_003M","Female householder, no husband present!!Total!!Margin of Error!!RACE AND HISPANIC OR LATINO ORIGIN!!Families with a householder who is!!One race"
"S1702_C06_003E","Female householder, no husband present!!Percent below poverty level!!Estimate!!RACE AND HISPANIC OR LATINO ORIGIN!!Families with a householder who is!!One race"
"S1702_C06_003M","Female householder, no husband present!!Percent below poverty level!!Margin of Error!!RACE AND HISPANIC OR LATINO ORIGIN!!Families with a householder who is!!One race"
"S1702_C01_004E","All families!!Total!!Estimate!!RACE AND HISPANIC OR LATINO ORIGIN!!Families with a householder who is!!One race!!White"
"S1702_C01_004M","All families!!Total!!Margin of Error!!RACE AND HISPANIC OR LATINO ORIGIN!!Families with a householder who is!!One race!!White"
"S1702_C02_004E","All families!!Percent below poverty level!!Estimate!!RACE AND HISPANIC OR LATINO ORIGIN!!Families with a householder who is!!One race!!White"
"S1702_C02_004M","All families!!Percent below poverty level!!Margin of Error!!RACE AND HISPANIC OR LATINO ORIGIN!!Families with a householder who is!!One race!!White"
"S1702_C03_004E","Married-couple families!!Total!!Estimate!!RACE AND HISPANIC OR LATINO ORIGIN!!Families with a householder who is!!One race!!White"
"S1702_C03_004M","Married-couple families!!Total!!Margin of Error!!RACE AND HISPANIC OR LATINO ORIGIN!!Families with a householder who is!!One race!!White"
"S1702_C04_004E","Married-couple families!!Percent below poverty level!!Estimate!!RACE AND HISPANIC OR LATINO ORIGIN!!Families with a householder who is!!One race!!White"
"S1702_C04_004M","Married-couple families!!Percent below poverty level!!Margin of Error!!RACE AND HISPANIC OR LATINO ORIGIN!!Families with a householder who is!!One race!!White"
"S1702_C05_004E","Female householder, no husband present!!Total!!Estimate!!RACE AND HISPANIC OR LATINO ORIGIN!!Families with a householder who is!!One race!!White"
"S1702_C05_004M","Female householder, no husband present!!Total!!Margin of Error!!RACE AND HISPANIC OR LATINO ORIGIN!!Families with a householder who is!!One race!!White"
"S1702_C06_004E","Female householder, no husband present!!Percent below poverty level!!Estimate!!RACE AND HISPANIC OR LATINO ORIGIN!!Families with a householder who is!!One race!!White"
"S1702_C06_004M","Female householder, no husband present!!Percent below poverty level!!Margin of Error!!RACE AND HISPANIC OR LATINO ORIGIN!!Families with a householder who is!!One race!!White"
"S1702_C01_005E","All families!!Total!!Estimate!!RACE AND HISPANIC OR LATINO ORIGIN!!Families with a householder who is!!One race!!Black or African American"
"S1702_C01_005M","All families!!Total!!Margin of Error!!RACE AND HISPANIC OR LATINO ORIGIN!!Families with a householder who is!!One race!!Black or African American"
"S1702_C02_005E","All families!!Percent below poverty level!!Estimate!!RACE AND HISPANIC OR LATINO ORIGIN!!Families with a householder who is!!One race!!Black or African American"
"S1702_C02_005M","All families!!Percent below poverty level!!Margin of Error!!RACE AND HISPANIC OR LATINO ORIGIN!!Families with a householder who is!!One race!!Black or African American"
"S1702_C03_005E","Married-couple families!!Total!!Estimate!!RACE AND HISPANIC OR LATINO ORIGIN!!Families with a householder who is!!One race!!Black or African American"
"S1702_C03_005M","Married-couple families!!Total!!Margin of Error!!RACE AND HISPANIC OR LATINO ORIGIN!!Families with a householder who is!!One race!!Black or African American"
"S1702_C04_005E","Married-couple families!!Percent below poverty level!!Estimate!!RACE AND HISPANIC OR LATINO ORIGIN!!Families with a householder who is!!One race!!Black or African American"
"S1702_C04_005M","Married-couple families!!Percent below poverty level!!Margin of Error!!RACE AND HISPANIC OR LATINO ORIGIN!!Families with a householder who is!!One race!!Black or African American"
"S1702_C05_005E","Female householder, no husband present!!Total!!Estimate!!RACE AND HISPANIC OR LATINO ORIGIN!!Families with a householder who is!!One race!!Black or African American"
"S1702_C05_005M","Female householder, no husband present!!Total!!Margin of Error!!RACE AND HISPANIC OR LATINO ORIGIN!!Families with a householder who is!!One race!!Black or African American"
"S1702_C06_005E","Female householder, no husband present!!Percent below poverty level!!Estimate!!RACE AND HISPANIC OR LATINO ORIGIN!!Families with a householder who is!!One race!!Black or African American"
"S1702_C06_005M","Female householder, no husband present!!Percent below poverty level!!Margin of Error!!RACE AND HISPANIC OR LATINO ORIGIN!!Families with a householder who is!!One race!!Black or African American"
"S1702_C01_006E","All families!!Total!!Estimate!!RACE AND HISPANIC OR LATINO ORIGIN!!Families with a householder who is!!One race!!American Indian and Alaska Native"
"S1702_C01_006M","All families!!Total!!Margin of Error!!RACE AND HISPANIC OR LATINO ORIGIN!!Families with a householder who is!!One race!!American Indian and Alaska Native"
"S1702_C02_006E","All families!!Percent below poverty level!!Estimate!!RACE AND HISPANIC OR LATINO ORIGIN!!Families with a householder who is!!One race!!American Indian and Alaska Native"
"S1702_C02_006M","All families!!Percent below poverty level!!Margin of Error!!RACE AND HISPANIC OR LATINO ORIGIN!!Families with a householder who is!!One race!!American Indian and Alaska Native"
"S1702_C03_006E","Married-couple families!!Total!!Estimate!!RACE AND HISPANIC OR LATINO ORIGIN!!Families with a householder who is!!One race!!American Indian and Alaska Native"
"S1702_C03_006M","Married-couple families!!Total!!Margin of Error!!RACE AND HISPANIC OR LATINO ORIGIN!!Families with a householder who is!!One race!!American Indian and Alaska Native"
"S1702_C04_006E","Married-couple families!!Percent below poverty level!!Estimate!!RACE AND HISPANIC OR LATINO ORIGIN!!Families with a householder who is!!One race!!American Indian and Alaska Native"
"S1702_C04_006M","Married-couple families!!Percent below poverty level!!Margin of Error!!RACE AND HISPANIC OR LATINO ORIGIN!!Families with a householder who is!!One race!!American Indian and Alaska Native"
"S1702_C05_006E","Female householder, no husband present!!Total!!Estimate!!RACE AND HISPANIC OR LATINO ORIGIN!!Families with a householder who is!!One race!!American Indian and Alaska Native"
"S1702_C05_006M","Female householder, no husband present!!Total!!Margin of Error!!RACE AND HISPANIC OR LATINO ORIGIN!!Families with a householder who is!!One race!!American Indian and Alaska Native"
"S1702_C06_006E","Female householder, no husband present!!Percent below poverty level!!Estimate!!RACE AND HISPANIC OR LATINO ORIGIN!!Families with a householder who is!!One race!!American Indian and Alaska Native"
"S1702_C06_006M","Female householder, no husband present!!Percent below poverty level!!Margin of Error!!RACE AND HISPANIC OR LATINO ORIGIN!!Families with a householder who is!!One race!!American Indian and Alaska Native"
"S1702_C01_007E","All families!!Total!!Estimate!!RACE AND HISPANIC OR LATINO ORIGIN!!Families with a householder who is!!One race!!Asian"
"S1702_C01_007M","All families!!Total!!Margin of Error!!RACE AND HISPANIC OR LATINO ORIGIN!!Families with a householder who is!!One race!!Asian"
"S1702_C02_007E","All families!!Percent below poverty level!!Estimate!!RACE AND HISPANIC OR LATINO ORIGIN!!Families with a householder who is!!One race!!Asian"
"S1702_C02_007M","All families!!Percent below poverty level!!Margin of Error!!RACE AND HISPANIC OR LATINO ORIGIN!!Families with a householder who is!!One race!!Asian"
"S1702_C03_007E","Married-couple families!!Total!!Estimate!!RACE AND HISPANIC OR LATINO ORIGIN!!Families with a householder who is!!One race!!Asian"
"S1702_C03_007M","Married-couple families!!Total!!Margin of Error!!RACE AND HISPANIC OR LATINO ORIGIN!!Families with a householder who is!!One race!!Asian"
"S1702_C04_007E","Married-couple families!!Percent below poverty level!!Estimate!!RACE AND HISPANIC OR LATINO ORIGIN!!Families with a householder who is!!One race!!Asian"
"S1702_C04_007M","Married-couple families!!Percent below poverty level!!Margin of Error!!RACE AND HISPANIC OR LATINO ORIGIN!!Families with a householder who is!!One race!!Asian"
"S1702_C05_007E","Female householder, no husband present!!Total!!Estimate!!RACE AND HISPANIC OR LATINO ORIGIN!!Families with a householder who is!!One race!!Asian"
"S1702_C05_007M","Female householder, no husband present!!Total!!Margin of Error!!RACE AND HISPANIC OR LATINO ORIGIN!!Families with a householder who is!!One race!!Asian"
"S1702_C06_007E","Female householder, no husband present!!Percent below poverty level!!Estimate!!RACE AND HISPANIC OR LATINO ORIGIN!!Families with a householder who is!!One race!!Asian"
"S1702_C06_007M","Female householder, no husband present!!Percent below poverty level!!Margin of Error!!RACE AND HISPANIC OR LATINO ORIGIN!!Families with a householder who is!!One race!!Asian"
"S1702_C01_008E","All families!!Total!!Estimate!!RACE AND HISPANIC OR LATINO ORIGIN!!Families with a householder who is!!One race!!Native Hawaiian and Other Pacific Islander"
"S1702_C01_008M","All families!!Total!!Margin of Error!!RACE AND HISPANIC OR LATINO ORIGIN!!Families with a householder who is!!One race!!Native Hawaiian and Other Pacific Islander"
"S1702_C02_008E","All families!!Percent below poverty level!!Estimate!!RACE AND HISPANIC OR LATINO ORIGIN!!Families with a householder who is!!One race!!Native Hawaiian and Other Pacific Islander"
"S1702_C02_008M","All families!!Percent below poverty level!!Margin of Error!!RACE AND HISPANIC OR LATINO ORIGIN!!Families with a householder who is!!One race!!Native Hawaiian and Other Pacific Islander"
"S1702_C03_008E","Married-couple families!!Total!!Estimate!!RACE AND HISPANIC OR LATINO ORIGIN!!Families with a householder who is!!One race!!Native Hawaiian and Other Pacific Islander"
"S1702_C03_008M","Married-couple families!!Total!!Margin of Error!!RACE AND HISPANIC OR LATINO ORIGIN!!Families with a householder who is!!One race!!Native Hawaiian and Other Pacific Islander"
"S1702_C04_008E","Married-couple families!!Percent below poverty level!!Estimate!!RACE AND HISPANIC OR LATINO ORIGIN!!Families with a householder who is!!One race!!Native Hawaiian and Other Pacific Islander"
"S1702_C04_008M","Married-couple families!!Percent below poverty level!!Margin of Error!!RACE AND HISPANIC OR LATINO ORIGIN!!Families with a householder who is!!One race!!Native Hawaiian and Other Pacific Islander"
"S1702_C05_008E","Female householder, no husband present!!Total!!Estimate!!RACE AND HISPANIC OR LATINO ORIGIN!!Families with a householder who is!!One race!!Native Hawaiian and Other Pacific Islander"
"S1702_C05_008M","Female householder, no husband present!!Total!!Margin of Error!!RACE AND HISPANIC OR LATINO ORIGIN!!Families with a householder who is!!One race!!Native Hawaiian and Other Pacific Islander"
"S1702_C06_008E","Female householder, no husband present!!Percent below poverty level!!Estimate!!RACE AND HISPANIC OR LATINO ORIGIN!!Families with a householder who is!!One race!!Native Hawaiian and Other Pacific Islander"
"S1702_C06_008M","Female householder, no husband present!!Percent below poverty level!!Margin of Error!!RACE AND HISPANIC OR LATINO ORIGIN!!Families with a householder who is!!One race!!Native Hawaiian and Other Pacific Islander"
"S1702_C01_009E","All families!!Total!!Estimate!!RACE AND HISPANIC OR LATINO ORIGIN!!Families with a householder who is!!One race!!Some other race"
"S1702_C01_009M","All families!!Total!!Margin of Error!!RACE AND HISPANIC OR LATINO ORIGIN!!Families with a householder who is!!One race!!Some other race"
"S1702_C02_009E","All families!!Percent below poverty level!!Estimate!!RACE AND HISPANIC OR LATINO ORIGIN!!Families with a householder who is!!One race!!Some other race"
"S1702_C02_009M","All families!!Percent below poverty level!!Margin of Error!!RACE AND HISPANIC OR LATINO ORIGIN!!Families with a householder who is!!One race!!Some other race"
"S1702_C03_009E","Married-couple families!!Total!!Estimate!!RACE AND HISPANIC OR LATINO ORIGIN!!Families with a householder who is!!One race!!Some other race"
"S1702_C03_009M","Married-couple families!!Total!!Margin of Error!!RACE AND HISPANIC OR LATINO ORIGIN!!Families with a householder who is!!One race!!Some other race"
"S1702_C04_009E","Married-couple families!!Percent below poverty level!!Estimate!!RACE AND HISPANIC OR LATINO ORIGIN!!Families with a householder who is!!One race!!Some other race"
"S1702_C04_009M","Married-couple families!!Percent below poverty level!!Margin of Error!!RACE AND HISPANIC OR LATINO ORIGIN!!Families with a householder who is!!One race!!Some other race"
"S1702_C05_009E","Female householder, no husband present!!Total!!Estimate!!RACE AND HISPANIC OR LATINO ORIGIN!!Families with a householder who is!!One race!!Some other race"
"S1702_C05_009M","Female householder, no husband present!!Total!!Margin of Error!!RACE AND HISPANIC OR LATINO ORIGIN!!Families with a householder who is!!One race!!Some other race"
"S1702_C06_009E","Female householder, no husband present!!Percent below poverty level!!Estimate!!RACE AND HISPANIC OR LATINO ORIGIN!!Families with a householder who is!!One race!!Some other race"
"S1702_C06_009M","Female householder, no husband present!!Percent below poverty level!!Margin of Error!!RACE AND HISPANIC OR LATINO ORIGIN!!Families with a householder who is!!One race!!Some other race"
"S1702_C01_010E","All families!!Total!!Estimate!!RACE AND HISPANIC OR LATINO ORIGIN!!Families with a householder who is!!Two or more races"
"S1702_C01_010M","All families!!Total!!Margin of Error!!RACE AND HISPANIC OR LATINO ORIGIN!!Families with a householder who is!!Two or more races"
"S1702_C02_010E","All families!!Percent below poverty level!!Estimate!!RACE AND HISPANIC OR LATINO ORIGIN!!Families with a householder who is!!Two or more races"
"S1702_C02_010M","All families!!Percent below poverty level!!Margin of Error!!RACE AND HISPANIC OR LATINO ORIGIN!!Families with a householder who is!!Two or more races"
"S1702_C03_010E","Married-couple families!!Total!!Estimate!!RACE AND HISPANIC OR LATINO ORIGIN!!Families with a householder who is!!Two or more races"
"S1702_C03_010M","Married-couple families!!Total!!Margin of Error!!RACE AND HISPANIC OR LATINO ORIGIN!!Families with a householder who is!!Two or more races"
"S1702_C04_010E","Married-couple families!!Percent below poverty level!!Estimate!!RACE AND HISPANIC OR LATINO ORIGIN!!Families with a householder who is!!Two or more races"
"S1702_C04_010M","Married-couple families!!Percent below poverty level!!Margin of Error!!RACE AND HISPANIC OR LATINO ORIGIN!!Families with a householder who is!!Two or more races"
"S1702_C05_010E","Female householder, no husband present!!Total!!Estimate!!RACE AND HISPANIC OR LATINO ORIGIN!!Families with a householder who is!!Two or more races"
"S1702_C05_010M","Female householder, no husband present!!Total!!Margin of Error!!RACE AND HISPANIC OR LATINO ORIGIN!!Families with a householder who is!!Two or more races"
"S1702_C06_010E","Female householder, no husband present!!Percent below poverty level!!Estimate!!RACE AND HISPANIC OR LATINO ORIGIN!!Families with a householder who is!!Two or more races"
"S1702_C06_010M","Female householder, no husband present!!Percent below poverty level!!Margin of Error!!RACE AND HISPANIC OR LATINO ORIGIN!!Families with a householder who is!!Two or more races"
"S1702_C01_011E","All families!!Total!!Estimate!!Hispanic or Latino origin (of any race)"
"S1702_C01_011M","All families!!Total!!Margin of Error!!Hispanic or Latino origin (of any race)"
"S1702_C02_011E","All families!!Percent below poverty level!!Estimate!!Hispanic or Latino origin (of any race)"
"S1702_C02_011M","All families!!Percent below poverty level!!Margin of Error!!Hispanic or Latino origin (of any race)"
"S1702_C03_011E","Married-couple families!!Total!!Estimate!!Hispanic or Latino origin (of any race)"
"S1702_C03_011M","Married-couple families!!Total!!Margin of Error!!Hispanic or Latino origin (of any race)"
"S1702_C04_011E","Married-couple families!!Percent below poverty level!!Estimate!!Hispanic or Latino origin (of any race)"
"S1702_C04_011M","Married-couple families!!Percent below poverty level!!Margin of Error!!Hispanic or Latino origin (of any race)"
"S1702_C05_011E","Female householder, no husband present!!Total!!Estimate!!Hispanic or Latino origin (of any race)"
"S1702_C05_011M","Female householder, no husband present!!Total!!Margin of Error!!Hispanic or Latino origin (of any race)"
"S1702_C06_011E","Female householder, no husband present!!Percent below poverty level!!Estimate!!Hispanic or Latino origin (of any race)"
"S1702_C06_011M","Female householder, no husband present!!Percent below poverty level!!Margin of Error!!Hispanic or Latino origin (of any race)"
"S1702_C01_012E","All families!!Total!!Estimate!!White alone, not Hispanic or Latino"
"S1702_C01_012M","All families!!Total!!Margin of Error!!White alone, not Hispanic or Latino"
"S1702_C02_012E","All families!!Percent below poverty level!!Estimate!!White alone, not Hispanic or Latino"
"S1702_C02_012M","All families!!Percent below poverty level!!Margin of Error!!White alone, not Hispanic or Latino"
"S1702_C03_012E","Married-couple families!!Total!!Estimate!!White alone, not Hispanic or Latino"
"S1702_C03_012M","Married-couple families!!Total!!Margin of Error!!White alone, not Hispanic or Latino"
"S1702_C04_012E","Married-couple families!!Percent below poverty level!!Estimate!!White alone, not Hispanic or Latino"
"S1702_C04_012M","Married-couple families!!Percent below poverty level!!Margin of Error!!White alone, not Hispanic or Latino"
"S1702_C05_012E","Female householder, no husband present!!Total!!Estimate!!White alone, not Hispanic or Latino"
"S1702_C05_012M","Female householder, no husband present!!Total!!Margin of Error!!White alone, not Hispanic or Latino"
"S1702_C06_012E","Female householder, no husband present!!Percent below poverty level!!Estimate!!White alone, not Hispanic or Latino"
"S1702_C06_012M","Female householder, no husband present!!Percent below poverty level!!Margin of Error!!White alone, not Hispanic or Latino"
"S1702_C01_013E","All families!!Total!!Estimate!!Householder worked"
"S1702_C01_013M","All families!!Total!!Margin of Error!!Householder worked"
"S1702_C02_013E","All families!!Percent below poverty level!!Estimate!!Householder worked"
"S1702_C02_013M","All families!!Percent below poverty level!!Margin of Error!!Householder worked"
"S1702_C03_013E","Married-couple families!!Total!!Estimate!!Householder worked"
"S1702_C03_013M","Married-couple families!!Total!!Margin of Error!!Householder worked"
"S1702_C04_013E","Married-couple families!!Percent below poverty level!!Estimate!!Householder worked"
"S1702_C04_013M","Married-couple families!!Percent below poverty level!!Margin of Error!!Householder worked"
"S1702_C05_013E","Female householder, no husband present!!Total!!Estimate!!Householder worked"
"S1702_C05_013M","Female householder, no husband present!!Total!!Margin of Error!!Householder worked"
"S1702_C06_013E","Female householder, no husband present!!Percent below poverty level!!Estimate!!Householder worked"
"S1702_C06_013M","Female householder, no husband present!!Percent below poverty level!!Margin of Error!!Householder worked"
"S1702_C01_014E","All families!!Total!!Estimate!!Householder worked full-time, year-round in the past 12 months"
"S1702_C01_014M","All families!!Total!!Margin of Error!!Householder worked full-time, year-round in the past 12 months"
"S1702_C02_014E","All families!!Percent below poverty level!!Estimate!!Householder worked full-time, year-round in the past 12 months"
"S1702_C02_014M","All families!!Percent below poverty level!!Margin of Error!!Householder worked full-time, year-round in the past 12 months"
"S1702_C03_014E","Married-couple families!!Total!!Estimate!!Householder worked full-time, year-round in the past 12 months"
"S1702_C03_014M","Married-couple families!!Total!!Margin of Error!!Householder worked full-time, year-round in the past 12 months"
"S1702_C04_014E","Married-couple families!!Percent below poverty level!!Estimate!!Householder worked full-time, year-round in the past 12 months"
"S1702_C04_014M","Married-couple families!!Percent below poverty level!!Margin of Error!!Householder worked full-time, year-round in the past 12 months"
"S1702_C05_014E","Female householder, no husband present!!Total!!Estimate!!Householder worked full-time, year-round in the past 12 months"
"S1702_C05_014M","Female householder, no husband present!!Total!!Margin of Error!!Householder worked full-time, year-round in the past 12 months"
"S1702_C06_014E","Female householder, no husband present!!Percent below poverty level!!Estimate!!Householder worked full-time, year-round in the past 12 months"
"S1702_C06_014M","Female householder, no husband present!!Percent below poverty level!!Margin of Error!!Householder worked full-time, year-round in the past 12 months"
"S1702_C01_015E","All families!!Total!!Estimate!!Householder 65 years and over"
"S1702_C01_015M","All families!!Total!!Margin of Error!!Householder 65 years and over"
"S1702_C02_015E","All families!!Percent below poverty level!!Estimate!!Householder 65 years and over"
"S1702_C02_015M","All families!!Percent below poverty level!!Margin of Error!!Householder 65 years and over"
"S1702_C03_015E","Married-couple families!!Total!!Estimate!!Householder 65 years and over"
"S1702_C03_015M","Married-couple families!!Total!!Margin of Error!!Householder 65 years and over"
"S1702_C04_015E","Married-couple families!!Percent below poverty level!!Estimate!!Householder 65 years and over"
"S1702_C04_015M","Married-couple families!!Percent below poverty level!!Margin of Error!!Householder 65 years and over"
"S1702_C05_015E","Female householder, no husband present!!Total!!Estimate!!Householder 65 years and over"
"S1702_C05_015M","Female householder, no husband present!!Total!!Margin of Error!!Householder 65 years and over"
"S1702_C06_015E","Female householder, no husband present!!Percent below poverty level!!Estimate!!Householder 65 years and over"
"S1702_C06_015M","Female householder, no husband present!!Percent below poverty level!!Margin of Error!!Householder 65 years and over"
"S1702_C01_016E","All families!!Total!!Estimate!!Family received!!Supplemental Security Income (SSI) and/or cash public assistance income in the past 12 months"
"S1702_C01_016M","All families!!Total!!Margin of Error!!Family received!!Supplemental Security Income (SSI) and/or cash public assistance income in the past 12 months"
"S1702_C02_016E","All families!!Percent below poverty level!!Estimate!!Family received!!Supplemental Security Income (SSI) and/or cash public assistance income in the past 12 months"
"S1702_C02_016M","All families!!Percent below poverty level!!Margin of Error!!Family received!!Supplemental Security Income (SSI) and/or cash public assistance income in the past 12 months"
"S1702_C03_016E","Married-couple families!!Total!!Estimate!!Family received!!Supplemental Security Income (SSI) and/or cash public assistance income in the past 12 months"
"S1702_C03_016M","Married-couple families!!Total!!Margin of Error!!Family received!!Supplemental Security Income (SSI) and/or cash public assistance income in the past 12 months"
"S1702_C04_016E","Married-couple families!!Percent below poverty level!!Estimate!!Family received!!Supplemental Security Income (SSI) and/or cash public assistance income in the past 12 months"
"S1702_C04_016M","Married-couple families!!Percent below poverty level!!Margin of Error!!Family received!!Supplemental Security Income (SSI) and/or cash public assistance income in the past 12 months"
"S1702_C05_016E","Female householder, no husband present!!Total!!Estimate!!Family received!!Supplemental Security Income (SSI) and/or cash public assistance income in the past 12 months"
"S1702_C05_016M","Female householder, no husband present!!Total!!Margin of Error!!Family received!!Supplemental Security Income (SSI) and/or cash public assistance income in the past 12 months"
"S1702_C06_016E","Female householder, no husband present!!Percent below poverty level!!Estimate!!Family received!!Supplemental Security Income (SSI) and/or cash public assistance income in the past 12 months"
"S1702_C06_016M","Female householder, no husband present!!Percent below poverty level!!Margin of Error!!Family received!!Supplemental Security Income (SSI) and/or cash public assistance income in the past 12 months"
"S1702_C01_017E","All families!!Total!!Estimate!!Family received!!Social security income in the past 12 months"
"S1702_C01_017M","All families!!Total!!Margin of Error!!Family received!!Social security income in the past 12 months"
"S1702_C02_017E","All families!!Percent below poverty level!!Estimate!!Family received!!Social security income in the past 12 months"
"S1702_C02_017M","All families!!Percent below poverty level!!Margin of Error!!Family received!!Social security income in the past 12 months"
"S1702_C03_017E","Married-couple families!!Total!!Estimate!!Family received!!Social security income in the past 12 months"
"S1702_C03_017M","Married-couple families!!Total!!Margin of Error!!Family received!!Social security income in the past 12 months"
"S1702_C04_017E","Married-couple families!!Percent below poverty level!!Estimate!!Family received!!Social security income in the past 12 months"
"S1702_C04_017M","Married-couple families!!Percent below poverty level!!Margin of Error!!Family received!!Social security income in the past 12 months"
"S1702_C05_017E","Female householder, no husband present!!Total!!Estimate!!Family received!!Social security income in the past 12 months"
"S1702_C05_017M","Female householder, no husband present!!Total!!Margin of Error!!Family received!!Social security income in the past 12 months"
"S1702_C06_017E","Female householder, no husband present!!Percent below poverty level!!Estimate!!Family received!!Social security income in the past 12 months"
"S1702_C06_017M","Female householder, no husband present!!Percent below poverty level!!Margin of Error!!Family received!!Social security income in the past 12 months"
"S1702_C01_018E","All families!!Total!!Estimate!!EDUCATIONAL ATTAINMENT OF HOUSEHOLDER!!Less than high school graduate"
"S1702_C01_018M","All families!!Total!!Margin of Error!!EDUCATIONAL ATTAINMENT OF HOUSEHOLDER!!Less than high school graduate"
"S1702_C02_018E","All families!!Percent below poverty level!!Estimate!!EDUCATIONAL ATTAINMENT OF HOUSEHOLDER!!Less than high school graduate"
"S1702_C02_018M","All families!!Percent below poverty level!!Margin of Error!!EDUCATIONAL ATTAINMENT OF HOUSEHOLDER!!Less than high school graduate"
"S1702_C03_018E","Married-couple families!!Total!!Estimate!!EDUCATIONAL ATTAINMENT OF HOUSEHOLDER!!Less than high school graduate"
"S1702_C03_018M","Married-couple families!!Total!!Margin of Error!!EDUCATIONAL ATTAINMENT OF HOUSEHOLDER!!Less than high school graduate"
"S1702_C04_018E","Married-couple families!!Percent below poverty level!!Estimate!!EDUCATIONAL ATTAINMENT OF HOUSEHOLDER!!Less than high school graduate"
"S1702_C04_018M","Married-couple families!!Percent below poverty level!!Margin of Error!!EDUCATIONAL ATTAINMENT OF HOUSEHOLDER!!Less than high school graduate"
"S1702_C05_018E","Female householder, no husband present!!Total!!Estimate!!EDUCATIONAL ATTAINMENT OF HOUSEHOLDER!!Less than high school graduate"
"S1702_C05_018M","Female householder, no husband present!!Total!!Margin of Error!!EDUCATIONAL ATTAINMENT OF HOUSEHOLDER!!Less than high school graduate"
"S1702_C06_018E","Female householder, no husband present!!Percent below poverty level!!Estimate!!EDUCATIONAL ATTAINMENT OF HOUSEHOLDER!!Less than high school graduate"
"S1702_C06_018M","Female householder, no husband present!!Percent below poverty level!!Margin of Error!!EDUCATIONAL ATTAINMENT OF HOUSEHOLDER!!Less than high school graduate"
"S1702_C01_019E","All families!!Total!!Estimate!!EDUCATIONAL ATTAINMENT OF HOUSEHOLDER!!High school graduate (includes equivalency)"
"S1702_C01_019M","All families!!Total!!Margin of Error!!EDUCATIONAL ATTAINMENT OF HOUSEHOLDER!!High school graduate (includes equivalency)"
"S1702_C02_019E","All families!!Percent below poverty level!!Estimate!!EDUCATIONAL ATTAINMENT OF HOUSEHOLDER!!High school graduate (includes equivalency)"
"S1702_C02_019M","All families!!Percent below poverty level!!Margin of Error!!EDUCATIONAL ATTAINMENT OF HOUSEHOLDER!!High school graduate (includes equivalency)"
"S1702_C03_019E","Married-couple families!!Total!!Estimate!!EDUCATIONAL ATTAINMENT OF HOUSEHOLDER!!High school graduate (includes equivalency)"
"S1702_C03_019M","Married-couple families!!Total!!Margin of Error!!EDUCATIONAL ATTAINMENT OF HOUSEHOLDER!!High school graduate (includes equivalency)"
"S1702_C04_019E","Married-couple families!!Percent below poverty level!!Estimate!!EDUCATIONAL ATTAINMENT OF HOUSEHOLDER!!High school graduate (includes equivalency)"
"S1702_C04_019M","Married-couple families!!Percent below poverty level!!Margin of Error!!EDUCATIONAL ATTAINMENT OF HOUSEHOLDER!!High school graduate (includes equivalency)"
"S1702_C05_019E","Female householder, no husband present!!Total!!Estimate!!EDUCATIONAL ATTAINMENT OF HOUSEHOLDER!!High school graduate (includes equivalency)"
"S1702_C05_019M","Female householder, no husband present!!Total!!Margin of Error!!EDUCATIONAL ATTAINMENT OF HOUSEHOLDER!!High school graduate (includes equivalency)"
"S1702_C06_019E","Female householder, no husband present!!Percent below poverty level!!Estimate!!EDUCATIONAL ATTAINMENT OF HOUSEHOLDER!!High school graduate (includes equivalency)"
"S1702_C06_019M","Female householder, no husband present!!Percent below poverty level!!Margin of Error!!EDUCATIONAL ATTAINMENT OF HOUSEHOLDER!!High school graduate (includes equivalency)"
"S1702_C01_020E","All families!!Total!!Estimate!!EDUCATIONAL ATTAINMENT OF HOUSEHOLDER!!Some college, associate's degree"
"S1702_C01_020M","All families!!Total!!Margin of Error!!EDUCATIONAL ATTAINMENT OF HOUSEHOLDER!!Some college, associate's degree"
"S1702_C02_020E","All families!!Percent below poverty level!!Estimate!!EDUCATIONAL ATTAINMENT OF HOUSEHOLDER!!Some college, associate's degree"
"S1702_C02_020M","All families!!Percent below poverty level!!Margin of Error!!EDUCATIONAL ATTAINMENT OF HOUSEHOLDER!!Some college, associate's degree"
"S1702_C03_020E","Married-couple families!!Total!!Estimate!!EDUCATIONAL ATTAINMENT OF HOUSEHOLDER!!Some college, associate's degree"
"S1702_C03_020M","Married-couple families!!Total!!Margin of Error!!EDUCATIONAL ATTAINMENT OF HOUSEHOLDER!!Some college, associate's degree"
"S1702_C04_020E","Married-couple families!!Percent below poverty level!!Estimate!!EDUCATIONAL ATTAINMENT OF HOUSEHOLDER!!Some college, associate's degree"
"S1702_C04_020M","Married-couple families!!Percent below poverty level!!Margin of Error!!EDUCATIONAL ATTAINMENT OF HOUSEHOLDER!!Some college, associate's degree"
"S1702_C05_020E","Female householder, no husband present!!Total!!Estimate!!EDUCATIONAL ATTAINMENT OF HOUSEHOLDER!!Some college, associate's degree"
"S1702_C05_020M","Female householder, no husband present!!Total!!Margin of Error!!EDUCATIONAL ATTAINMENT OF HOUSEHOLDER!!Some college, associate's degree"
"S1702_C06_020E","Female householder, no husband present!!Percent below poverty level!!Estimate!!EDUCATIONAL ATTAINMENT OF HOUSEHOLDER!!Some college, associate's degree"
"S1702_C06_020M","Female householder, no husband present!!Percent below poverty level!!Margin of Error!!EDUCATIONAL ATTAINMENT OF HOUSEHOLDER!!Some college, associate's degree"
"S1702_C01_021E","All families!!Total!!Estimate!!EDUCATIONAL ATTAINMENT OF HOUSEHOLDER!!Bachelor's degree or higher"
"S1702_C01_021M","All families!!Total!!Margin of Error!!EDUCATIONAL ATTAINMENT OF HOUSEHOLDER!!Bachelor's degree or higher"
"S1702_C02_021E","All families!!Percent below poverty level!!Estimate!!EDUCATIONAL ATTAINMENT OF HOUSEHOLDER!!Bachelor's degree or higher"
"S1702_C02_021M","All families!!Percent below poverty level!!Margin of Error!!EDUCATIONAL ATTAINMENT OF HOUSEHOLDER!!Bachelor's degree or higher"
"S1702_C03_021E","Married-couple families!!Total!!Estimate!!EDUCATIONAL ATTAINMENT OF HOUSEHOLDER!!Bachelor's degree or higher"
"S1702_C03_021M","Married-couple families!!Total!!Margin of Error!!EDUCATIONAL ATTAINMENT OF HOUSEHOLDER!!Bachelor's degree or higher"
"S1702_C04_021E","Married-couple families!!Percent below poverty level!!Estimate!!EDUCATIONAL ATTAINMENT OF HOUSEHOLDER!!Bachelor's degree or higher"
"S1702_C04_021M","Married-couple families!!Percent below poverty level!!Margin of Error!!EDUCATIONAL ATTAINMENT OF HOUSEHOLDER!!Bachelor's degree or higher"
"S1702_C05_021E","Female householder, no husband present!!Total!!Estimate!!EDUCATIONAL ATTAINMENT OF HOUSEHOLDER!!Bachelor's degree or higher"
"S1702_C05_021M","Female householder, no husband present!!Total!!Margin of Error!!EDUCATIONAL ATTAINMENT OF HOUSEHOLDER!!Bachelor's degree or higher"
"S1702_C06_021E","Female householder, no husband present!!Percent below poverty level!!Estimate!!EDUCATIONAL ATTAINMENT OF HOUSEHOLDER!!Bachelor's degree or higher"
"S1702_C06_021M","Female householder, no husband present!!Percent below poverty level!!Margin of Error!!EDUCATIONAL ATTAINMENT OF HOUSEHOLDER!!Bachelor's degree or higher"
"S1702_C01_022E","All families!!Total!!Estimate!!NUMBER OF RELATED CHILDREN UNDER 18 YEARS!!No child"
"S1702_C01_022M","All families!!Total!!Margin of Error!!NUMBER OF RELATED CHILDREN UNDER 18 YEARS!!No child"
"S1702_C02_022E","All families!!Percent below poverty level!!Estimate!!NUMBER OF RELATED CHILDREN UNDER 18 YEARS!!No child"
"S1702_C02_022M","All families!!Percent below poverty level!!Margin of Error!!NUMBER OF RELATED CHILDREN UNDER 18 YEARS!!No child"
"S1702_C03_022E","Married-couple families!!Total!!Estimate!!NUMBER OF RELATED CHILDREN UNDER 18 YEARS!!No child"
"S1702_C03_022M","Married-couple families!!Total!!Margin of Error!!NUMBER OF RELATED CHILDREN UNDER 18 YEARS!!No child"
"S1702_C04_022E","Married-couple families!!Percent below poverty level!!Estimate!!NUMBER OF RELATED CHILDREN UNDER 18 YEARS!!No child"
"S1702_C04_022M","Married-couple families!!Percent below poverty level!!Margin of Error!!NUMBER OF RELATED CHILDREN UNDER 18 YEARS!!No child"
"S1702_C05_022E","Female householder, no husband present!!Total!!Estimate!!NUMBER OF RELATED CHILDREN UNDER 18 YEARS!!No child"
"S1702_C05_022M","Female householder, no husband present!!Total!!Margin of Error!!NUMBER OF RELATED CHILDREN UNDER 18 YEARS!!No child"
"S1702_C06_022E","Female householder, no husband present!!Percent below poverty level!!Estimate!!NUMBER OF RELATED CHILDREN UNDER 18 YEARS!!No child"
"S1702_C06_022M","Female householder, no husband present!!Percent below poverty level!!Margin of Error!!NUMBER OF RELATED CHILDREN UNDER 18 YEARS!!No child"
"S1702_C01_023E","All families!!Total!!Estimate!!NUMBER OF RELATED CHILDREN UNDER 18 YEARS!!1 or 2 children"
"S1702_C01_023M","All families!!Total!!Margin of Error!!NUMBER OF RELATED CHILDREN UNDER 18 YEARS!!1 or 2 children"
"S1702_C02_023E","All families!!Percent below poverty level!!Estimate!!NUMBER OF RELATED CHILDREN UNDER 18 YEARS!!1 or 2 children"
"S1702_C02_023M","All families!!Percent below poverty level!!Margin of Error!!NUMBER OF RELATED CHILDREN UNDER 18 YEARS!!1 or 2 children"
"S1702_C03_023E","Married-couple families!!Total!!Estimate!!NUMBER OF RELATED CHILDREN UNDER 18 YEARS!!1 or 2 children"
"S1702_C03_023M","Married-couple families!!Total!!Margin of Error!!NUMBER OF RELATED CHILDREN UNDER 18 YEARS!!1 or 2 children"
"S1702_C04_023E","Married-couple families!!Percent below poverty level!!Estimate!!NUMBER OF RELATED CHILDREN UNDER 18 YEARS!!1 or 2 children"
"S1702_C04_023M","Married-couple families!!Percent below poverty level!!Margin of Error!!NUMBER OF RELATED CHILDREN UNDER 18 YEARS!!1 or 2 children"
"S1702_C05_023E","Female householder, no husband present!!Total!!Estimate!!NUMBER OF RELATED CHILDREN UNDER 18 YEARS!!1 or 2 children"
"S1702_C05_023M","Female householder, no husband present!!Total!!Margin of Error!!NUMBER OF RELATED CHILDREN UNDER 18 YEARS!!1 or 2 children"
"S1702_C06_023E","Female householder, no husband present!!Percent below poverty level!!Estimate!!NUMBER OF RELATED CHILDREN UNDER 18 YEARS!!1 or 2 children"
"S1702_C06_023M","Female householder, no husband present!!Percent below poverty level!!Margin of Error!!NUMBER OF RELATED CHILDREN UNDER 18 YEARS!!1 or 2 children"
"S1702_C01_024E","All families!!Total!!Estimate!!NUMBER OF RELATED CHILDREN UNDER 18 YEARS!!3 or 4 children"
"S1702_C01_024M","All families!!Total!!Margin of Error!!NUMBER OF RELATED CHILDREN UNDER 18 YEARS!!3 or 4 children"
"S1702_C02_024E","All families!!Percent below poverty level!!Estimate!!NUMBER OF RELATED CHILDREN UNDER 18 YEARS!!3 or 4 children"
"S1702_C02_024M","All families!!Percent below poverty level!!Margin of Error!!NUMBER OF RELATED CHILDREN UNDER 18 YEARS!!3 or 4 children"
"S1702_C03_024E","Married-couple families!!Total!!Estimate!!NUMBER OF RELATED CHILDREN UNDER 18 YEARS!!3 or 4 children"
"S1702_C03_024M","Married-couple families!!Total!!Margin of Error!!NUMBER OF RELATED CHILDREN UNDER 18 YEARS!!3 or 4 children"
"S1702_C04_024E","Married-couple families!!Percent below poverty level!!Estimate!!NUMBER OF RELATED CHILDREN UNDER 18 YEARS!!3 or 4 children"
"S1702_C04_024M","Married-couple families!!Percent below poverty level!!Margin of Error!!NUMBER OF RELATED CHILDREN UNDER 18 YEARS!!3 or 4 children"
"S1702_C05_024E","Female householder, no husband present!!Total!!Estimate!!NUMBER OF RELATED CHILDREN UNDER 18 YEARS!!3 or 4 children"
"S1702_C05_024M","Female householder, no husband present!!Total!!Margin of Error!!NUMBER OF RELATED CHILDREN UNDER 18 YEARS!!3 or 4 children"
"S1702_C06_024E","Female householder, no husband present!!Percent below poverty level!!Estimate!!NUMBER OF RELATED CHILDREN UNDER 18 YEARS!!3 or 4 children"
"S1702_C06_024M","Female householder, no husband present!!Percent below poverty level!!Margin of Error!!NUMBER OF RELATED CHILDREN UNDER 18 YEARS!!3 or 4 children"
"S1702_C01_025E","All families!!Total!!Estimate!!NUMBER OF RELATED CHILDREN UNDER 18 YEARS!!5 or more children"
"S1702_C01_025M","All families!!Total!!Margin of Error!!NUMBER OF RELATED CHILDREN UNDER 18 YEARS!!5 or more children"
"S1702_C02_025E","All families!!Percent below poverty level!!Estimate!!NUMBER OF RELATED CHILDREN UNDER 18 YEARS!!5 or more children"
"S1702_C02_025M","All families!!Percent below poverty level!!Margin of Error!!NUMBER OF RELATED CHILDREN UNDER 18 YEARS!!5 or more children"
"S1702_C03_025E","Married-couple families!!Total!!Estimate!!NUMBER OF RELATED CHILDREN UNDER 18 YEARS!!5 or more children"
"S1702_C03_025M","Married-couple families!!Total!!Margin of Error!!NUMBER OF RELATED CHILDREN UNDER 18 YEARS!!5 or more children"
"S1702_C04_025E","Married-couple families!!Percent below poverty level!!Estimate!!NUMBER OF RELATED CHILDREN UNDER 18 YEARS!!5 or more children"
"S1702_C04_025M","Married-couple families!!Percent below poverty level!!Margin of Error!!NUMBER OF RELATED CHILDREN UNDER 18 YEARS!!5 or more children"
"S1702_C05_025E","Female householder, no husband present!!Total!!Estimate!!NUMBER OF RELATED CHILDREN UNDER 18 YEARS!!5 or more children"
"S1702_C05_025M","Female householder, no husband present!!Total!!Margin of Error!!NUMBER OF RELATED CHILDREN UNDER 18 YEARS!!5 or more children"
"S1702_C06_025E","Female householder, no husband present!!Percent below poverty level!!Estimate!!NUMBER OF RELATED CHILDREN UNDER 18 YEARS!!5 or more children"
"S1702_C06_025M","Female householder, no husband present!!Percent below poverty level!!Margin of Error!!NUMBER OF RELATED CHILDREN UNDER 18 YEARS!!5 or more children"
"S1702_C01_026E","All families!!Total!!Estimate!!NUMBER OF PEOPLE IN FAMILY!!2 people"
"S1702_C01_026M","All families!!Total!!Margin of Error!!NUMBER OF PEOPLE IN FAMILY!!2 people"
"S1702_C02_026E","All families!!Percent below poverty level!!Estimate!!NUMBER OF PEOPLE IN FAMILY!!2 people"
"S1702_C02_026M","All families!!Percent below poverty level!!Margin of Error!!NUMBER OF PEOPLE IN FAMILY!!2 people"
"S1702_C03_026E","Married-couple families!!Total!!Estimate!!NUMBER OF PEOPLE IN FAMILY!!2 people"
"S1702_C03_026M","Married-couple families!!Total!!Margin of Error!!NUMBER OF PEOPLE IN FAMILY!!2 people"
"S1702_C04_026E","Married-couple families!!Percent below poverty level!!Estimate!!NUMBER OF PEOPLE IN FAMILY!!2 people"
"S1702_C04_026M","Married-couple families!!Percent below poverty level!!Margin of Error!!NUMBER OF PEOPLE IN FAMILY!!2 people"
"S1702_C05_026E","Female householder, no husband present!!Total!!Estimate!!NUMBER OF PEOPLE IN FAMILY!!2 people"
"S1702_C05_026M","Female householder, no husband present!!Total!!Margin of Error!!NUMBER OF PEOPLE IN FAMILY!!2 people"
"S1702_C06_026E","Female householder, no husband present!!Percent below poverty level!!Estimate!!NUMBER OF PEOPLE IN FAMILY!!2 people"
"S1702_C06_026M","Female householder, no husband present!!Percent below poverty level!!Margin of Error!!NUMBER OF PEOPLE IN FAMILY!!2 people"
"S1702_C01_027E","All families!!Total!!Estimate!!NUMBER OF PEOPLE IN FAMILY!!3 or 4 people"
"S1702_C01_027M","All families!!Total!!Margin of Error!!NUMBER OF PEOPLE IN FAMILY!!3 or 4 people"
"S1702_C02_027E","All families!!Percent below poverty level!!Estimate!!NUMBER OF PEOPLE IN FAMILY!!3 or 4 people"
"S1702_C02_027M","All families!!Percent below poverty level!!Margin of Error!!NUMBER OF PEOPLE IN FAMILY!!3 or 4 people"
"S1702_C03_027E","Married-couple families!!Total!!Estimate!!NUMBER OF PEOPLE IN FAMILY!!3 or 4 people"
"S1702_C03_027M","Married-couple families!!Total!!Margin of Error!!NUMBER OF PEOPLE IN FAMILY!!3 or 4 people"
"S1702_C04_027E","Married-couple families!!Percent below poverty level!!Estimate!!NUMBER OF PEOPLE IN FAMILY!!3 or 4 people"
"S1702_C04_027M","Married-couple families!!Percent below poverty level!!Margin of Error!!NUMBER OF PEOPLE IN FAMILY!!3 or 4 people"
"S1702_C05_027E","Female householder, no husband present!!Total!!Estimate!!NUMBER OF PEOPLE IN FAMILY!!3 or 4 people"
"S1702_C05_027M","Female householder, no husband present!!Total!!Margin of Error!!NUMBER OF PEOPLE IN FAMILY!!3 or 4 people"
"S1702_C06_027E","Female householder, no husband present!!Percent below poverty level!!Estimate!!NUMBER OF PEOPLE IN FAMILY!!3 or 4 people"
"S1702_C06_027M","Female householder, no husband present!!Percent below poverty level!!Margin of Error!!NUMBER OF PEOPLE IN FAMILY!!3 or 4 people"
"S1702_C01_028E","All families!!Total!!Estimate!!NUMBER OF PEOPLE IN FAMILY!!5 or 6 people"
"S1702_C01_028M","All families!!Total!!Margin of Error!!NUMBER OF PEOPLE IN FAMILY!!5 or 6 people"
"S1702_C02_028E","All families!!Percent below poverty level!!Estimate!!NUMBER OF PEOPLE IN FAMILY!!5 or 6 people"
"S1702_C02_028M","All families!!Percent below poverty level!!Margin of Error!!NUMBER OF PEOPLE IN FAMILY!!5 or 6 people"
"S1702_C03_028E","Married-couple families!!Total!!Estimate!!NUMBER OF PEOPLE IN FAMILY!!5 or 6 people"
"S1702_C03_028M","Married-couple families!!Total!!Margin of Error!!NUMBER OF PEOPLE IN FAMILY!!5 or 6 people"
"S1702_C04_028E","Married-couple families!!Percent below poverty level!!Estimate!!NUMBER OF PEOPLE IN FAMILY!!5 or 6 people"
"S1702_C04_028M","Married-couple families!!Percent below poverty level!!Margin of Error!!NUMBER OF PEOPLE IN FAMILY!!5 or 6 people"
"S1702_C05_028E","Female householder, no husband present!!Total!!Estimate!!NUMBER OF PEOPLE IN FAMILY!!5 or 6 people"
"S1702_C05_028M","Female householder, no husband present!!Total!!Margin of Error!!NUMBER OF PEOPLE IN FAMILY!!5 or 6 people"
"S1702_C06_028E","Female householder, no husband present!!Percent below poverty level!!Estimate!!NUMBER OF PEOPLE IN FAMILY!!5 or 6 people"
"S1702_C06_028M","Female householder, no husband present!!Percent below poverty level!!Margin of Error!!NUMBER OF PEOPLE IN FAMILY!!5 or 6 people"
"S1702_C01_029E","All families!!Total!!Estimate!!NUMBER OF PEOPLE IN FAMILY!!7 or more people"
"S1702_C01_029M","All families!!Total!!Margin of Error!!NUMBER OF PEOPLE IN FAMILY!!7 or more people"
"S1702_C02_029E","All families!!Percent below poverty level!!Estimate!!NUMBER OF PEOPLE IN FAMILY!!7 or more people"
"S1702_C02_029M","All families!!Percent below poverty level!!Margin of Error!!NUMBER OF PEOPLE IN FAMILY!!7 or more people"
"S1702_C03_029E","Married-couple families!!Total!!Estimate!!NUMBER OF PEOPLE IN FAMILY!!7 or more people"
"S1702_C03_029M","Married-couple families!!Total!!Margin of Error!!NUMBER OF PEOPLE IN FAMILY!!7 or more people"
"S1702_C04_029E","Married-couple families!!Percent below poverty level!!Estimate!!NUMBER OF PEOPLE IN FAMILY!!7 or more people"
"S1702_C04_029M","Married-couple families!!Percent below poverty level!!Margin of Error!!NUMBER OF PEOPLE IN FAMILY!!7 or more people"
"S1702_C05_029E","Female householder, no husband present!!Total!!Estimate!!NUMBER OF PEOPLE IN FAMILY!!7 or more people"
"S1702_C05_029M","Female householder, no husband present!!Total!!Margin of Error!!NUMBER OF PEOPLE IN FAMILY!!7 or more people"
"S1702_C06_029E","Female householder, no husband present!!Percent below poverty level!!Estimate!!NUMBER OF PEOPLE IN FAMILY!!7 or more people"
"S1702_C06_029M","Female householder, no husband present!!Percent below poverty level!!Margin of Error!!NUMBER OF PEOPLE IN FAMILY!!7 or more people"
"S1702_C01_030E","All families!!Total!!Estimate!!NUMBER OF WORKERS IN FAMILY!!No workers"
"S1702_C01_030M","All families!!Total!!Margin of Error!!NUMBER OF WORKERS IN FAMILY!!No workers"
"S1702_C02_030E","All families!!Percent below poverty level!!Estimate!!NUMBER OF WORKERS IN FAMILY!!No workers"
"S1702_C02_030M","All families!!Percent below poverty level!!Margin of Error!!NUMBER OF WORKERS IN FAMILY!!No workers"
"S1702_C03_030E","Married-couple families!!Total!!Estimate!!NUMBER OF WORKERS IN FAMILY!!No workers"
"S1702_C03_030M","Married-couple families!!Total!!Margin of Error!!NUMBER OF WORKERS IN FAMILY!!No workers"
"S1702_C04_030E","Married-couple families!!Percent below poverty level!!Estimate!!NUMBER OF WORKERS IN FAMILY!!No workers"
"S1702_C04_030M","Married-couple families!!Percent below poverty level!!Margin of Error!!NUMBER OF WORKERS IN FAMILY!!No workers"
"S1702_C05_030E","Female householder, no husband present!!Total!!Estimate!!NUMBER OF WORKERS IN FAMILY!!No workers"
"S1702_C05_030M","Female householder, no husband present!!Total!!Margin of Error!!NUMBER OF WORKERS IN FAMILY!!No workers"
"S1702_C06_030E","Female householder, no husband present!!Percent below poverty level!!Estimate!!NUMBER OF WORKERS IN FAMILY!!No workers"
"S1702_C06_030M","Female householder, no husband present!!Percent below poverty level!!Margin of Error!!NUMBER OF WORKERS IN FAMILY!!No workers"
"S1702_C01_031E","All families!!Total!!Estimate!!NUMBER OF WORKERS IN FAMILY!!1 worker"
"S1702_C01_031M","All families!!Total!!Margin of Error!!NUMBER OF WORKERS IN FAMILY!!1 worker"
"S1702_C02_031E","All families!!Percent below poverty level!!Estimate!!NUMBER OF WORKERS IN FAMILY!!1 worker"
"S1702_C02_031M","All families!!Percent below poverty level!!Margin of Error!!NUMBER OF WORKERS IN FAMILY!!1 worker"
"S1702_C03_031E","Married-couple families!!Total!!Estimate!!NUMBER OF WORKERS IN FAMILY!!1 worker"
"S1702_C03_031M","Married-couple families!!Total!!Margin of Error!!NUMBER OF WORKERS IN FAMILY!!1 worker"
"S1702_C04_031E","Married-couple families!!Percent below poverty level!!Estimate!!NUMBER OF WORKERS IN FAMILY!!1 worker"
"S1702_C04_031M","Married-couple families!!Percent below poverty level!!Margin of Error!!NUMBER OF WORKERS IN FAMILY!!1 worker"
"S1702_C05_031E","Female householder, no husband present!!Total!!Estimate!!NUMBER OF WORKERS IN FAMILY!!1 worker"
"S1702_C05_031M","Female householder, no husband present!!Total!!Margin of Error!!NUMBER OF WORKERS IN FAMILY!!1 worker"
"S1702_C06_031E","Female householder, no husband present!!Percent below poverty level!!Estimate!!NUMBER OF WORKERS IN FAMILY!!1 worker"
"S1702_C06_031M","Female householder, no husband present!!Percent below poverty level!!Margin of Error!!NUMBER OF WORKERS IN FAMILY!!1 worker"
"S1702_C01_032E","All families!!Total!!Estimate!!NUMBER OF WORKERS IN FAMILY!!2 workers"
"S1702_C01_032M","All families!!Total!!Margin of Error!!NUMBER OF WORKERS IN FAMILY!!2 workers"
"S1702_C02_032E","All families!!Percent below poverty level!!Estimate!!NUMBER OF WORKERS IN FAMILY!!2 workers"
"S1702_C02_032M","All families!!Percent below poverty level!!Margin of Error!!NUMBER OF WORKERS IN FAMILY!!2 workers"
"S1702_C03_032E","Married-couple families!!Total!!Estimate!!NUMBER OF WORKERS IN FAMILY!!2 workers"
"S1702_C03_032M","Married-couple families!!Total!!Margin of Error!!NUMBER OF WORKERS IN FAMILY!!2 workers"
"S1702_C04_032E","Married-couple families!!Percent below poverty level!!Estimate!!NUMBER OF WORKERS IN FAMILY!!2 workers"
"S1702_C04_032M","Married-couple families!!Percent below poverty level!!Margin of Error!!NUMBER OF WORKERS IN FAMILY!!2 workers"
"S1702_C05_032E","Female householder, no husband present!!Total!!Estimate!!NUMBER OF WORKERS IN FAMILY!!2 workers"
"S1702_C05_032M","Female householder, no husband present!!Total!!Margin of Error!!NUMBER OF WORKERS IN FAMILY!!2 workers"
"S1702_C06_032E","Female householder, no husband present!!Percent below poverty level!!Estimate!!NUMBER OF WORKERS IN FAMILY!!2 workers"
"S1702_C06_032M","Female householder, no husband present!!Percent below poverty level!!Margin of Error!!NUMBER OF WORKERS IN FAMILY!!2 workers"
"S1702_C01_033E","All families!!Total!!Estimate!!NUMBER OF WORKERS IN FAMILY!!3 or more workers"
"S1702_C01_033M","All families!!Total!!Margin of Error!!NUMBER OF WORKERS IN FAMILY!!3 or more workers"
"S1702_C02_033E","All families!!Percent below poverty level!!Estimate!!NUMBER OF WORKERS IN FAMILY!!3 or more workers"
"S1702_C02_033M","All families!!Percent below poverty level!!Margin of Error!!NUMBER OF WORKERS IN FAMILY!!3 or more workers"
"S1702_C03_033E","Married-couple families!!Total!!Estimate!!NUMBER OF WORKERS IN FAMILY!!3 or more workers"
"S1702_C03_033M","Married-couple families!!Total!!Margin of Error!!NUMBER OF WORKERS IN FAMILY!!3 or more workers"
"S1702_C04_033E","Married-couple families!!Percent below poverty level!!Estimate!!NUMBER OF WORKERS IN FAMILY!!3 or more workers"
"S1702_C04_033M","Married-couple families!!Percent below poverty level!!Margin of Error!!NUMBER OF WORKERS IN FAMILY!!3 or more workers"
"S1702_C05_033E","Female householder, no husband present!!Total!!Estimate!!NUMBER OF WORKERS IN FAMILY!!3 or more workers"
"S1702_C05_033M","Female householder, no husband present!!Total!!Margin of Error!!NUMBER OF WORKERS IN FAMILY!!3 or more workers"
"S1702_C06_033E","Female householder, no husband present!!Percent below poverty level!!Estimate!!NUMBER OF WORKERS IN FAMILY!!3 or more workers"
"S1702_C06_033M","Female householder, no husband present!!Percent below poverty level!!Margin of Error!!NUMBER OF WORKERS IN FAMILY!!3 or more workers"
"S1702_C01_034E","All families!!Total!!Estimate!!INCOME DEFICIT!!Mean income deficit for families (dollars)"
"S1702_C01_034M","All families!!Total!!Margin of Error!!INCOME DEFICIT!!Mean income deficit for families (dollars)"
"S1702_C02_034E","All families!!Percent below poverty level!!Estimate!!INCOME DEFICIT!!Mean income deficit for families (dollars)"
"S1702_C02_034M","All families!!Percent below poverty level!!Margin of Error!!INCOME DEFICIT!!Mean income deficit for families (dollars)"
"S1702_C03_034E","Married-couple families!!Total!!Estimate!!INCOME DEFICIT!!Mean income deficit for families (dollars)"
"S1702_C03_034M","Married-couple families!!Total!!Margin of Error!!INCOME DEFICIT!!Mean income deficit for families (dollars)"
"S1702_C04_034E","Married-couple families!!Percent below poverty level!!Estimate!!INCOME DEFICIT!!Mean income deficit for families (dollars)"
"S1702_C04_034M","Married-couple families!!Percent below poverty level!!Margin of Error!!INCOME DEFICIT!!Mean income deficit for families (dollars)"
"S1702_C05_034E","Female householder, no husband present!!Total!!Estimate!!INCOME DEFICIT!!Mean income deficit for families (dollars)"
"S1702_C05_034M","Female householder, no husband present!!Total!!Margin of Error!!INCOME DEFICIT!!Mean income deficit for families (dollars)"
"S1702_C06_034E","Female householder, no husband present!!Percent below poverty level!!Estimate!!INCOME DEFICIT!!Mean income deficit for families (dollars)"
"S1702_C06_034M","Female householder, no husband present!!Percent below poverty level!!Margin of Error!!INCOME DEFICIT!!Mean income deficit for families (dollars)"
"S1702_C01_035E","All families!!Total!!Estimate!!PERCENT IMPUTED!!Poverty status for families"
"S1702_C01_035M","All families!!Total!!Margin of Error!!PERCENT IMPUTED!!Poverty status for families"
"S1702_C02_035E","All families!!Percent below poverty level!!Estimate!!PERCENT IMPUTED!!Poverty status for families"
"S1702_C02_035M","All families!!Percent below poverty level!!Margin of Error!!PERCENT IMPUTED!!Poverty status for families"
"S1702_C03_035E","Married-couple families!!Total!!Estimate!!PERCENT IMPUTED!!Poverty status for families"
"S1702_C03_035M","Married-couple families!!Total!!Margin of Error!!PERCENT IMPUTED!!Poverty status for families"
"S1702_C04_035E","Married-couple families!!Percent below poverty level!!Estimate!!PERCENT IMPUTED!!Poverty status for families"
"S1702_C04_035M","Married-couple families!!Percent below poverty level!!Margin of Error!!PERCENT IMPUTED!!Poverty status for families"
"S1702_C05_035E","Female householder, no husband present!!Total!!Estimate!!PERCENT IMPUTED!!Poverty status for families"
"S1702_C05_035M","Female householder, no husband present!!Total!!Margin of Error!!PERCENT IMPUTED!!Poverty status for families"
"S1702_C06_035E","Female householder, no husband present!!Percent below poverty level!!Estimate!!PERCENT IMPUTED!!Poverty status for families"
"S1702_C06_035M","Female householder, no husband present!!Percent below poverty level!!Margin of Error!!PERCENT IMPUTED!!Poverty status for families"
