"Column Name","Label"
"GEO_ID","Geography"
"NAME","Geographic Area Name"
"S2503_C01_001E","Occupied housing units!!Estimate!!Occupied housing units"
"S2503_C01_001M","Occupied housing units!!Margin of Error!!Occupied housing units"
"S2503_C02_001E","Owner-occupied housing units!!Estimate!!Occupied housing units"
"S2503_C02_001M","Owner-occupied housing units!!Margin of Error!!Occupied housing units"
"S2503_C03_001E","Renter-occupied housing units!!Estimate!!Occupied housing units"
"S2503_C03_001M","Renter-occupied housing units!!Margin of Error!!Occupied housing units"
"S2503_C01_002E","Occupied housing units!!Estimate!!HOUSEHOLD INCOME IN THE PAST 12 MONTHS (IN 2015 INFLATION-ADJUSTED DOLLARS)!!Less than $5,000"
"S2503_C01_002M","Occupied housing units!!Margin of Error!!HOUSEHOLD INCOME IN THE PAST 12 MONTHS (IN 2015 INFLATION-ADJUSTED DOLLARS)!!Less than $5,000"
"S2503_C02_002E","Owner-occupied housing units!!Estimate!!HOUSEHOLD INCOME IN THE PAST 12 MONTHS (IN 2015 INFLATION-ADJUSTED DOLLARS)!!Less than $5,000"
"S2503_C02_002M","Owner-occupied housing units!!Margin of Error!!HOUSEHOLD INCOME IN THE PAST 12 MONTHS (IN 2015 INFLATION-ADJUSTED DOLLARS)!!Less than $5,000"
"S2503_C03_002E","Renter-occupied housing units!!Estimate!!HOUSEHOLD INCOME IN THE PAST 12 MONTHS (IN 2015 INFLATION-ADJUSTED DOLLARS)!!Less than $5,000"
"S2503_C03_002M","Renter-occupied housing units!!Margin of Error!!HOUSEHOLD INCOME IN THE PAST 12 MONTHS (IN 2015 INFLATION-ADJUSTED DOLLARS)!!Less than $5,000"
"S2503_C01_003E","Occupied housing units!!Estimate!!HOUSEHOLD INCOME IN THE PAST 12 MONTHS (IN 2015 INFLATION-ADJUSTED DOLLARS)!!$5,000 to $9,999"
"S2503_C01_003M","Occupied housing units!!Margin of Error!!HOUSEHOLD INCOME IN THE PAST 12 MONTHS (IN 2015 INFLATION-ADJUSTED DOLLARS)!!$5,000 to $9,999"
"S2503_C02_003E","Owner-occupied housing units!!Estimate!!HOUSEHOLD INCOME IN THE PAST 12 MONTHS (IN 2015 INFLATION-ADJUSTED DOLLARS)!!$5,000 to $9,999"
"S2503_C02_003M","Owner-occupied housing units!!Margin of Error!!HOUSEHOLD INCOME IN THE PAST 12 MONTHS (IN 2015 INFLATION-ADJUSTED DOLLARS)!!$5,000 to $9,999"
"S2503_C03_003E","Renter-occupied housing units!!Estimate!!HOUSEHOLD INCOME IN THE PAST 12 MONTHS (IN 2015 INFLATION-ADJUSTED DOLLARS)!!$5,000 to $9,999"
"S2503_C03_003M","Renter-occupied housing units!!Margin of Error!!HOUSEHOLD INCOME IN THE PAST 12 MONTHS (IN 2015 INFLATION-ADJUSTED DOLLARS)!!$5,000 to $9,999"
"S2503_C01_004E","Occupied housing units!!Estimate!!HOUSEHOLD INCOME IN THE PAST 12 MONTHS (IN 2015 INFLATION-ADJUSTED DOLLARS)!!$10,000 to $14,999"
"S2503_C01_004M","Occupied housing units!!Margin of Error!!HOUSEHOLD INCOME IN THE PAST 12 MONTHS (IN 2015 INFLATION-ADJUSTED DOLLARS)!!$10,000 to $14,999"
"S2503_C02_004E","Owner-occupied housing units!!Estimate!!HOUSEHOLD INCOME IN THE PAST 12 MONTHS (IN 2015 INFLATION-ADJUSTED DOLLARS)!!$10,000 to $14,999"
"S2503_C02_004M","Owner-occupied housing units!!Margin of Error!!HOUSEHOLD INCOME IN THE PAST 12 MONTHS (IN 2015 INFLATION-ADJUSTED DOLLARS)!!$10,000 to $14,999"
"S2503_C03_004E","Renter-occupied housing units!!Estimate!!HOUSEHOLD INCOME IN THE PAST 12 MONTHS (IN 2015 INFLATION-ADJUSTED DOLLARS)!!$10,000 to $14,999"
"S2503_C03_004M","Renter-occupied housing units!!Margin of Error!!HOUSEHOLD INCOME IN THE PAST 12 MONTHS (IN 2015 INFLATION-ADJUSTED DOLLARS)!!$10,000 to $14,999"
"S2503_C01_005E","Occupied housing units!!Estimate!!HOUSEHOLD INCOME IN THE PAST 12 MONTHS (IN 2015 INFLATION-ADJUSTED DOLLARS)!!$15,000 to $19,999"
"S2503_C01_005M","Occupied housing units!!Margin of Error!!HOUSEHOLD INCOME IN THE PAST 12 MONTHS (IN 2015 INFLATION-ADJUSTED DOLLARS)!!$15,000 to $19,999"
"S2503_C02_005E","Owner-occupied housing units!!Estimate!!HOUSEHOLD INCOME IN THE PAST 12 MONTHS (IN 2015 INFLATION-ADJUSTED DOLLARS)!!$15,000 to $19,999"
"S2503_C02_005M","Owner-occupied housing units!!Margin of Error!!HOUSEHOLD INCOME IN THE PAST 12 MONTHS (IN 2015 INFLATION-ADJUSTED DOLLARS)!!$15,000 to $19,999"
"S2503_C03_005E","Renter-occupied housing units!!Estimate!!HOUSEHOLD INCOME IN THE PAST 12 MONTHS (IN 2015 INFLATION-ADJUSTED DOLLARS)!!$15,000 to $19,999"
"S2503_C03_005M","Renter-occupied housing units!!Margin of Error!!HOUSEHOLD INCOME IN THE PAST 12 MONTHS (IN 2015 INFLATION-ADJUSTED DOLLARS)!!$15,000 to $19,999"
"S2503_C01_006E","Occupied housing units!!Estimate!!HOUSEHOLD INCOME IN THE PAST 12 MONTHS (IN 2015 INFLATION-ADJUSTED DOLLARS)!!$20,000 to $24,999"
"S2503_C01_006M","Occupied housing units!!Margin of Error!!HOUSEHOLD INCOME IN THE PAST 12 MONTHS (IN 2015 INFLATION-ADJUSTED DOLLARS)!!$20,000 to $24,999"
"S2503_C02_006E","Owner-occupied housing units!!Estimate!!HOUSEHOLD INCOME IN THE PAST 12 MONTHS (IN 2015 INFLATION-ADJUSTED DOLLARS)!!$20,000 to $24,999"
"S2503_C02_006M","Owner-occupied housing units!!Margin of Error!!HOUSEHOLD INCOME IN THE PAST 12 MONTHS (IN 2015 INFLATION-ADJUSTED DOLLARS)!!$20,000 to $24,999"
"S2503_C03_006E","Renter-occupied housing units!!Estimate!!HOUSEHOLD INCOME IN THE PAST 12 MONTHS (IN 2015 INFLATION-ADJUSTED DOLLARS)!!$20,000 to $24,999"
"S2503_C03_006M","Renter-occupied housing units!!Margin of Error!!HOUSEHOLD INCOME IN THE PAST 12 MONTHS (IN 2015 INFLATION-ADJUSTED DOLLARS)!!$20,000 to $24,999"
"S2503_C01_007E","Occupied housing units!!Estimate!!HOUSEHOLD INCOME IN THE PAST 12 MONTHS (IN 2015 INFLATION-ADJUSTED DOLLARS)!!$25,000 to $34,999"
"S2503_C01_007M","Occupied housing units!!Margin of Error!!HOUSEHOLD INCOME IN THE PAST 12 MONTHS (IN 2015 INFLATION-ADJUSTED DOLLARS)!!$25,000 to $34,999"
"S2503_C02_007E","Owner-occupied housing units!!Estimate!!HOUSEHOLD INCOME IN THE PAST 12 MONTHS (IN 2015 INFLATION-ADJUSTED DOLLARS)!!$25,000 to $34,999"
"S2503_C02_007M","Owner-occupied housing units!!Margin of Error!!HOUSEHOLD INCOME IN THE PAST 12 MONTHS (IN 2015 INFLATION-ADJUSTED DOLLARS)!!$25,000 to $34,999"
"S2503_C03_007E","Renter-occupied housing units!!Estimate!!HOUSEHOLD INCOME IN THE PAST 12 MONTHS (IN 2015 INFLATION-ADJUSTED DOLLARS)!!$25,000 to $34,999"
"S2503_C03_007M","Renter-occupied housing units!!Margin of Error!!HOUSEHOLD INCOME IN THE PAST 12 MONTHS (IN 2015 INFLATION-ADJUSTED DOLLARS)!!$25,000 to $34,999"
"S2503_C01_008E","Occupied housing units!!Estimate!!HOUSEHOLD INCOME IN THE PAST 12 MONTHS (IN 2015 INFLATION-ADJUSTED DOLLARS)!!$35,000 to $49,999"
"S2503_C01_008M","Occupied housing units!!Margin of Error!!HOUSEHOLD INCOME IN THE PAST 12 MONTHS (IN 2015 INFLATION-ADJUSTED DOLLARS)!!$35,000 to $49,999"
"S2503_C02_008E","Owner-occupied housing units!!Estimate!!HOUSEHOLD INCOME IN THE PAST 12 MONTHS (IN 2015 INFLATION-ADJUSTED DOLLARS)!!$35,000 to $49,999"
"S2503_C02_008M","Owner-occupied housing units!!Margin of Error!!HOUSEHOLD INCOME IN THE PAST 12 MONTHS (IN 2015 INFLATION-ADJUSTED DOLLARS)!!$35,000 to $49,999"
"S2503_C03_008E","Renter-occupied housing units!!Estimate!!HOUSEHOLD INCOME IN THE PAST 12 MONTHS (IN 2015 INFLATION-ADJUSTED DOLLARS)!!$35,000 to $49,999"
"S2503_C03_008M","Renter-occupied housing units!!Margin of Error!!HOUSEHOLD INCOME IN THE PAST 12 MONTHS (IN 2015 INFLATION-ADJUSTED DOLLARS)!!$35,000 to $49,999"
"S2503_C01_009E","Occupied housing units!!Estimate!!HOUSEHOLD INCOME IN THE PAST 12 MONTHS (IN 2015 INFLATION-ADJUSTED DOLLARS)!!$50,000 to $74,999"
"S2503_C01_009M","Occupied housing units!!Margin of Error!!HOUSEHOLD INCOME IN THE PAST 12 MONTHS (IN 2015 INFLATION-ADJUSTED DOLLARS)!!$50,000 to $74,999"
"S2503_C02_009E","Owner-occupied housing units!!Estimate!!HOUSEHOLD INCOME IN THE PAST 12 MONTHS (IN 2015 INFLATION-ADJUSTED DOLLARS)!!$50,000 to $74,999"
"S2503_C02_009M","Owner-occupied housing units!!Margin of Error!!HOUSEHOLD INCOME IN THE PAST 12 MONTHS (IN 2015 INFLATION-ADJUSTED DOLLARS)!!$50,000 to $74,999"
"S2503_C03_009E","Renter-occupied housing units!!Estimate!!HOUSEHOLD INCOME IN THE PAST 12 MONTHS (IN 2015 INFLATION-ADJUSTED DOLLARS)!!$50,000 to $74,999"
"S2503_C03_009M","Renter-occupied housing units!!Margin of Error!!HOUSEHOLD INCOME IN THE PAST 12 MONTHS (IN 2015 INFLATION-ADJUSTED DOLLARS)!!$50,000 to $74,999"
"S2503_C01_010E","Occupied housing units!!Estimate!!HOUSEHOLD INCOME IN THE PAST 12 MONTHS (IN 2015 INFLATION-ADJUSTED DOLLARS)!!$75,000 to $99,999"
"S2503_C01_010M","Occupied housing units!!Margin of Error!!HOUSEHOLD INCOME IN THE PAST 12 MONTHS (IN 2015 INFLATION-ADJUSTED DOLLARS)!!$75,000 to $99,999"
"S2503_C02_010E","Owner-occupied housing units!!Estimate!!HOUSEHOLD INCOME IN THE PAST 12 MONTHS (IN 2015 INFLATION-ADJUSTED DOLLARS)!!$75,000 to $99,999"
"S2503_C02_010M","Owner-occupied housing units!!Margin of Error!!HOUSEHOLD INCOME IN THE PAST 12 MONTHS (IN 2015 INFLATION-ADJUSTED DOLLARS)!!$75,000 to $99,999"
"S2503_C03_010E","Renter-occupied housing units!!Estimate!!HOUSEHOLD INCOME IN THE PAST 12 MONTHS (IN 2015 INFLATION-ADJUSTED DOLLARS)!!$75,000 to $99,999"
"S2503_C03_010M","Renter-occupied housing units!!Margin of Error!!HOUSEHOLD INCOME IN THE PAST 12 MONTHS (IN 2015 INFLATION-ADJUSTED DOLLARS)!!$75,000 to $99,999"
"S2503_C01_011E","Occupied housing units!!Estimate!!HOUSEHOLD INCOME IN THE PAST 12 MONTHS (IN 2015 INFLATION-ADJUSTED DOLLARS)!!$100,000 to $149,999"
"S2503_C01_011M","Occupied housing units!!Margin of Error!!HOUSEHOLD INCOME IN THE PAST 12 MONTHS (IN 2015 INFLATION-ADJUSTED DOLLARS)!!$100,000 to $149,999"
"S2503_C02_011E","Owner-occupied housing units!!Estimate!!HOUSEHOLD INCOME IN THE PAST 12 MONTHS (IN 2015 INFLATION-ADJUSTED DOLLARS)!!$100,000 to $149,999"
"S2503_C02_011M","Owner-occupied housing units!!Margin of Error!!HOUSEHOLD INCOME IN THE PAST 12 MONTHS (IN 2015 INFLATION-ADJUSTED DOLLARS)!!$100,000 to $149,999"
"S2503_C03_011E","Renter-occupied housing units!!Estimate!!HOUSEHOLD INCOME IN THE PAST 12 MONTHS (IN 2015 INFLATION-ADJUSTED DOLLARS)!!$100,000 to $149,999"
"S2503_C03_011M","Renter-occupied housing units!!Margin of Error!!HOUSEHOLD INCOME IN THE PAST 12 MONTHS (IN 2015 INFLATION-ADJUSTED DOLLARS)!!$100,000 to $149,999"
"S2503_C01_012E","Occupied housing units!!Estimate!!HOUSEHOLD INCOME IN THE PAST 12 MONTHS (IN 2015 INFLATION-ADJUSTED DOLLARS)!!$150,000 or more"
"S2503_C01_012M","Occupied housing units!!Margin of Error!!HOUSEHOLD INCOME IN THE PAST 12 MONTHS (IN 2015 INFLATION-ADJUSTED DOLLARS)!!$150,000 or more"
"S2503_C02_012E","Owner-occupied housing units!!Estimate!!HOUSEHOLD INCOME IN THE PAST 12 MONTHS (IN 2015 INFLATION-ADJUSTED DOLLARS)!!$150,000 or more"
"S2503_C02_012M","Owner-occupied housing units!!Margin of Error!!HOUSEHOLD INCOME IN THE PAST 12 MONTHS (IN 2015 INFLATION-ADJUSTED DOLLARS)!!$150,000 or more"
"S2503_C03_012E","Renter-occupied housing units!!Estimate!!HOUSEHOLD INCOME IN THE PAST 12 MONTHS (IN 2015 INFLATION-ADJUSTED DOLLARS)!!$150,000 or more"
"S2503_C03_012M","Renter-occupied housing units!!Margin of Error!!HOUSEHOLD INCOME IN THE PAST 12 MONTHS (IN 2015 INFLATION-ADJUSTED DOLLARS)!!$150,000 or more"
"S2503_C01_013E","Occupied housing units!!Estimate!!HOUSEHOLD INCOME IN THE PAST 12 MONTHS (IN 2015 INFLATION-ADJUSTED DOLLARS)!!Median household income (dollars)"
"S2503_C01_013M","Occupied housing units!!Margin of Error!!HOUSEHOLD INCOME IN THE PAST 12 MONTHS (IN 2015 INFLATION-ADJUSTED DOLLARS)!!Median household income (dollars)"
"S2503_C02_013E","Owner-occupied housing units!!Estimate!!HOUSEHOLD INCOME IN THE PAST 12 MONTHS (IN 2015 INFLATION-ADJUSTED DOLLARS)!!Median household income (dollars)"
"S2503_C02_013M","Owner-occupied housing units!!Margin of Error!!HOUSEHOLD INCOME IN THE PAST 12 MONTHS (IN 2015 INFLATION-ADJUSTED DOLLARS)!!Median household income (dollars)"
"S2503_C03_013E","Renter-occupied housing units!!Estimate!!HOUSEHOLD INCOME IN THE PAST 12 MONTHS (IN 2015 INFLATION-ADJUSTED DOLLARS)!!Median household income (dollars)"
"S2503_C03_013M","Renter-occupied housing units!!Margin of Error!!HOUSEHOLD INCOME IN THE PAST 12 MONTHS (IN 2015 INFLATION-ADJUSTED DOLLARS)!!Median household income (dollars)"
"S2503_C01_014E","Occupied housing units!!Estimate!!MONTHLY HOUSING COSTS!!Less than $300"
"S2503_C01_014M","Occupied housing units!!Margin of Error!!MONTHLY HOUSING COSTS!!Less than $300"
"S2503_C02_014E","Owner-occupied housing units!!Estimate!!MONTHLY HOUSING COSTS!!Less than $300"
"S2503_C02_014M","Owner-occupied housing units!!Margin of Error!!MONTHLY HOUSING COSTS!!Less than $300"
"S2503_C03_014E","Renter-occupied housing units!!Estimate!!MONTHLY HOUSING COSTS!!Less than $300"
"S2503_C03_014M","Renter-occupied housing units!!Margin of Error!!MONTHLY HOUSING COSTS!!Less than $300"
"S2503_C01_015E","Occupied housing units!!Estimate!!MONTHLY HOUSING COSTS!!$300 to $499"
"S2503_C01_015M","Occupied housing units!!Margin of Error!!MONTHLY HOUSING COSTS!!$300 to $499"
"S2503_C02_015E","Owner-occupied housing units!!Estimate!!MONTHLY HOUSING COSTS!!$300 to $499"
"S2503_C02_015M","Owner-occupied housing units!!Margin of Error!!MONTHLY HOUSING COSTS!!$300 to $499"
"S2503_C03_015E","Renter-occupied housing units!!Estimate!!MONTHLY HOUSING COSTS!!$300 to $499"
"S2503_C03_015M","Renter-occupied housing units!!Margin of Error!!MONTHLY HOUSING COSTS!!$300 to $499"
"S2503_C01_016E","Occupied housing units!!Estimate!!MONTHLY HOUSING COSTS!!$500 to $799"
"S2503_C01_016M","Occupied housing units!!Margin of Error!!MONTHLY HOUSING COSTS!!$500 to $799"
"S2503_C02_016E","Owner-occupied housing units!!Estimate!!MONTHLY HOUSING COSTS!!$500 to $799"
"S2503_C02_016M","Owner-occupied housing units!!Margin of Error!!MONTHLY HOUSING COSTS!!$500 to $799"
"S2503_C03_016E","Renter-occupied housing units!!Estimate!!MONTHLY HOUSING COSTS!!$500 to $799"
"S2503_C03_016M","Renter-occupied housing units!!Margin of Error!!MONTHLY HOUSING COSTS!!$500 to $799"
"S2503_C01_017E","Occupied housing units!!Estimate!!MONTHLY HOUSING COSTS!!$800 to $999"
"S2503_C01_017M","Occupied housing units!!Margin of Error!!MONTHLY HOUSING COSTS!!$800 to $999"
"S2503_C02_017E","Owner-occupied housing units!!Estimate!!MONTHLY HOUSING COSTS!!$800 to $999"
"S2503_C02_017M","Owner-occupied housing units!!Margin of Error!!MONTHLY HOUSING COSTS!!$800 to $999"
"S2503_C03_017E","Renter-occupied housing units!!Estimate!!MONTHLY HOUSING COSTS!!$800 to $999"
"S2503_C03_017M","Renter-occupied housing units!!Margin of Error!!MONTHLY HOUSING COSTS!!$800 to $999"
"S2503_C01_018E","Occupied housing units!!Estimate!!MONTHLY HOUSING COSTS!!$1,000 to $1,499"
"S2503_C01_018M","Occupied housing units!!Margin of Error!!MONTHLY HOUSING COSTS!!$1,000 to $1,499"
"S2503_C02_018E","Owner-occupied housing units!!Estimate!!MONTHLY HOUSING COSTS!!$1,000 to $1,499"
"S2503_C02_018M","Owner-occupied housing units!!Margin of Error!!MONTHLY HOUSING COSTS!!$1,000 to $1,499"
"S2503_C03_018E","Renter-occupied housing units!!Estimate!!MONTHLY HOUSING COSTS!!$1,000 to $1,499"
"S2503_C03_018M","Renter-occupied housing units!!Margin of Error!!MONTHLY HOUSING COSTS!!$1,000 to $1,499"
"S2503_C01_019E","Occupied housing units!!Estimate!!MONTHLY HOUSING COSTS!!$1,500 to $1,999"
"S2503_C01_019M","Occupied housing units!!Margin of Error!!MONTHLY HOUSING COSTS!!$1,500 to $1,999"
"S2503_C02_019E","Owner-occupied housing units!!Estimate!!MONTHLY HOUSING COSTS!!$1,500 to $1,999"
"S2503_C02_019M","Owner-occupied housing units!!Margin of Error!!MONTHLY HOUSING COSTS!!$1,500 to $1,999"
"S2503_C03_019E","Renter-occupied housing units!!Estimate!!MONTHLY HOUSING COSTS!!$1,500 to $1,999"
"S2503_C03_019M","Renter-occupied housing units!!Margin of Error!!MONTHLY HOUSING COSTS!!$1,500 to $1,999"
"S2503_C01_020E","Occupied housing units!!Estimate!!MONTHLY HOUSING COSTS!!$2,000 to $2,499"
"S2503_C01_020M","Occupied housing units!!Margin of Error!!MONTHLY HOUSING COSTS!!$2,000 to $2,499"
"S2503_C02_020E","Owner-occupied housing units!!Estimate!!MONTHLY HOUSING COSTS!!$2,000 to $2,499"
"S2503_C02_020M","Owner-occupied housing units!!Margin of Error!!MONTHLY HOUSING COSTS!!$2,000 to $2,499"
"S2503_C03_020E","Renter-occupied housing units!!Estimate!!MONTHLY HOUSING COSTS!!$2,000 to $2,499"
"S2503_C03_020M","Renter-occupied housing units!!Margin of Error!!MONTHLY HOUSING COSTS!!$2,000 to $2,499"
"S2503_C01_021E","Occupied housing units!!Estimate!!MONTHLY HOUSING COSTS!!$2,500 to $2,999"
"S2503_C01_021M","Occupied housing units!!Margin of Error!!MONTHLY HOUSING COSTS!!$2,500 to $2,999"
"S2503_C02_021E","Owner-occupied housing units!!Estimate!!MONTHLY HOUSING COSTS!!$2,500 to $2,999"
"S2503_C02_021M","Owner-occupied housing units!!Margin of Error!!MONTHLY HOUSING COSTS!!$2,500 to $2,999"
"S2503_C03_021E","Renter-occupied housing units!!Estimate!!MONTHLY HOUSING COSTS!!$2,500 to $2,999"
"S2503_C03_021M","Renter-occupied housing units!!Margin of Error!!MONTHLY HOUSING COSTS!!$2,500 to $2,999"
"S2503_C01_022E","Occupied housing units!!Estimate!!MONTHLY HOUSING COSTS!!$3,000 or more"
"S2503_C01_022M","Occupied housing units!!Margin of Error!!MONTHLY HOUSING COSTS!!$3,000 or more"
"S2503_C02_022E","Owner-occupied housing units!!Estimate!!MONTHLY HOUSING COSTS!!$3,000 or more"
"S2503_C02_022M","Owner-occupied housing units!!Margin of Error!!MONTHLY HOUSING COSTS!!$3,000 or more"
"S2503_C03_022E","Renter-occupied housing units!!Estimate!!MONTHLY HOUSING COSTS!!$3,000 or more"
"S2503_C03_022M","Renter-occupied housing units!!Margin of Error!!MONTHLY HOUSING COSTS!!$3,000 or more"
"S2503_C01_023E","Occupied housing units!!Estimate!!MONTHLY HOUSING COSTS!!No cash rent"
"S2503_C01_023M","Occupied housing units!!Margin of Error!!MONTHLY HOUSING COSTS!!No cash rent"
"S2503_C02_023E","Owner-occupied housing units!!Estimate!!MONTHLY HOUSING COSTS!!No cash rent"
"S2503_C02_023M","Owner-occupied housing units!!Margin of Error!!MONTHLY HOUSING COSTS!!No cash rent"
"S2503_C03_023E","Renter-occupied housing units!!Estimate!!MONTHLY HOUSING COSTS!!No cash rent"
"S2503_C03_023M","Renter-occupied housing units!!Margin of Error!!MONTHLY HOUSING COSTS!!No cash rent"
"S2503_C01_024E","Occupied housing units!!Estimate!!MONTHLY HOUSING COSTS!!Median (dollars)"
"S2503_C01_024M","Occupied housing units!!Margin of Error!!MONTHLY HOUSING COSTS!!Median (dollars)"
"S2503_C02_024E","Owner-occupied housing units!!Estimate!!MONTHLY HOUSING COSTS!!Median (dollars)"
"S2503_C02_024M","Owner-occupied housing units!!Margin of Error!!MONTHLY HOUSING COSTS!!Median (dollars)"
"S2503_C03_024E","Renter-occupied housing units!!Estimate!!MONTHLY HOUSING COSTS!!Median (dollars)"
"S2503_C03_024M","Renter-occupied housing units!!Margin of Error!!MONTHLY HOUSING COSTS!!Median (dollars)"
"S2503_C01_025E","Occupied housing units!!Estimate!!MONTHLY HOUSING COSTS AS A PERCENTAGE OF HOUSEHOLD INCOME IN THE PAST 12 MONTHS!!Less than $20,000"
"S2503_C01_025M","Occupied housing units!!Margin of Error!!MONTHLY HOUSING COSTS AS A PERCENTAGE OF HOUSEHOLD INCOME IN THE PAST 12 MONTHS!!Less than $20,000"
"S2503_C02_025E","Owner-occupied housing units!!Estimate!!MONTHLY HOUSING COSTS AS A PERCENTAGE OF HOUSEHOLD INCOME IN THE PAST 12 MONTHS!!Less than $20,000"
"S2503_C02_025M","Owner-occupied housing units!!Margin of Error!!MONTHLY HOUSING COSTS AS A PERCENTAGE OF HOUSEHOLD INCOME IN THE PAST 12 MONTHS!!Less than $20,000"
"S2503_C03_025E","Renter-occupied housing units!!Estimate!!MONTHLY HOUSING COSTS AS A PERCENTAGE OF HOUSEHOLD INCOME IN THE PAST 12 MONTHS!!Less than $20,000"
"S2503_C03_025M","Renter-occupied housing units!!Margin of Error!!MONTHLY HOUSING COSTS AS A PERCENTAGE OF HOUSEHOLD INCOME IN THE PAST 12 MONTHS!!Less than $20,000"
"S2503_C01_026E","Occupied housing units!!Estimate!!MONTHLY HOUSING COSTS AS A PERCENTAGE OF HOUSEHOLD INCOME IN THE PAST 12 MONTHS!!Less than $20,000!!Less than 20 percent"
"S2503_C01_026M","Occupied housing units!!Margin of Error!!MONTHLY HOUSING COSTS AS A PERCENTAGE OF HOUSEHOLD INCOME IN THE PAST 12 MONTHS!!Less than $20,000!!Less than 20 percent"
"S2503_C02_026E","Owner-occupied housing units!!Estimate!!MONTHLY HOUSING COSTS AS A PERCENTAGE OF HOUSEHOLD INCOME IN THE PAST 12 MONTHS!!Less than $20,000!!Less than 20 percent"
"S2503_C02_026M","Owner-occupied housing units!!Margin of Error!!MONTHLY HOUSING COSTS AS A PERCENTAGE OF HOUSEHOLD INCOME IN THE PAST 12 MONTHS!!Less than $20,000!!Less than 20 percent"
"S2503_C03_026E","Renter-occupied housing units!!Estimate!!MONTHLY HOUSING COSTS AS A PERCENTAGE OF HOUSEHOLD INCOME IN THE PAST 12 MONTHS!!Less than $20,000!!Less than 20 percent"
"S2503_C03_026M","Renter-occupied housing units!!Margin of Error!!MONTHLY HOUSING COSTS AS A PERCENTAGE OF HOUSEHOLD INCOME IN THE PAST 12 MONTHS!!Less than $20,000!!Less than 20 percent"
"S2503_C01_027E","Occupied housing units!!Estimate!!MONTHLY HOUSING COSTS AS A PERCENTAGE OF HOUSEHOLD INCOME IN THE PAST 12 MONTHS!!Less than $20,000!!20 to 29 percent"
"S2503_C01_027M","Occupied housing units!!Margin of Error!!MONTHLY HOUSING COSTS AS A PERCENTAGE OF HOUSEHOLD INCOME IN THE PAST 12 MONTHS!!Less than $20,000!!20 to 29 percent"
"S2503_C02_027E","Owner-occupied housing units!!Estimate!!MONTHLY HOUSING COSTS AS A PERCENTAGE OF HOUSEHOLD INCOME IN THE PAST 12 MONTHS!!Less than $20,000!!20 to 29 percent"
"S2503_C02_027M","Owner-occupied housing units!!Margin of Error!!MONTHLY HOUSING COSTS AS A PERCENTAGE OF HOUSEHOLD INCOME IN THE PAST 12 MONTHS!!Less than $20,000!!20 to 29 percent"
"S2503_C03_027E","Renter-occupied housing units!!Estimate!!MONTHLY HOUSING COSTS AS A PERCENTAGE OF HOUSEHOLD INCOME IN THE PAST 12 MONTHS!!Less than $20,000!!20 to 29 percent"
"S2503_C03_027M","Renter-occupied housing units!!Margin of Error!!MONTHLY HOUSING COSTS AS A PERCENTAGE OF HOUSEHOLD INCOME IN THE PAST 12 MONTHS!!Less than $20,000!!20 to 29 percent"
"S2503_C01_028E","Occupied housing units!!Estimate!!MONTHLY HOUSING COSTS AS A PERCENTAGE OF HOUSEHOLD INCOME IN THE PAST 12 MONTHS!!Less than $20,000!!30 percent or more"
"S2503_C01_028M","Occupied housing units!!Margin of Error!!MONTHLY HOUSING COSTS AS A PERCENTAGE OF HOUSEHOLD INCOME IN THE PAST 12 MONTHS!!Less than $20,000!!30 percent or more"
"S2503_C02_028E","Owner-occupied housing units!!Estimate!!MONTHLY HOUSING COSTS AS A PERCENTAGE OF HOUSEHOLD INCOME IN THE PAST 12 MONTHS!!Less than $20,000!!30 percent or more"
"S2503_C02_028M","Owner-occupied housing units!!Margin of Error!!MONTHLY HOUSING COSTS AS A PERCENTAGE OF HOUSEHOLD INCOME IN THE PAST 12 MONTHS!!Less than $20,000!!30 percent or more"
"S2503_C03_028E","Renter-occupied housing units!!Estimate!!MONTHLY HOUSING COSTS AS A PERCENTAGE OF HOUSEHOLD INCOME IN THE PAST 12 MONTHS!!Less than $20,000!!30 percent or more"
"S2503_C03_028M","Renter-occupied housing units!!Margin of Error!!MONTHLY HOUSING COSTS AS A PERCENTAGE OF HOUSEHOLD INCOME IN THE PAST 12 MONTHS!!Less than $20,000!!30 percent or more"
"S2503_C01_029E","Occupied housing units!!Estimate!!MONTHLY HOUSING COSTS AS A PERCENTAGE OF HOUSEHOLD INCOME IN THE PAST 12 MONTHS!!$20,000 to $34,999"
"S2503_C01_029M","Occupied housing units!!Margin of Error!!MONTHLY HOUSING COSTS AS A PERCENTAGE OF HOUSEHOLD INCOME IN THE PAST 12 MONTHS!!$20,000 to $34,999"
"S2503_C02_029E","Owner-occupied housing units!!Estimate!!MONTHLY HOUSING COSTS AS A PERCENTAGE OF HOUSEHOLD INCOME IN THE PAST 12 MONTHS!!$20,000 to $34,999"
"S2503_C02_029M","Owner-occupied housing units!!Margin of Error!!MONTHLY HOUSING COSTS AS A PERCENTAGE OF HOUSEHOLD INCOME IN THE PAST 12 MONTHS!!$20,000 to $34,999"
"S2503_C03_029E","Renter-occupied housing units!!Estimate!!MONTHLY HOUSING COSTS AS A PERCENTAGE OF HOUSEHOLD INCOME IN THE PAST 12 MONTHS!!$20,000 to $34,999"
"S2503_C03_029M","Renter-occupied housing units!!Margin of Error!!MONTHLY HOUSING COSTS AS A PERCENTAGE OF HOUSEHOLD INCOME IN THE PAST 12 MONTHS!!$20,000 to $34,999"
"S2503_C01_030E","Occupied housing units!!Estimate!!MONTHLY HOUSING COSTS AS A PERCENTAGE OF HOUSEHOLD INCOME IN THE PAST 12 MONTHS!!$20,000 to $34,999!!Less than 20 percent"
"S2503_C01_030M","Occupied housing units!!Margin of Error!!MONTHLY HOUSING COSTS AS A PERCENTAGE OF HOUSEHOLD INCOME IN THE PAST 12 MONTHS!!$20,000 to $34,999!!Less than 20 percent"
"S2503_C02_030E","Owner-occupied housing units!!Estimate!!MONTHLY HOUSING COSTS AS A PERCENTAGE OF HOUSEHOLD INCOME IN THE PAST 12 MONTHS!!$20,000 to $34,999!!Less than 20 percent"
"S2503_C02_030M","Owner-occupied housing units!!Margin of Error!!MONTHLY HOUSING COSTS AS A PERCENTAGE OF HOUSEHOLD INCOME IN THE PAST 12 MONTHS!!$20,000 to $34,999!!Less than 20 percent"
"S2503_C03_030E","Renter-occupied housing units!!Estimate!!MONTHLY HOUSING COSTS AS A PERCENTAGE OF HOUSEHOLD INCOME IN THE PAST 12 MONTHS!!$20,000 to $34,999!!Less than 20 percent"
"S2503_C03_030M","Renter-occupied housing units!!Margin of Error!!MONTHLY HOUSING COSTS AS A PERCENTAGE OF HOUSEHOLD INCOME IN THE PAST 12 MONTHS!!$20,000 to $34,999!!Less than 20 percent"
"S2503_C01_031E","Occupied housing units!!Estimate!!MONTHLY HOUSING COSTS AS A PERCENTAGE OF HOUSEHOLD INCOME IN THE PAST 12 MONTHS!!$20,000 to $34,999!!20 to 29 percent"
"S2503_C01_031M","Occupied housing units!!Margin of Error!!MONTHLY HOUSING COSTS AS A PERCENTAGE OF HOUSEHOLD INCOME IN THE PAST 12 MONTHS!!$20,000 to $34,999!!20 to 29 percent"
"S2503_C02_031E","Owner-occupied housing units!!Estimate!!MONTHLY HOUSING COSTS AS A PERCENTAGE OF HOUSEHOLD INCOME IN THE PAST 12 MONTHS!!$20,000 to $34,999!!20 to 29 percent"
"S2503_C02_031M","Owner-occupied housing units!!Margin of Error!!MONTHLY HOUSING COSTS AS A PERCENTAGE OF HOUSEHOLD INCOME IN THE PAST 12 MONTHS!!$20,000 to $34,999!!20 to 29 percent"
"S2503_C03_031E","Renter-occupied housing units!!Estimate!!MONTHLY HOUSING COSTS AS A PERCENTAGE OF HOUSEHOLD INCOME IN THE PAST 12 MONTHS!!$20,000 to $34,999!!20 to 29 percent"
"S2503_C03_031M","Renter-occupied housing units!!Margin of Error!!MONTHLY HOUSING COSTS AS A PERCENTAGE OF HOUSEHOLD INCOME IN THE PAST 12 MONTHS!!$20,000 to $34,999!!20 to 29 percent"
"S2503_C01_032E","Occupied housing units!!Estimate!!MONTHLY HOUSING COSTS AS A PERCENTAGE OF HOUSEHOLD INCOME IN THE PAST 12 MONTHS!!$20,000 to $34,999!!30 percent or more"
"S2503_C01_032M","Occupied housing units!!Margin of Error!!MONTHLY HOUSING COSTS AS A PERCENTAGE OF HOUSEHOLD INCOME IN THE PAST 12 MONTHS!!$20,000 to $34,999!!30 percent or more"
"S2503_C02_032E","Owner-occupied housing units!!Estimate!!MONTHLY HOUSING COSTS AS A PERCENTAGE OF HOUSEHOLD INCOME IN THE PAST 12 MONTHS!!$20,000 to $34,999!!30 percent or more"
"S2503_C02_032M","Owner-occupied housing units!!Margin of Error!!MONTHLY HOUSING COSTS AS A PERCENTAGE OF HOUSEHOLD INCOME IN THE PAST 12 MONTHS!!$20,000 to $34,999!!30 percent or more"
"S2503_C03_032E","Renter-occupied housing units!!Estimate!!MONTHLY HOUSING COSTS AS A PERCENTAGE OF HOUSEHOLD INCOME IN THE PAST 12 MONTHS!!$20,000 to $34,999!!30 percent or more"
"S2503_C03_032M","Renter-occupied housing units!!Margin of Error!!MONTHLY HOUSING COSTS AS A PERCENTAGE OF HOUSEHOLD INCOME IN THE PAST 12 MONTHS!!$20,000 to $34,999!!30 percent or more"
"S2503_C01_033E","Occupied housing units!!Estimate!!MONTHLY HOUSING COSTS AS A PERCENTAGE OF HOUSEHOLD INCOME IN THE PAST 12 MONTHS!!$35,000 to $49,999"
"S2503_C01_033M","Occupied housing units!!Margin of Error!!MONTHLY HOUSING COSTS AS A PERCENTAGE OF HOUSEHOLD INCOME IN THE PAST 12 MONTHS!!$35,000 to $49,999"
"S2503_C02_033E","Owner-occupied housing units!!Estimate!!MONTHLY HOUSING COSTS AS A PERCENTAGE OF HOUSEHOLD INCOME IN THE PAST 12 MONTHS!!$35,000 to $49,999"
"S2503_C02_033M","Owner-occupied housing units!!Margin of Error!!MONTHLY HOUSING COSTS AS A PERCENTAGE OF HOUSEHOLD INCOME IN THE PAST 12 MONTHS!!$35,000 to $49,999"
"S2503_C03_033E","Renter-occupied housing units!!Estimate!!MONTHLY HOUSING COSTS AS A PERCENTAGE OF HOUSEHOLD INCOME IN THE PAST 12 MONTHS!!$35,000 to $49,999"
"S2503_C03_033M","Renter-occupied housing units!!Margin of Error!!MONTHLY HOUSING COSTS AS A PERCENTAGE OF HOUSEHOLD INCOME IN THE PAST 12 MONTHS!!$35,000 to $49,999"
"S2503_C01_034E","Occupied housing units!!Estimate!!MONTHLY HOUSING COSTS AS A PERCENTAGE OF HOUSEHOLD INCOME IN THE PAST 12 MONTHS!!$35,000 to $49,999!!Less than 20 percent"
"S2503_C01_034M","Occupied housing units!!Margin of Error!!MONTHLY HOUSING COSTS AS A PERCENTAGE OF HOUSEHOLD INCOME IN THE PAST 12 MONTHS!!$35,000 to $49,999!!Less than 20 percent"
"S2503_C02_034E","Owner-occupied housing units!!Estimate!!MONTHLY HOUSING COSTS AS A PERCENTAGE OF HOUSEHOLD INCOME IN THE PAST 12 MONTHS!!$35,000 to $49,999!!Less than 20 percent"
"S2503_C02_034M","Owner-occupied housing units!!Margin of Error!!MONTHLY HOUSING COSTS AS A PERCENTAGE OF HOUSEHOLD INCOME IN THE PAST 12 MONTHS!!$35,000 to $49,999!!Less than 20 percent"
"S2503_C03_034E","Renter-occupied housing units!!Estimate!!MONTHLY HOUSING COSTS AS A PERCENTAGE OF HOUSEHOLD INCOME IN THE PAST 12 MONTHS!!$35,000 to $49,999!!Less than 20 percent"
"S2503_C03_034M","Renter-occupied housing units!!Margin of Error!!MONTHLY HOUSING COSTS AS A PERCENTAGE OF HOUSEHOLD INCOME IN THE PAST 12 MONTHS!!$35,000 to $49,999!!Less than 20 percent"
"S2503_C01_035E","Occupied housing units!!Estimate!!MONTHLY HOUSING COSTS AS A PERCENTAGE OF HOUSEHOLD INCOME IN THE PAST 12 MONTHS!!$35,000 to $49,999!!20 to 29 percent"
"S2503_C01_035M","Occupied housing units!!Margin of Error!!MONTHLY HOUSING COSTS AS A PERCENTAGE OF HOUSEHOLD INCOME IN THE PAST 12 MONTHS!!$35,000 to $49,999!!20 to 29 percent"
"S2503_C02_035E","Owner-occupied housing units!!Estimate!!MONTHLY HOUSING COSTS AS A PERCENTAGE OF HOUSEHOLD INCOME IN THE PAST 12 MONTHS!!$35,000 to $49,999!!20 to 29 percent"
"S2503_C02_035M","Owner-occupied housing units!!Margin of Error!!MONTHLY HOUSING COSTS AS A PERCENTAGE OF HOUSEHOLD INCOME IN THE PAST 12 MONTHS!!$35,000 to $49,999!!20 to 29 percent"
"S2503_C03_035E","Renter-occupied housing units!!Estimate!!MONTHLY HOUSING COSTS AS A PERCENTAGE OF HOUSEHOLD INCOME IN THE PAST 12 MONTHS!!$35,000 to $49,999!!20 to 29 percent"
"S2503_C03_035M","Renter-occupied housing units!!Margin of Error!!MONTHLY HOUSING COSTS AS A PERCENTAGE OF HOUSEHOLD INCOME IN THE PAST 12 MONTHS!!$35,000 to $49,999!!20 to 29 percent"
"S2503_C01_036E","Occupied housing units!!Estimate!!MONTHLY HOUSING COSTS AS A PERCENTAGE OF HOUSEHOLD INCOME IN THE PAST 12 MONTHS!!$35,000 to $49,999!!30 percent or more"
"S2503_C01_036M","Occupied housing units!!Margin of Error!!MONTHLY HOUSING COSTS AS A PERCENTAGE OF HOUSEHOLD INCOME IN THE PAST 12 MONTHS!!$35,000 to $49,999!!30 percent or more"
"S2503_C02_036E","Owner-occupied housing units!!Estimate!!MONTHLY HOUSING COSTS AS A PERCENTAGE OF HOUSEHOLD INCOME IN THE PAST 12 MONTHS!!$35,000 to $49,999!!30 percent or more"
"S2503_C02_036M","Owner-occupied housing units!!Margin of Error!!MONTHLY HOUSING COSTS AS A PERCENTAGE OF HOUSEHOLD INCOME IN THE PAST 12 MONTHS!!$35,000 to $49,999!!30 percent or more"
"S2503_C03_036E","Renter-occupied housing units!!Estimate!!MONTHLY HOUSING COSTS AS A PERCENTAGE OF HOUSEHOLD INCOME IN THE PAST 12 MONTHS!!$35,000 to $49,999!!30 percent or more"
"S2503_C03_036M","Renter-occupied housing units!!Margin of Error!!MONTHLY HOUSING COSTS AS A PERCENTAGE OF HOUSEHOLD INCOME IN THE PAST 12 MONTHS!!$35,000 to $49,999!!30 percent or more"
"S2503_C01_037E","Occupied housing units!!Estimate!!MONTHLY HOUSING COSTS AS A PERCENTAGE OF HOUSEHOLD INCOME IN THE PAST 12 MONTHS!!$50,000 to $74,999"
"S2503_C01_037M","Occupied housing units!!Margin of Error!!MONTHLY HOUSING COSTS AS A PERCENTAGE OF HOUSEHOLD INCOME IN THE PAST 12 MONTHS!!$50,000 to $74,999"
"S2503_C02_037E","Owner-occupied housing units!!Estimate!!MONTHLY HOUSING COSTS AS A PERCENTAGE OF HOUSEHOLD INCOME IN THE PAST 12 MONTHS!!$50,000 to $74,999"
"S2503_C02_037M","Owner-occupied housing units!!Margin of Error!!MONTHLY HOUSING COSTS AS A PERCENTAGE OF HOUSEHOLD INCOME IN THE PAST 12 MONTHS!!$50,000 to $74,999"
"S2503_C03_037E","Renter-occupied housing units!!Estimate!!MONTHLY HOUSING COSTS AS A PERCENTAGE OF HOUSEHOLD INCOME IN THE PAST 12 MONTHS!!$50,000 to $74,999"
"S2503_C03_037M","Renter-occupied housing units!!Margin of Error!!MONTHLY HOUSING COSTS AS A PERCENTAGE OF HOUSEHOLD INCOME IN THE PAST 12 MONTHS!!$50,000 to $74,999"
"S2503_C01_038E","Occupied housing units!!Estimate!!MONTHLY HOUSING COSTS AS A PERCENTAGE OF HOUSEHOLD INCOME IN THE PAST 12 MONTHS!!$50,000 to $74,999!!Less than 20 percent"
"S2503_C01_038M","Occupied housing units!!Margin of Error!!MONTHLY HOUSING COSTS AS A PERCENTAGE OF HOUSEHOLD INCOME IN THE PAST 12 MONTHS!!$50,000 to $74,999!!Less than 20 percent"
"S2503_C02_038E","Owner-occupied housing units!!Estimate!!MONTHLY HOUSING COSTS AS A PERCENTAGE OF HOUSEHOLD INCOME IN THE PAST 12 MONTHS!!$50,000 to $74,999!!Less than 20 percent"
"S2503_C02_038M","Owner-occupied housing units!!Margin of Error!!MONTHLY HOUSING COSTS AS A PERCENTAGE OF HOUSEHOLD INCOME IN THE PAST 12 MONTHS!!$50,000 to $74,999!!Less than 20 percent"
"S2503_C03_038E","Renter-occupied housing units!!Estimate!!MONTHLY HOUSING COSTS AS A PERCENTAGE OF HOUSEHOLD INCOME IN THE PAST 12 MONTHS!!$50,000 to $74,999!!Less than 20 percent"
"S2503_C03_038M","Renter-occupied housing units!!Margin of Error!!MONTHLY HOUSING COSTS AS A PERCENTAGE OF HOUSEHOLD INCOME IN THE PAST 12 MONTHS!!$50,000 to $74,999!!Less than 20 percent"
"S2503_C01_039E","Occupied housing units!!Estimate!!MONTHLY HOUSING COSTS AS A PERCENTAGE OF HOUSEHOLD INCOME IN THE PAST 12 MONTHS!!$50,000 to $74,999!!20 to 29 percent"
"S2503_C01_039M","Occupied housing units!!Margin of Error!!MONTHLY HOUSING COSTS AS A PERCENTAGE OF HOUSEHOLD INCOME IN THE PAST 12 MONTHS!!$50,000 to $74,999!!20 to 29 percent"
"S2503_C02_039E","Owner-occupied housing units!!Estimate!!MONTHLY HOUSING COSTS AS A PERCENTAGE OF HOUSEHOLD INCOME IN THE PAST 12 MONTHS!!$50,000 to $74,999!!20 to 29 percent"
"S2503_C02_039M","Owner-occupied housing units!!Margin of Error!!MONTHLY HOUSING COSTS AS A PERCENTAGE OF HOUSEHOLD INCOME IN THE PAST 12 MONTHS!!$50,000 to $74,999!!20 to 29 percent"
"S2503_C03_039E","Renter-occupied housing units!!Estimate!!MONTHLY HOUSING COSTS AS A PERCENTAGE OF HOUSEHOLD INCOME IN THE PAST 12 MONTHS!!$50,000 to $74,999!!20 to 29 percent"
"S2503_C03_039M","Renter-occupied housing units!!Margin of Error!!MONTHLY HOUSING COSTS AS A PERCENTAGE OF HOUSEHOLD INCOME IN THE PAST 12 MONTHS!!$50,000 to $74,999!!20 to 29 percent"
"S2503_C01_040E","Occupied housing units!!Estimate!!MONTHLY HOUSING COSTS AS A PERCENTAGE OF HOUSEHOLD INCOME IN THE PAST 12 MONTHS!!$50,000 to $74,999!!30 percent or more"
"S2503_C01_040M","Occupied housing units!!Margin of Error!!MONTHLY HOUSING COSTS AS A PERCENTAGE OF HOUSEHOLD INCOME IN THE PAST 12 MONTHS!!$50,000 to $74,999!!30 percent or more"
"S2503_C02_040E","Owner-occupied housing units!!Estimate!!MONTHLY HOUSING COSTS AS A PERCENTAGE OF HOUSEHOLD INCOME IN THE PAST 12 MONTHS!!$50,000 to $74,999!!30 percent or more"
"S2503_C02_040M","Owner-occupied housing units!!Margin of Error!!MONTHLY HOUSING COSTS AS A PERCENTAGE OF HOUSEHOLD INCOME IN THE PAST 12 MONTHS!!$50,000 to $74,999!!30 percent or more"
"S2503_C03_040E","Renter-occupied housing units!!Estimate!!MONTHLY HOUSING COSTS AS A PERCENTAGE OF HOUSEHOLD INCOME IN THE PAST 12 MONTHS!!$50,000 to $74,999!!30 percent or more"
"S2503_C03_040M","Renter-occupied housing units!!Margin of Error!!MONTHLY HOUSING COSTS AS A PERCENTAGE OF HOUSEHOLD INCOME IN THE PAST 12 MONTHS!!$50,000 to $74,999!!30 percent or more"
"S2503_C01_041E","Occupied housing units!!Estimate!!MONTHLY HOUSING COSTS AS A PERCENTAGE OF HOUSEHOLD INCOME IN THE PAST 12 MONTHS!!$75,000 or more"
"S2503_C01_041M","Occupied housing units!!Margin of Error!!MONTHLY HOUSING COSTS AS A PERCENTAGE OF HOUSEHOLD INCOME IN THE PAST 12 MONTHS!!$75,000 or more"
"S2503_C02_041E","Owner-occupied housing units!!Estimate!!MONTHLY HOUSING COSTS AS A PERCENTAGE OF HOUSEHOLD INCOME IN THE PAST 12 MONTHS!!$75,000 or more"
"S2503_C02_041M","Owner-occupied housing units!!Margin of Error!!MONTHLY HOUSING COSTS AS A PERCENTAGE OF HOUSEHOLD INCOME IN THE PAST 12 MONTHS!!$75,000 or more"
"S2503_C03_041E","Renter-occupied housing units!!Estimate!!MONTHLY HOUSING COSTS AS A PERCENTAGE OF HOUSEHOLD INCOME IN THE PAST 12 MONTHS!!$75,000 or more"
"S2503_C03_041M","Renter-occupied housing units!!Margin of Error!!MONTHLY HOUSING COSTS AS A PERCENTAGE OF HOUSEHOLD INCOME IN THE PAST 12 MONTHS!!$75,000 or more"
"S2503_C01_042E","Occupied housing units!!Estimate!!MONTHLY HOUSING COSTS AS A PERCENTAGE OF HOUSEHOLD INCOME IN THE PAST 12 MONTHS!!$75,000 or more!!Less than 20 percent"
"S2503_C01_042M","Occupied housing units!!Margin of Error!!MONTHLY HOUSING COSTS AS A PERCENTAGE OF HOUSEHOLD INCOME IN THE PAST 12 MONTHS!!$75,000 or more!!Less than 20 percent"
"S2503_C02_042E","Owner-occupied housing units!!Estimate!!MONTHLY HOUSING COSTS AS A PERCENTAGE OF HOUSEHOLD INCOME IN THE PAST 12 MONTHS!!$75,000 or more!!Less than 20 percent"
"S2503_C02_042M","Owner-occupied housing units!!Margin of Error!!MONTHLY HOUSING COSTS AS A PERCENTAGE OF HOUSEHOLD INCOME IN THE PAST 12 MONTHS!!$75,000 or more!!Less than 20 percent"
"S2503_C03_042E","Renter-occupied housing units!!Estimate!!MONTHLY HOUSING COSTS AS A PERCENTAGE OF HOUSEHOLD INCOME IN THE PAST 12 MONTHS!!$75,000 or more!!Less than 20 percent"
"S2503_C03_042M","Renter-occupied housing units!!Margin of Error!!MONTHLY HOUSING COSTS AS A PERCENTAGE OF HOUSEHOLD INCOME IN THE PAST 12 MONTHS!!$75,000 or more!!Less than 20 percent"
"S2503_C01_043E","Occupied housing units!!Estimate!!MONTHLY HOUSING COSTS AS A PERCENTAGE OF HOUSEHOLD INCOME IN THE PAST 12 MONTHS!!$75,000 or more!!20 to 29 percent"
"S2503_C01_043M","Occupied housing units!!Margin of Error!!MONTHLY HOUSING COSTS AS A PERCENTAGE OF HOUSEHOLD INCOME IN THE PAST 12 MONTHS!!$75,000 or more!!20 to 29 percent"
"S2503_C02_043E","Owner-occupied housing units!!Estimate!!MONTHLY HOUSING COSTS AS A PERCENTAGE OF HOUSEHOLD INCOME IN THE PAST 12 MONTHS!!$75,000 or more!!20 to 29 percent"
"S2503_C02_043M","Owner-occupied housing units!!Margin of Error!!MONTHLY HOUSING COSTS AS A PERCENTAGE OF HOUSEHOLD INCOME IN THE PAST 12 MONTHS!!$75,000 or more!!20 to 29 percent"
"S2503_C03_043E","Renter-occupied housing units!!Estimate!!MONTHLY HOUSING COSTS AS A PERCENTAGE OF HOUSEHOLD INCOME IN THE PAST 12 MONTHS!!$75,000 or more!!20 to 29 percent"
"S2503_C03_043M","Renter-occupied housing units!!Margin of Error!!MONTHLY HOUSING COSTS AS A PERCENTAGE OF HOUSEHOLD INCOME IN THE PAST 12 MONTHS!!$75,000 or more!!20 to 29 percent"
"S2503_C01_044E","Occupied housing units!!Estimate!!MONTHLY HOUSING COSTS AS A PERCENTAGE OF HOUSEHOLD INCOME IN THE PAST 12 MONTHS!!$75,000 or more!!30 percent or more"
"S2503_C01_044M","Occupied housing units!!Margin of Error!!MONTHLY HOUSING COSTS AS A PERCENTAGE OF HOUSEHOLD INCOME IN THE PAST 12 MONTHS!!$75,000 or more!!30 percent or more"
"S2503_C02_044E","Owner-occupied housing units!!Estimate!!MONTHLY HOUSING COSTS AS A PERCENTAGE OF HOUSEHOLD INCOME IN THE PAST 12 MONTHS!!$75,000 or more!!30 percent or more"
"S2503_C02_044M","Owner-occupied housing units!!Margin of Error!!MONTHLY HOUSING COSTS AS A PERCENTAGE OF HOUSEHOLD INCOME IN THE PAST 12 MONTHS!!$75,000 or more!!30 percent or more"
"S2503_C03_044E","Renter-occupied housing units!!Estimate!!MONTHLY HOUSING COSTS AS A PERCENTAGE OF HOUSEHOLD INCOME IN THE PAST 12 MONTHS!!$75,000 or more!!30 percent or more"
"S2503_C03_044M","Renter-occupied housing units!!Margin of Error!!MONTHLY HOUSING COSTS AS A PERCENTAGE OF HOUSEHOLD INCOME IN THE PAST 12 MONTHS!!$75,000 or more!!30 percent or more"
"S2503_C01_045E","Occupied housing units!!Estimate!!MONTHLY HOUSING COSTS AS A PERCENTAGE OF HOUSEHOLD INCOME IN THE PAST 12 MONTHS!!Zero or negative income"
"S2503_C01_045M","Occupied housing units!!Margin of Error!!MONTHLY HOUSING COSTS AS A PERCENTAGE OF HOUSEHOLD INCOME IN THE PAST 12 MONTHS!!Zero or negative income"
"S2503_C02_045E","Owner-occupied housing units!!Estimate!!MONTHLY HOUSING COSTS AS A PERCENTAGE OF HOUSEHOLD INCOME IN THE PAST 12 MONTHS!!Zero or negative income"
"S2503_C02_045M","Owner-occupied housing units!!Margin of Error!!MONTHLY HOUSING COSTS AS A PERCENTAGE OF HOUSEHOLD INCOME IN THE PAST 12 MONTHS!!Zero or negative income"
"S2503_C03_045E","Renter-occupied housing units!!Estimate!!MONTHLY HOUSING COSTS AS A PERCENTAGE OF HOUSEHOLD INCOME IN THE PAST 12 MONTHS!!Zero or negative income"
"S2503_C03_045M","Renter-occupied housing units!!Margin of Error!!MONTHLY HOUSING COSTS AS A PERCENTAGE OF HOUSEHOLD INCOME IN THE PAST 12 MONTHS!!Zero or negative income"
"S2503_C01_046E","Occupied housing units!!Estimate!!MONTHLY HOUSING COSTS AS A PERCENTAGE OF HOUSEHOLD INCOME IN THE PAST 12 MONTHS!!No cash rent"
"S2503_C01_046M","Occupied housing units!!Margin of Error!!MONTHLY HOUSING COSTS AS A PERCENTAGE OF HOUSEHOLD INCOME IN THE PAST 12 MONTHS!!No cash rent"
"S2503_C02_046E","Owner-occupied housing units!!Estimate!!MONTHLY HOUSING COSTS AS A PERCENTAGE OF HOUSEHOLD INCOME IN THE PAST 12 MONTHS!!No cash rent"
"S2503_C02_046M","Owner-occupied housing units!!Margin of Error!!MONTHLY HOUSING COSTS AS A PERCENTAGE OF HOUSEHOLD INCOME IN THE PAST 12 MONTHS!!No cash rent"
"S2503_C03_046E","Renter-occupied housing units!!Estimate!!MONTHLY HOUSING COSTS AS A PERCENTAGE OF HOUSEHOLD INCOME IN THE PAST 12 MONTHS!!No cash rent"
"S2503_C03_046M","Renter-occupied housing units!!Margin of Error!!MONTHLY HOUSING COSTS AS A PERCENTAGE OF HOUSEHOLD INCOME IN THE PAST 12 MONTHS!!No cash rent"
