"Column Name","Label"
"GEO_ID","Geography"
"NAME","Geographic Area Name"
"S2503_C01_001E","Estimate!!Occupied housing units!!Occupied housing units"
"S2503_C01_001M","Margin of Error!!Occupied housing units MOE!!Occupied housing units"
"S2503_C01_002E","Estimate!!Occupied housing units!!Occupied housing units!!HOUSEHOLD INCOME IN THE PAST 12 MONTHS (IN 2017 INFLATION-ADJUSTED DOLLARS)!!Less than $5,000"
"S2503_C01_002M","Margin of Error!!Occupied housing units MOE!!Occupied housing units!!HOUSEHOLD INCOME IN THE PAST 12 MONTHS (IN 2017 INFLATION-ADJUSTED DOLLARS)!!Less than $5,000"
"S2503_C01_003E","Estimate!!Occupied housing units!!Occupied housing units!!HOUSEHOLD INCOME IN THE PAST 12 MONTHS (IN 2017 INFLATION-ADJUSTED DOLLARS)!!$5,000 to $9,999"
"S2503_C01_003M","Margin of Error!!Occupied housing units MOE!!Occupied housing units!!HOUSEHOLD INCOME IN THE PAST 12 MONTHS (IN 2017 INFLATION-ADJUSTED DOLLARS)!!$5,000 to $9,999"
"S2503_C01_004E","Estimate!!Occupied housing units!!Occupied housing units!!HOUSEHOLD INCOME IN THE PAST 12 MONTHS (IN 2017 INFLATION-ADJUSTED DOLLARS)!!$10,000 to $14,999"
"S2503_C01_004M","Margin of Error!!Occupied housing units MOE!!Occupied housing units!!HOUSEHOLD INCOME IN THE PAST 12 MONTHS (IN 2017 INFLATION-ADJUSTED DOLLARS)!!$10,000 to $14,999"
"S2503_C01_005E","Estimate!!Occupied housing units!!Occupied housing units!!HOUSEHOLD INCOME IN THE PAST 12 MONTHS (IN 2017 INFLATION-ADJUSTED DOLLARS)!!$15,000 to $19,999"
"S2503_C01_005M","Margin of Error!!Occupied housing units MOE!!Occupied housing units!!HOUSEHOLD INCOME IN THE PAST 12 MONTHS (IN 2017 INFLATION-ADJUSTED DOLLARS)!!$15,000 to $19,999"
"S2503_C01_006E","Estimate!!Occupied housing units!!Occupied housing units!!HOUSEHOLD INCOME IN THE PAST 12 MONTHS (IN 2017 INFLATION-ADJUSTED DOLLARS)!!$20,000 to $24,999"
"S2503_C01_006M","Margin of Error!!Occupied housing units MOE!!Occupied housing units!!HOUSEHOLD INCOME IN THE PAST 12 MONTHS (IN 2017 INFLATION-ADJUSTED DOLLARS)!!$20,000 to $24,999"
"S2503_C01_007E","Estimate!!Occupied housing units!!Occupied housing units!!HOUSEHOLD INCOME IN THE PAST 12 MONTHS (IN 2017 INFLATION-ADJUSTED DOLLARS)!!$25,000 to $34,999"
"S2503_C01_007M","Margin of Error!!Occupied housing units MOE!!Occupied housing units!!HOUSEHOLD INCOME IN THE PAST 12 MONTHS (IN 2017 INFLATION-ADJUSTED DOLLARS)!!$25,000 to $34,999"
"S2503_C01_008E","Estimate!!Occupied housing units!!Occupied housing units!!HOUSEHOLD INCOME IN THE PAST 12 MONTHS (IN 2017 INFLATION-ADJUSTED DOLLARS)!!$35,000 to $49,999"
"S2503_C01_008M","Margin of Error!!Occupied housing units MOE!!Occupied housing units!!HOUSEHOLD INCOME IN THE PAST 12 MONTHS (IN 2017 INFLATION-ADJUSTED DOLLARS)!!$35,000 to $49,999"
"S2503_C01_009E","Estimate!!Occupied housing units!!Occupied housing units!!HOUSEHOLD INCOME IN THE PAST 12 MONTHS (IN 2017 INFLATION-ADJUSTED DOLLARS)!!$50,000 to $74,999"
"S2503_C01_009M","Margin of Error!!Occupied housing units MOE!!Occupied housing units!!HOUSEHOLD INCOME IN THE PAST 12 MONTHS (IN 2017 INFLATION-ADJUSTED DOLLARS)!!$50,000 to $74,999"
"S2503_C01_010E","Estimate!!Occupied housing units!!Occupied housing units!!HOUSEHOLD INCOME IN THE PAST 12 MONTHS (IN 2017 INFLATION-ADJUSTED DOLLARS)!!$75,000 to $99,999"
"S2503_C01_010M","Margin of Error!!Occupied housing units MOE!!Occupied housing units!!HOUSEHOLD INCOME IN THE PAST 12 MONTHS (IN 2017 INFLATION-ADJUSTED DOLLARS)!!$75,000 to $99,999"
"S2503_C01_011E","Estimate!!Occupied housing units!!Occupied housing units!!HOUSEHOLD INCOME IN THE PAST 12 MONTHS (IN 2017 INFLATION-ADJUSTED DOLLARS)!!$100,000 to $149,999"
"S2503_C01_011M","Margin of Error!!Occupied housing units MOE!!Occupied housing units!!HOUSEHOLD INCOME IN THE PAST 12 MONTHS (IN 2017 INFLATION-ADJUSTED DOLLARS)!!$100,000 to $149,999"
"S2503_C01_012E","Estimate!!Occupied housing units!!Occupied housing units!!HOUSEHOLD INCOME IN THE PAST 12 MONTHS (IN 2017 INFLATION-ADJUSTED DOLLARS)!!$150,000 or more"
"S2503_C01_012M","Margin of Error!!Occupied housing units MOE!!Occupied housing units!!HOUSEHOLD INCOME IN THE PAST 12 MONTHS (IN 2017 INFLATION-ADJUSTED DOLLARS)!!$150,000 or more"
"S2503_C01_013E","Estimate!!Occupied housing units!!Occupied housing units!!HOUSEHOLD INCOME IN THE PAST 12 MONTHS (IN 2017 INFLATION-ADJUSTED DOLLARS)!!Median household income (dollars)"
"S2503_C01_013M","Margin of Error!!Occupied housing units MOE!!Occupied housing units!!HOUSEHOLD INCOME IN THE PAST 12 MONTHS (IN 2017 INFLATION-ADJUSTED DOLLARS)!!Median household income (dollars)"
"S2503_C01_014E","Estimate!!Occupied housing units!!Occupied housing units!!MONTHLY HOUSING COSTS!!Less than $300"
"S2503_C01_014M","Margin of Error!!Occupied housing units MOE!!Occupied housing units!!MONTHLY HOUSING COSTS!!Less than $300"
"S2503_C01_015E","Estimate!!Occupied housing units!!Occupied housing units!!MONTHLY HOUSING COSTS!!$300 to $499"
"S2503_C01_015M","Margin of Error!!Occupied housing units MOE!!Occupied housing units!!MONTHLY HOUSING COSTS!!$300 to $499"
"S2503_C01_016E","Estimate!!Occupied housing units!!Occupied housing units!!MONTHLY HOUSING COSTS!!$500 to $799"
"S2503_C01_016M","Margin of Error!!Occupied housing units MOE!!Occupied housing units!!MONTHLY HOUSING COSTS!!$500 to $799"
"S2503_C01_017E","Estimate!!Occupied housing units!!Occupied housing units!!MONTHLY HOUSING COSTS!!$800 to $999"
"S2503_C01_017M","Margin of Error!!Occupied housing units MOE!!Occupied housing units!!MONTHLY HOUSING COSTS!!$800 to $999"
"S2503_C01_018E","Estimate!!Occupied housing units!!Occupied housing units!!MONTHLY HOUSING COSTS!!$1,000 to $1,499"
"S2503_C01_018M","Margin of Error!!Occupied housing units MOE!!Occupied housing units!!MONTHLY HOUSING COSTS!!$1,000 to $1,499"
"S2503_C01_019E","Estimate!!Occupied housing units!!Occupied housing units!!MONTHLY HOUSING COSTS!!$1,500 to $1,999"
"S2503_C01_019M","Margin of Error!!Occupied housing units MOE!!Occupied housing units!!MONTHLY HOUSING COSTS!!$1,500 to $1,999"
"S2503_C01_020E","Estimate!!Occupied housing units!!Occupied housing units!!MONTHLY HOUSING COSTS!!$2,000 to $2,499"
"S2503_C01_020M","Margin of Error!!Occupied housing units MOE!!Occupied housing units!!MONTHLY HOUSING COSTS!!$2,000 to $2,499"
"S2503_C01_021E","Estimate!!Occupied housing units!!Occupied housing units!!MONTHLY HOUSING COSTS!!$2,500 to $2,999"
"S2503_C01_021M","Margin of Error!!Occupied housing units MOE!!Occupied housing units!!MONTHLY HOUSING COSTS!!$2,500 to $2,999"
"S2503_C01_022E","Estimate!!Occupied housing units!!Occupied housing units!!MONTHLY HOUSING COSTS!!$3,000 or more"
"S2503_C01_022M","Margin of Error!!Occupied housing units MOE!!Occupied housing units!!MONTHLY HOUSING COSTS!!$3,000 or more"
"S2503_C01_023E","Estimate!!Occupied housing units!!Occupied housing units!!MONTHLY HOUSING COSTS!!No cash rent"
"S2503_C01_023M","Margin of Error!!Occupied housing units MOE!!Occupied housing units!!MONTHLY HOUSING COSTS!!No cash rent"
"S2503_C01_024E","Estimate!!Occupied housing units!!Occupied housing units!!MONTHLY HOUSING COSTS!!Median (dollars)"
"S2503_C01_024M","Margin of Error!!Occupied housing units MOE!!Occupied housing units!!MONTHLY HOUSING COSTS!!Median (dollars)"
"S2503_C01_025E","Estimate!!Occupied housing units!!Occupied housing units!!MONTHLY HOUSING COSTS AS A PERCENTAGE OF HOUSEHOLD INCOME IN THE PAST 12 MONTHS!!Less than $20,000"
"S2503_C01_025M","Margin of Error!!Occupied housing units MOE!!Occupied housing units!!MONTHLY HOUSING COSTS AS A PERCENTAGE OF HOUSEHOLD INCOME IN THE PAST 12 MONTHS!!Less than $20,000"
"S2503_C01_026E","Estimate!!Occupied housing units!!Occupied housing units!!MONTHLY HOUSING COSTS AS A PERCENTAGE OF HOUSEHOLD INCOME IN THE PAST 12 MONTHS!!Less than $20,000!!Less than 20 percent"
"S2503_C01_026M","Margin of Error!!Occupied housing units MOE!!Occupied housing units!!MONTHLY HOUSING COSTS AS A PERCENTAGE OF HOUSEHOLD INCOME IN THE PAST 12 MONTHS!!Less than $20,000!!Less than 20 percent"
"S2503_C01_027E","Estimate!!Occupied housing units!!Occupied housing units!!MONTHLY HOUSING COSTS AS A PERCENTAGE OF HOUSEHOLD INCOME IN THE PAST 12 MONTHS!!Less than $20,000!!20 to 29 percent"
"S2503_C01_027M","Margin of Error!!Occupied housing units MOE!!Occupied housing units!!MONTHLY HOUSING COSTS AS A PERCENTAGE OF HOUSEHOLD INCOME IN THE PAST 12 MONTHS!!Less than $20,000!!20 to 29 percent"
"S2503_C01_028E","Estimate!!Occupied housing units!!Occupied housing units!!MONTHLY HOUSING COSTS AS A PERCENTAGE OF HOUSEHOLD INCOME IN THE PAST 12 MONTHS!!Less than $20,000!!30 percent or more"
"S2503_C01_028M","Margin of Error!!Occupied housing units MOE!!Occupied housing units!!MONTHLY HOUSING COSTS AS A PERCENTAGE OF HOUSEHOLD INCOME IN THE PAST 12 MONTHS!!Less than $20,000!!30 percent or more"
"S2503_C01_029E","Estimate!!Occupied housing units!!Occupied housing units!!MONTHLY HOUSING COSTS AS A PERCENTAGE OF HOUSEHOLD INCOME IN THE PAST 12 MONTHS!!$20,000 to $34,999"
"S2503_C01_029M","Margin of Error!!Occupied housing units MOE!!Occupied housing units!!MONTHLY HOUSING COSTS AS A PERCENTAGE OF HOUSEHOLD INCOME IN THE PAST 12 MONTHS!!$20,000 to $34,999"
"S2503_C01_030E","Estimate!!Occupied housing units!!Occupied housing units!!MONTHLY HOUSING COSTS AS A PERCENTAGE OF HOUSEHOLD INCOME IN THE PAST 12 MONTHS!!$20,000 to $34,999!!Less than 20 percent"
"S2503_C01_030M","Margin of Error!!Occupied housing units MOE!!Occupied housing units!!MONTHLY HOUSING COSTS AS A PERCENTAGE OF HOUSEHOLD INCOME IN THE PAST 12 MONTHS!!$20,000 to $34,999!!Less than 20 percent"
"S2503_C01_031E","Estimate!!Occupied housing units!!Occupied housing units!!MONTHLY HOUSING COSTS AS A PERCENTAGE OF HOUSEHOLD INCOME IN THE PAST 12 MONTHS!!$20,000 to $34,999!!20 to 29 percent"
"S2503_C01_031M","Margin of Error!!Occupied housing units MOE!!Occupied housing units!!MONTHLY HOUSING COSTS AS A PERCENTAGE OF HOUSEHOLD INCOME IN THE PAST 12 MONTHS!!$20,000 to $34,999!!20 to 29 percent"
"S2503_C01_032E","Estimate!!Occupied housing units!!Occupied housing units!!MONTHLY HOUSING COSTS AS A PERCENTAGE OF HOUSEHOLD INCOME IN THE PAST 12 MONTHS!!$20,000 to $34,999!!30 percent or more"
"S2503_C01_032M","Margin of Error!!Occupied housing units MOE!!Occupied housing units!!MONTHLY HOUSING COSTS AS A PERCENTAGE OF HOUSEHOLD INCOME IN THE PAST 12 MONTHS!!$20,000 to $34,999!!30 percent or more"
"S2503_C01_033E","Estimate!!Occupied housing units!!Occupied housing units!!MONTHLY HOUSING COSTS AS A PERCENTAGE OF HOUSEHOLD INCOME IN THE PAST 12 MONTHS!!$35,000 to $49,999"
"S2503_C01_033M","Margin of Error!!Occupied housing units MOE!!Occupied housing units!!MONTHLY HOUSING COSTS AS A PERCENTAGE OF HOUSEHOLD INCOME IN THE PAST 12 MONTHS!!$35,000 to $49,999"
"S2503_C01_034E","Estimate!!Occupied housing units!!Occupied housing units!!MONTHLY HOUSING COSTS AS A PERCENTAGE OF HOUSEHOLD INCOME IN THE PAST 12 MONTHS!!$35,000 to $49,999!!Less than 20 percent"
"S2503_C01_034M","Margin of Error!!Occupied housing units MOE!!Occupied housing units!!MONTHLY HOUSING COSTS AS A PERCENTAGE OF HOUSEHOLD INCOME IN THE PAST 12 MONTHS!!$35,000 to $49,999!!Less than 20 percent"
"S2503_C01_035E","Estimate!!Occupied housing units!!Occupied housing units!!MONTHLY HOUSING COSTS AS A PERCENTAGE OF HOUSEHOLD INCOME IN THE PAST 12 MONTHS!!$35,000 to $49,999!!20 to 29 percent"
"S2503_C01_035M","Margin of Error!!Occupied housing units MOE!!Occupied housing units!!MONTHLY HOUSING COSTS AS A PERCENTAGE OF HOUSEHOLD INCOME IN THE PAST 12 MONTHS!!$35,000 to $49,999!!20 to 29 percent"
"S2503_C01_036E","Estimate!!Occupied housing units!!Occupied housing units!!MONTHLY HOUSING COSTS AS A PERCENTAGE OF HOUSEHOLD INCOME IN THE PAST 12 MONTHS!!$35,000 to $49,999!!30 percent or more"
"S2503_C01_036M","Margin of Error!!Occupied housing units MOE!!Occupied housing units!!MONTHLY HOUSING COSTS AS A PERCENTAGE OF HOUSEHOLD INCOME IN THE PAST 12 MONTHS!!$35,000 to $49,999!!30 percent or more"
"S2503_C01_037E","Estimate!!Occupied housing units!!Occupied housing units!!MONTHLY HOUSING COSTS AS A PERCENTAGE OF HOUSEHOLD INCOME IN THE PAST 12 MONTHS!!$50,000 to $74,999"
"S2503_C01_037M","Margin of Error!!Occupied housing units MOE!!Occupied housing units!!MONTHLY HOUSING COSTS AS A PERCENTAGE OF HOUSEHOLD INCOME IN THE PAST 12 MONTHS!!$50,000 to $74,999"
"S2503_C01_038E","Estimate!!Occupied housing units!!Occupied housing units!!MONTHLY HOUSING COSTS AS A PERCENTAGE OF HOUSEHOLD INCOME IN THE PAST 12 MONTHS!!$50,000 to $74,999!!Less than 20 percent"
"S2503_C01_038M","Margin of Error!!Occupied housing units MOE!!Occupied housing units!!MONTHLY HOUSING COSTS AS A PERCENTAGE OF HOUSEHOLD INCOME IN THE PAST 12 MONTHS!!$50,000 to $74,999!!Less than 20 percent"
"S2503_C01_039E","Estimate!!Occupied housing units!!Occupied housing units!!MONTHLY HOUSING COSTS AS A PERCENTAGE OF HOUSEHOLD INCOME IN THE PAST 12 MONTHS!!$50,000 to $74,999!!20 to 29 percent"
"S2503_C01_039M","Margin of Error!!Occupied housing units MOE!!Occupied housing units!!MONTHLY HOUSING COSTS AS A PERCENTAGE OF HOUSEHOLD INCOME IN THE PAST 12 MONTHS!!$50,000 to $74,999!!20 to 29 percent"
"S2503_C01_040E","Estimate!!Occupied housing units!!Occupied housing units!!MONTHLY HOUSING COSTS AS A PERCENTAGE OF HOUSEHOLD INCOME IN THE PAST 12 MONTHS!!$50,000 to $74,999!!30 percent or more"
"S2503_C01_040M","Margin of Error!!Occupied housing units MOE!!Occupied housing units!!MONTHLY HOUSING COSTS AS A PERCENTAGE OF HOUSEHOLD INCOME IN THE PAST 12 MONTHS!!$50,000 to $74,999!!30 percent or more"
"S2503_C01_041E","Estimate!!Occupied housing units!!Occupied housing units!!MONTHLY HOUSING COSTS AS A PERCENTAGE OF HOUSEHOLD INCOME IN THE PAST 12 MONTHS!!$75,000 or more"
"S2503_C01_041M","Margin of Error!!Occupied housing units MOE!!Occupied housing units!!MONTHLY HOUSING COSTS AS A PERCENTAGE OF HOUSEHOLD INCOME IN THE PAST 12 MONTHS!!$75,000 or more"
"S2503_C01_042E","Estimate!!Occupied housing units!!Occupied housing units!!MONTHLY HOUSING COSTS AS A PERCENTAGE OF HOUSEHOLD INCOME IN THE PAST 12 MONTHS!!$75,000 or more!!Less than 20 percent"
"S2503_C01_042M","Margin of Error!!Occupied housing units MOE!!Occupied housing units!!MONTHLY HOUSING COSTS AS A PERCENTAGE OF HOUSEHOLD INCOME IN THE PAST 12 MONTHS!!$75,000 or more!!Less than 20 percent"
"S2503_C01_043E","Estimate!!Occupied housing units!!Occupied housing units!!MONTHLY HOUSING COSTS AS A PERCENTAGE OF HOUSEHOLD INCOME IN THE PAST 12 MONTHS!!$75,000 or more!!20 to 29 percent"
"S2503_C01_043M","Margin of Error!!Occupied housing units MOE!!Occupied housing units!!MONTHLY HOUSING COSTS AS A PERCENTAGE OF HOUSEHOLD INCOME IN THE PAST 12 MONTHS!!$75,000 or more!!20 to 29 percent"
"S2503_C01_044E","Estimate!!Occupied housing units!!Occupied housing units!!MONTHLY HOUSING COSTS AS A PERCENTAGE OF HOUSEHOLD INCOME IN THE PAST 12 MONTHS!!$75,000 or more!!30 percent or more"
"S2503_C01_044M","Margin of Error!!Occupied housing units MOE!!Occupied housing units!!MONTHLY HOUSING COSTS AS A PERCENTAGE OF HOUSEHOLD INCOME IN THE PAST 12 MONTHS!!$75,000 or more!!30 percent or more"
"S2503_C01_045E","Estimate!!Occupied housing units!!Occupied housing units!!MONTHLY HOUSING COSTS AS A PERCENTAGE OF HOUSEHOLD INCOME IN THE PAST 12 MONTHS!!Zero or negative income"
"S2503_C01_045M","Margin of Error!!Occupied housing units MOE!!Occupied housing units!!MONTHLY HOUSING COSTS AS A PERCENTAGE OF HOUSEHOLD INCOME IN THE PAST 12 MONTHS!!Zero or negative income"
"S2503_C01_046E","Estimate!!Occupied housing units!!Occupied housing units!!MONTHLY HOUSING COSTS AS A PERCENTAGE OF HOUSEHOLD INCOME IN THE PAST 12 MONTHS!!No cash rent"
"S2503_C01_046M","Margin of Error!!Occupied housing units MOE!!Occupied housing units!!MONTHLY HOUSING COSTS AS A PERCENTAGE OF HOUSEHOLD INCOME IN THE PAST 12 MONTHS!!No cash rent"
"S2503_C02_001E","Estimate!!Percent occupied housing units!!Occupied housing units"
"S2503_C02_001M","Margin of Error!!Percent occupied housing units MOE!!Occupied housing units"
"S2503_C02_002E","Estimate!!Percent occupied housing units!!Occupied housing units!!HOUSEHOLD INCOME IN THE PAST 12 MONTHS (IN 2017 INFLATION-ADJUSTED DOLLARS)!!Less than $5,000"
"S2503_C02_002M","Margin of Error!!Percent occupied housing units MOE!!Occupied housing units!!HOUSEHOLD INCOME IN THE PAST 12 MONTHS (IN 2017 INFLATION-ADJUSTED DOLLARS)!!Less than $5,000"
"S2503_C02_003E","Estimate!!Percent occupied housing units!!Occupied housing units!!HOUSEHOLD INCOME IN THE PAST 12 MONTHS (IN 2017 INFLATION-ADJUSTED DOLLARS)!!$5,000 to $9,999"
"S2503_C02_003M","Margin of Error!!Percent occupied housing units MOE!!Occupied housing units!!HOUSEHOLD INCOME IN THE PAST 12 MONTHS (IN 2017 INFLATION-ADJUSTED DOLLARS)!!$5,000 to $9,999"
"S2503_C02_004E","Estimate!!Percent occupied housing units!!Occupied housing units!!HOUSEHOLD INCOME IN THE PAST 12 MONTHS (IN 2017 INFLATION-ADJUSTED DOLLARS)!!$10,000 to $14,999"
"S2503_C02_004M","Margin of Error!!Percent occupied housing units MOE!!Occupied housing units!!HOUSEHOLD INCOME IN THE PAST 12 MONTHS (IN 2017 INFLATION-ADJUSTED DOLLARS)!!$10,000 to $14,999"
"S2503_C02_005E","Estimate!!Percent occupied housing units!!Occupied housing units!!HOUSEHOLD INCOME IN THE PAST 12 MONTHS (IN 2017 INFLATION-ADJUSTED DOLLARS)!!$15,000 to $19,999"
"S2503_C02_005M","Margin of Error!!Percent occupied housing units MOE!!Occupied housing units!!HOUSEHOLD INCOME IN THE PAST 12 MONTHS (IN 2017 INFLATION-ADJUSTED DOLLARS)!!$15,000 to $19,999"
"S2503_C02_006E","Estimate!!Percent occupied housing units!!Occupied housing units!!HOUSEHOLD INCOME IN THE PAST 12 MONTHS (IN 2017 INFLATION-ADJUSTED DOLLARS)!!$20,000 to $24,999"
"S2503_C02_006M","Margin of Error!!Percent occupied housing units MOE!!Occupied housing units!!HOUSEHOLD INCOME IN THE PAST 12 MONTHS (IN 2017 INFLATION-ADJUSTED DOLLARS)!!$20,000 to $24,999"
"S2503_C02_007E","Estimate!!Percent occupied housing units!!Occupied housing units!!HOUSEHOLD INCOME IN THE PAST 12 MONTHS (IN 2017 INFLATION-ADJUSTED DOLLARS)!!$25,000 to $34,999"
"S2503_C02_007M","Margin of Error!!Percent occupied housing units MOE!!Occupied housing units!!HOUSEHOLD INCOME IN THE PAST 12 MONTHS (IN 2017 INFLATION-ADJUSTED DOLLARS)!!$25,000 to $34,999"
"S2503_C02_008E","Estimate!!Percent occupied housing units!!Occupied housing units!!HOUSEHOLD INCOME IN THE PAST 12 MONTHS (IN 2017 INFLATION-ADJUSTED DOLLARS)!!$35,000 to $49,999"
"S2503_C02_008M","Margin of Error!!Percent occupied housing units MOE!!Occupied housing units!!HOUSEHOLD INCOME IN THE PAST 12 MONTHS (IN 2017 INFLATION-ADJUSTED DOLLARS)!!$35,000 to $49,999"
"S2503_C02_009E","Estimate!!Percent occupied housing units!!Occupied housing units!!HOUSEHOLD INCOME IN THE PAST 12 MONTHS (IN 2017 INFLATION-ADJUSTED DOLLARS)!!$50,000 to $74,999"
"S2503_C02_009M","Margin of Error!!Percent occupied housing units MOE!!Occupied housing units!!HOUSEHOLD INCOME IN THE PAST 12 MONTHS (IN 2017 INFLATION-ADJUSTED DOLLARS)!!$50,000 to $74,999"
"S2503_C02_010E","Estimate!!Percent occupied housing units!!Occupied housing units!!HOUSEHOLD INCOME IN THE PAST 12 MONTHS (IN 2017 INFLATION-ADJUSTED DOLLARS)!!$75,000 to $99,999"
"S2503_C02_010M","Margin of Error!!Percent occupied housing units MOE!!Occupied housing units!!HOUSEHOLD INCOME IN THE PAST 12 MONTHS (IN 2017 INFLATION-ADJUSTED DOLLARS)!!$75,000 to $99,999"
"S2503_C02_011E","Estimate!!Percent occupied housing units!!Occupied housing units!!HOUSEHOLD INCOME IN THE PAST 12 MONTHS (IN 2017 INFLATION-ADJUSTED DOLLARS)!!$100,000 to $149,999"
"S2503_C02_011M","Margin of Error!!Percent occupied housing units MOE!!Occupied housing units!!HOUSEHOLD INCOME IN THE PAST 12 MONTHS (IN 2017 INFLATION-ADJUSTED DOLLARS)!!$100,000 to $149,999"
"S2503_C02_012E","Estimate!!Percent occupied housing units!!Occupied housing units!!HOUSEHOLD INCOME IN THE PAST 12 MONTHS (IN 2017 INFLATION-ADJUSTED DOLLARS)!!$150,000 or more"
"S2503_C02_012M","Margin of Error!!Percent occupied housing units MOE!!Occupied housing units!!HOUSEHOLD INCOME IN THE PAST 12 MONTHS (IN 2017 INFLATION-ADJUSTED DOLLARS)!!$150,000 or more"
"S2503_C02_013E","Estimate!!Percent occupied housing units!!Occupied housing units!!HOUSEHOLD INCOME IN THE PAST 12 MONTHS (IN 2017 INFLATION-ADJUSTED DOLLARS)!!Median household income (dollars)"
"S2503_C02_013M","Margin of Error!!Percent occupied housing units MOE!!Occupied housing units!!HOUSEHOLD INCOME IN THE PAST 12 MONTHS (IN 2017 INFLATION-ADJUSTED DOLLARS)!!Median household income (dollars)"
"S2503_C02_014E","Estimate!!Percent occupied housing units!!Occupied housing units!!MONTHLY HOUSING COSTS!!Less than $300"
"S2503_C02_014M","Margin of Error!!Percent occupied housing units MOE!!Occupied housing units!!MONTHLY HOUSING COSTS!!Less than $300"
"S2503_C02_015E","Estimate!!Percent occupied housing units!!Occupied housing units!!MONTHLY HOUSING COSTS!!$300 to $499"
"S2503_C02_015M","Margin of Error!!Percent occupied housing units MOE!!Occupied housing units!!MONTHLY HOUSING COSTS!!$300 to $499"
"S2503_C02_016E","Estimate!!Percent occupied housing units!!Occupied housing units!!MONTHLY HOUSING COSTS!!$500 to $799"
"S2503_C02_016M","Margin of Error!!Percent occupied housing units MOE!!Occupied housing units!!MONTHLY HOUSING COSTS!!$500 to $799"
"S2503_C02_017E","Estimate!!Percent occupied housing units!!Occupied housing units!!MONTHLY HOUSING COSTS!!$800 to $999"
"S2503_C02_017M","Margin of Error!!Percent occupied housing units MOE!!Occupied housing units!!MONTHLY HOUSING COSTS!!$800 to $999"
"S2503_C02_018E","Estimate!!Percent occupied housing units!!Occupied housing units!!MONTHLY HOUSING COSTS!!$1,000 to $1,499"
"S2503_C02_018M","Margin of Error!!Percent occupied housing units MOE!!Occupied housing units!!MONTHLY HOUSING COSTS!!$1,000 to $1,499"
"S2503_C02_019E","Estimate!!Percent occupied housing units!!Occupied housing units!!MONTHLY HOUSING COSTS!!$1,500 to $1,999"
"S2503_C02_019M","Margin of Error!!Percent occupied housing units MOE!!Occupied housing units!!MONTHLY HOUSING COSTS!!$1,500 to $1,999"
"S2503_C02_020E","Estimate!!Percent occupied housing units!!Occupied housing units!!MONTHLY HOUSING COSTS!!$2,000 to $2,499"
"S2503_C02_020M","Margin of Error!!Percent occupied housing units MOE!!Occupied housing units!!MONTHLY HOUSING COSTS!!$2,000 to $2,499"
"S2503_C02_021E","Estimate!!Percent occupied housing units!!Occupied housing units!!MONTHLY HOUSING COSTS!!$2,500 to $2,999"
"S2503_C02_021M","Margin of Error!!Percent occupied housing units MOE!!Occupied housing units!!MONTHLY HOUSING COSTS!!$2,500 to $2,999"
"S2503_C02_022E","Estimate!!Percent occupied housing units!!Occupied housing units!!MONTHLY HOUSING COSTS!!$3,000 or more"
"S2503_C02_022M","Margin of Error!!Percent occupied housing units MOE!!Occupied housing units!!MONTHLY HOUSING COSTS!!$3,000 or more"
"S2503_C02_023E","Estimate!!Percent occupied housing units!!Occupied housing units!!MONTHLY HOUSING COSTS!!No cash rent"
"S2503_C02_023M","Margin of Error!!Percent occupied housing units MOE!!Occupied housing units!!MONTHLY HOUSING COSTS!!No cash rent"
"S2503_C02_024E","Estimate!!Percent occupied housing units!!Occupied housing units!!MONTHLY HOUSING COSTS!!Median (dollars)"
"S2503_C02_024M","Margin of Error!!Percent occupied housing units MOE!!Occupied housing units!!MONTHLY HOUSING COSTS!!Median (dollars)"
"S2503_C02_025E","Estimate!!Percent occupied housing units!!Occupied housing units!!MONTHLY HOUSING COSTS AS A PERCENTAGE OF HOUSEHOLD INCOME IN THE PAST 12 MONTHS!!Less than $20,000"
"S2503_C02_025M","Margin of Error!!Percent occupied housing units MOE!!Occupied housing units!!MONTHLY HOUSING COSTS AS A PERCENTAGE OF HOUSEHOLD INCOME IN THE PAST 12 MONTHS!!Less than $20,000"
"S2503_C02_026E","Estimate!!Percent occupied housing units!!Occupied housing units!!MONTHLY HOUSING COSTS AS A PERCENTAGE OF HOUSEHOLD INCOME IN THE PAST 12 MONTHS!!Less than $20,000!!Less than 20 percent"
"S2503_C02_026M","Margin of Error!!Percent occupied housing units MOE!!Occupied housing units!!MONTHLY HOUSING COSTS AS A PERCENTAGE OF HOUSEHOLD INCOME IN THE PAST 12 MONTHS!!Less than $20,000!!Less than 20 percent"
"S2503_C02_027E","Estimate!!Percent occupied housing units!!Occupied housing units!!MONTHLY HOUSING COSTS AS A PERCENTAGE OF HOUSEHOLD INCOME IN THE PAST 12 MONTHS!!Less than $20,000!!20 to 29 percent"
"S2503_C02_027M","Margin of Error!!Percent occupied housing units MOE!!Occupied housing units!!MONTHLY HOUSING COSTS AS A PERCENTAGE OF HOUSEHOLD INCOME IN THE PAST 12 MONTHS!!Less than $20,000!!20 to 29 percent"
"S2503_C02_028E","Estimate!!Percent occupied housing units!!Occupied housing units!!MONTHLY HOUSING COSTS AS A PERCENTAGE OF HOUSEHOLD INCOME IN THE PAST 12 MONTHS!!Less than $20,000!!30 percent or more"
"S2503_C02_028M","Margin of Error!!Percent occupied housing units MOE!!Occupied housing units!!MONTHLY HOUSING COSTS AS A PERCENTAGE OF HOUSEHOLD INCOME IN THE PAST 12 MONTHS!!Less than $20,000!!30 percent or more"
"S2503_C02_029E","Estimate!!Percent occupied housing units!!Occupied housing units!!MONTHLY HOUSING COSTS AS A PERCENTAGE OF HOUSEHOLD INCOME IN THE PAST 12 MONTHS!!$20,000 to $34,999"
"S2503_C02_029M","Margin of Error!!Percent occupied housing units MOE!!Occupied housing units!!MONTHLY HOUSING COSTS AS A PERCENTAGE OF HOUSEHOLD INCOME IN THE PAST 12 MONTHS!!$20,000 to $34,999"
"S2503_C02_030E","Estimate!!Percent occupied housing units!!Occupied housing units!!MONTHLY HOUSING COSTS AS A PERCENTAGE OF HOUSEHOLD INCOME IN THE PAST 12 MONTHS!!$20,000 to $34,999!!Less than 20 percent"
"S2503_C02_030M","Margin of Error!!Percent occupied housing units MOE!!Occupied housing units!!MONTHLY HOUSING COSTS AS A PERCENTAGE OF HOUSEHOLD INCOME IN THE PAST 12 MONTHS!!$20,000 to $34,999!!Less than 20 percent"
"S2503_C02_031E","Estimate!!Percent occupied housing units!!Occupied housing units!!MONTHLY HOUSING COSTS AS A PERCENTAGE OF HOUSEHOLD INCOME IN THE PAST 12 MONTHS!!$20,000 to $34,999!!20 to 29 percent"
"S2503_C02_031M","Margin of Error!!Percent occupied housing units MOE!!Occupied housing units!!MONTHLY HOUSING COSTS AS A PERCENTAGE OF HOUSEHOLD INCOME IN THE PAST 12 MONTHS!!$20,000 to $34,999!!20 to 29 percent"
"S2503_C02_032E","Estimate!!Percent occupied housing units!!Occupied housing units!!MONTHLY HOUSING COSTS AS A PERCENTAGE OF HOUSEHOLD INCOME IN THE PAST 12 MONTHS!!$20,000 to $34,999!!30 percent or more"
"S2503_C02_032M","Margin of Error!!Percent occupied housing units MOE!!Occupied housing units!!MONTHLY HOUSING COSTS AS A PERCENTAGE OF HOUSEHOLD INCOME IN THE PAST 12 MONTHS!!$20,000 to $34,999!!30 percent or more"
"S2503_C02_033E","Estimate!!Percent occupied housing units!!Occupied housing units!!MONTHLY HOUSING COSTS AS A PERCENTAGE OF HOUSEHOLD INCOME IN THE PAST 12 MONTHS!!$35,000 to $49,999"
"S2503_C02_033M","Margin of Error!!Percent occupied housing units MOE!!Occupied housing units!!MONTHLY HOUSING COSTS AS A PERCENTAGE OF HOUSEHOLD INCOME IN THE PAST 12 MONTHS!!$35,000 to $49,999"
"S2503_C02_034E","Estimate!!Percent occupied housing units!!Occupied housing units!!MONTHLY HOUSING COSTS AS A PERCENTAGE OF HOUSEHOLD INCOME IN THE PAST 12 MONTHS!!$35,000 to $49,999!!Less than 20 percent"
"S2503_C02_034M","Margin of Error!!Percent occupied housing units MOE!!Occupied housing units!!MONTHLY HOUSING COSTS AS A PERCENTAGE OF HOUSEHOLD INCOME IN THE PAST 12 MONTHS!!$35,000 to $49,999!!Less than 20 percent"
"S2503_C02_035E","Estimate!!Percent occupied housing units!!Occupied housing units!!MONTHLY HOUSING COSTS AS A PERCENTAGE OF HOUSEHOLD INCOME IN THE PAST 12 MONTHS!!$35,000 to $49,999!!20 to 29 percent"
"S2503_C02_035M","Margin of Error!!Percent occupied housing units MOE!!Occupied housing units!!MONTHLY HOUSING COSTS AS A PERCENTAGE OF HOUSEHOLD INCOME IN THE PAST 12 MONTHS!!$35,000 to $49,999!!20 to 29 percent"
"S2503_C02_036E","Estimate!!Percent occupied housing units!!Occupied housing units!!MONTHLY HOUSING COSTS AS A PERCENTAGE OF HOUSEHOLD INCOME IN THE PAST 12 MONTHS!!$35,000 to $49,999!!30 percent or more"
"S2503_C02_036M","Margin of Error!!Percent occupied housing units MOE!!Occupied housing units!!MONTHLY HOUSING COSTS AS A PERCENTAGE OF HOUSEHOLD INCOME IN THE PAST 12 MONTHS!!$35,000 to $49,999!!30 percent or more"
"S2503_C02_037E","Estimate!!Percent occupied housing units!!Occupied housing units!!MONTHLY HOUSING COSTS AS A PERCENTAGE OF HOUSEHOLD INCOME IN THE PAST 12 MONTHS!!$50,000 to $74,999"
"S2503_C02_037M","Margin of Error!!Percent occupied housing units MOE!!Occupied housing units!!MONTHLY HOUSING COSTS AS A PERCENTAGE OF HOUSEHOLD INCOME IN THE PAST 12 MONTHS!!$50,000 to $74,999"
"S2503_C02_038E","Estimate!!Percent occupied housing units!!Occupied housing units!!MONTHLY HOUSING COSTS AS A PERCENTAGE OF HOUSEHOLD INCOME IN THE PAST 12 MONTHS!!$50,000 to $74,999!!Less than 20 percent"
"S2503_C02_038M","Margin of Error!!Percent occupied housing units MOE!!Occupied housing units!!MONTHLY HOUSING COSTS AS A PERCENTAGE OF HOUSEHOLD INCOME IN THE PAST 12 MONTHS!!$50,000 to $74,999!!Less than 20 percent"
"S2503_C02_039E","Estimate!!Percent occupied housing units!!Occupied housing units!!MONTHLY HOUSING COSTS AS A PERCENTAGE OF HOUSEHOLD INCOME IN THE PAST 12 MONTHS!!$50,000 to $74,999!!20 to 29 percent"
"S2503_C02_039M","Margin of Error!!Percent occupied housing units MOE!!Occupied housing units!!MONTHLY HOUSING COSTS AS A PERCENTAGE OF HOUSEHOLD INCOME IN THE PAST 12 MONTHS!!$50,000 to $74,999!!20 to 29 percent"
"S2503_C02_040E","Estimate!!Percent occupied housing units!!Occupied housing units!!MONTHLY HOUSING COSTS AS A PERCENTAGE OF HOUSEHOLD INCOME IN THE PAST 12 MONTHS!!$50,000 to $74,999!!30 percent or more"
"S2503_C02_040M","Margin of Error!!Percent occupied housing units MOE!!Occupied housing units!!MONTHLY HOUSING COSTS AS A PERCENTAGE OF HOUSEHOLD INCOME IN THE PAST 12 MONTHS!!$50,000 to $74,999!!30 percent or more"
"S2503_C02_041E","Estimate!!Percent occupied housing units!!Occupied housing units!!MONTHLY HOUSING COSTS AS A PERCENTAGE OF HOUSEHOLD INCOME IN THE PAST 12 MONTHS!!$75,000 or more"
"S2503_C02_041M","Margin of Error!!Percent occupied housing units MOE!!Occupied housing units!!MONTHLY HOUSING COSTS AS A PERCENTAGE OF HOUSEHOLD INCOME IN THE PAST 12 MONTHS!!$75,000 or more"
"S2503_C02_042E","Estimate!!Percent occupied housing units!!Occupied housing units!!MONTHLY HOUSING COSTS AS A PERCENTAGE OF HOUSEHOLD INCOME IN THE PAST 12 MONTHS!!$75,000 or more!!Less than 20 percent"
"S2503_C02_042M","Margin of Error!!Percent occupied housing units MOE!!Occupied housing units!!MONTHLY HOUSING COSTS AS A PERCENTAGE OF HOUSEHOLD INCOME IN THE PAST 12 MONTHS!!$75,000 or more!!Less than 20 percent"
"S2503_C02_043E","Estimate!!Percent occupied housing units!!Occupied housing units!!MONTHLY HOUSING COSTS AS A PERCENTAGE OF HOUSEHOLD INCOME IN THE PAST 12 MONTHS!!$75,000 or more!!20 to 29 percent"
"S2503_C02_043M","Margin of Error!!Percent occupied housing units MOE!!Occupied housing units!!MONTHLY HOUSING COSTS AS A PERCENTAGE OF HOUSEHOLD INCOME IN THE PAST 12 MONTHS!!$75,000 or more!!20 to 29 percent"
"S2503_C02_044E","Estimate!!Percent occupied housing units!!Occupied housing units!!MONTHLY HOUSING COSTS AS A PERCENTAGE OF HOUSEHOLD INCOME IN THE PAST 12 MONTHS!!$75,000 or more!!30 percent or more"
"S2503_C02_044M","Margin of Error!!Percent occupied housing units MOE!!Occupied housing units!!MONTHLY HOUSING COSTS AS A PERCENTAGE OF HOUSEHOLD INCOME IN THE PAST 12 MONTHS!!$75,000 or more!!30 percent or more"
"S2503_C02_045E","Estimate!!Percent occupied housing units!!Occupied housing units!!MONTHLY HOUSING COSTS AS A PERCENTAGE OF HOUSEHOLD INCOME IN THE PAST 12 MONTHS!!Zero or negative income"
"S2503_C02_045M","Margin of Error!!Percent occupied housing units MOE!!Occupied housing units!!MONTHLY HOUSING COSTS AS A PERCENTAGE OF HOUSEHOLD INCOME IN THE PAST 12 MONTHS!!Zero or negative income"
"S2503_C02_046E","Estimate!!Percent occupied housing units!!Occupied housing units!!MONTHLY HOUSING COSTS AS A PERCENTAGE OF HOUSEHOLD INCOME IN THE PAST 12 MONTHS!!No cash rent"
"S2503_C02_046M","Margin of Error!!Percent occupied housing units MOE!!Occupied housing units!!MONTHLY HOUSING COSTS AS A PERCENTAGE OF HOUSEHOLD INCOME IN THE PAST 12 MONTHS!!No cash rent"
"S2503_C03_001E","Estimate!!Owner-occupied housing units!!Occupied housing units"
"S2503_C03_001M","Margin of Error!!Owner-occupied housing units MOE!!Occupied housing units"
"S2503_C03_002E","Estimate!!Owner-occupied housing units!!Occupied housing units!!HOUSEHOLD INCOME IN THE PAST 12 MONTHS (IN 2017 INFLATION-ADJUSTED DOLLARS)!!Less than $5,000"
"S2503_C03_002M","Margin of Error!!Owner-occupied housing units MOE!!Occupied housing units!!HOUSEHOLD INCOME IN THE PAST 12 MONTHS (IN 2017 INFLATION-ADJUSTED DOLLARS)!!Less than $5,000"
"S2503_C03_003E","Estimate!!Owner-occupied housing units!!Occupied housing units!!HOUSEHOLD INCOME IN THE PAST 12 MONTHS (IN 2017 INFLATION-ADJUSTED DOLLARS)!!$5,000 to $9,999"
"S2503_C03_003M","Margin of Error!!Owner-occupied housing units MOE!!Occupied housing units!!HOUSEHOLD INCOME IN THE PAST 12 MONTHS (IN 2017 INFLATION-ADJUSTED DOLLARS)!!$5,000 to $9,999"
"S2503_C03_004E","Estimate!!Owner-occupied housing units!!Occupied housing units!!HOUSEHOLD INCOME IN THE PAST 12 MONTHS (IN 2017 INFLATION-ADJUSTED DOLLARS)!!$10,000 to $14,999"
"S2503_C03_004M","Margin of Error!!Owner-occupied housing units MOE!!Occupied housing units!!HOUSEHOLD INCOME IN THE PAST 12 MONTHS (IN 2017 INFLATION-ADJUSTED DOLLARS)!!$10,000 to $14,999"
"S2503_C03_005E","Estimate!!Owner-occupied housing units!!Occupied housing units!!HOUSEHOLD INCOME IN THE PAST 12 MONTHS (IN 2017 INFLATION-ADJUSTED DOLLARS)!!$15,000 to $19,999"
"S2503_C03_005M","Margin of Error!!Owner-occupied housing units MOE!!Occupied housing units!!HOUSEHOLD INCOME IN THE PAST 12 MONTHS (IN 2017 INFLATION-ADJUSTED DOLLARS)!!$15,000 to $19,999"
"S2503_C03_006E","Estimate!!Owner-occupied housing units!!Occupied housing units!!HOUSEHOLD INCOME IN THE PAST 12 MONTHS (IN 2017 INFLATION-ADJUSTED DOLLARS)!!$20,000 to $24,999"
"S2503_C03_006M","Margin of Error!!Owner-occupied housing units MOE!!Occupied housing units!!HOUSEHOLD INCOME IN THE PAST 12 MONTHS (IN 2017 INFLATION-ADJUSTED DOLLARS)!!$20,000 to $24,999"
"S2503_C03_007E","Estimate!!Owner-occupied housing units!!Occupied housing units!!HOUSEHOLD INCOME IN THE PAST 12 MONTHS (IN 2017 INFLATION-ADJUSTED DOLLARS)!!$25,000 to $34,999"
"S2503_C03_007M","Margin of Error!!Owner-occupied housing units MOE!!Occupied housing units!!HOUSEHOLD INCOME IN THE PAST 12 MONTHS (IN 2017 INFLATION-ADJUSTED DOLLARS)!!$25,000 to $34,999"
"S2503_C03_008E","Estimate!!Owner-occupied housing units!!Occupied housing units!!HOUSEHOLD INCOME IN THE PAST 12 MONTHS (IN 2017 INFLATION-ADJUSTED DOLLARS)!!$35,000 to $49,999"
"S2503_C03_008M","Margin of Error!!Owner-occupied housing units MOE!!Occupied housing units!!HOUSEHOLD INCOME IN THE PAST 12 MONTHS (IN 2017 INFLATION-ADJUSTED DOLLARS)!!$35,000 to $49,999"
"S2503_C03_009E","Estimate!!Owner-occupied housing units!!Occupied housing units!!HOUSEHOLD INCOME IN THE PAST 12 MONTHS (IN 2017 INFLATION-ADJUSTED DOLLARS)!!$50,000 to $74,999"
"S2503_C03_009M","Margin of Error!!Owner-occupied housing units MOE!!Occupied housing units!!HOUSEHOLD INCOME IN THE PAST 12 MONTHS (IN 2017 INFLATION-ADJUSTED DOLLARS)!!$50,000 to $74,999"
"S2503_C03_010E","Estimate!!Owner-occupied housing units!!Occupied housing units!!HOUSEHOLD INCOME IN THE PAST 12 MONTHS (IN 2017 INFLATION-ADJUSTED DOLLARS)!!$75,000 to $99,999"
"S2503_C03_010M","Margin of Error!!Owner-occupied housing units MOE!!Occupied housing units!!HOUSEHOLD INCOME IN THE PAST 12 MONTHS (IN 2017 INFLATION-ADJUSTED DOLLARS)!!$75,000 to $99,999"
"S2503_C03_011E","Estimate!!Owner-occupied housing units!!Occupied housing units!!HOUSEHOLD INCOME IN THE PAST 12 MONTHS (IN 2017 INFLATION-ADJUSTED DOLLARS)!!$100,000 to $149,999"
"S2503_C03_011M","Margin of Error!!Owner-occupied housing units MOE!!Occupied housing units!!HOUSEHOLD INCOME IN THE PAST 12 MONTHS (IN 2017 INFLATION-ADJUSTED DOLLARS)!!$100,000 to $149,999"
"S2503_C03_012E","Estimate!!Owner-occupied housing units!!Occupied housing units!!HOUSEHOLD INCOME IN THE PAST 12 MONTHS (IN 2017 INFLATION-ADJUSTED DOLLARS)!!$150,000 or more"
"S2503_C03_012M","Margin of Error!!Owner-occupied housing units MOE!!Occupied housing units!!HOUSEHOLD INCOME IN THE PAST 12 MONTHS (IN 2017 INFLATION-ADJUSTED DOLLARS)!!$150,000 or more"
"S2503_C03_013E","Estimate!!Owner-occupied housing units!!Occupied housing units!!HOUSEHOLD INCOME IN THE PAST 12 MONTHS (IN 2017 INFLATION-ADJUSTED DOLLARS)!!Median household income (dollars)"
"S2503_C03_013M","Margin of Error!!Owner-occupied housing units MOE!!Occupied housing units!!HOUSEHOLD INCOME IN THE PAST 12 MONTHS (IN 2017 INFLATION-ADJUSTED DOLLARS)!!Median household income (dollars)"
"S2503_C03_014E","Estimate!!Owner-occupied housing units!!Occupied housing units!!MONTHLY HOUSING COSTS!!Less than $300"
"S2503_C03_014M","Margin of Error!!Owner-occupied housing units MOE!!Occupied housing units!!MONTHLY HOUSING COSTS!!Less than $300"
"S2503_C03_015E","Estimate!!Owner-occupied housing units!!Occupied housing units!!MONTHLY HOUSING COSTS!!$300 to $499"
"S2503_C03_015M","Margin of Error!!Owner-occupied housing units MOE!!Occupied housing units!!MONTHLY HOUSING COSTS!!$300 to $499"
"S2503_C03_016E","Estimate!!Owner-occupied housing units!!Occupied housing units!!MONTHLY HOUSING COSTS!!$500 to $799"
"S2503_C03_016M","Margin of Error!!Owner-occupied housing units MOE!!Occupied housing units!!MONTHLY HOUSING COSTS!!$500 to $799"
"S2503_C03_017E","Estimate!!Owner-occupied housing units!!Occupied housing units!!MONTHLY HOUSING COSTS!!$800 to $999"
"S2503_C03_017M","Margin of Error!!Owner-occupied housing units MOE!!Occupied housing units!!MONTHLY HOUSING COSTS!!$800 to $999"
"S2503_C03_018E","Estimate!!Owner-occupied housing units!!Occupied housing units!!MONTHLY HOUSING COSTS!!$1,000 to $1,499"
"S2503_C03_018M","Margin of Error!!Owner-occupied housing units MOE!!Occupied housing units!!MONTHLY HOUSING COSTS!!$1,000 to $1,499"
"S2503_C03_019E","Estimate!!Owner-occupied housing units!!Occupied housing units!!MONTHLY HOUSING COSTS!!$1,500 to $1,999"
"S2503_C03_019M","Margin of Error!!Owner-occupied housing units MOE!!Occupied housing units!!MONTHLY HOUSING COSTS!!$1,500 to $1,999"
"S2503_C03_020E","Estimate!!Owner-occupied housing units!!Occupied housing units!!MONTHLY HOUSING COSTS!!$2,000 to $2,499"
"S2503_C03_020M","Margin of Error!!Owner-occupied housing units MOE!!Occupied housing units!!MONTHLY HOUSING COSTS!!$2,000 to $2,499"
"S2503_C03_021E","Estimate!!Owner-occupied housing units!!Occupied housing units!!MONTHLY HOUSING COSTS!!$2,500 to $2,999"
"S2503_C03_021M","Margin of Error!!Owner-occupied housing units MOE!!Occupied housing units!!MONTHLY HOUSING COSTS!!$2,500 to $2,999"
"S2503_C03_022E","Estimate!!Owner-occupied housing units!!Occupied housing units!!MONTHLY HOUSING COSTS!!$3,000 or more"
"S2503_C03_022M","Margin of Error!!Owner-occupied housing units MOE!!Occupied housing units!!MONTHLY HOUSING COSTS!!$3,000 or more"
"S2503_C03_023E","Estimate!!Owner-occupied housing units!!Occupied housing units!!MONTHLY HOUSING COSTS!!No cash rent"
"S2503_C03_023M","Margin of Error!!Owner-occupied housing units MOE!!Occupied housing units!!MONTHLY HOUSING COSTS!!No cash rent"
"S2503_C03_024E","Estimate!!Owner-occupied housing units!!Occupied housing units!!MONTHLY HOUSING COSTS!!Median (dollars)"
"S2503_C03_024M","Margin of Error!!Owner-occupied housing units MOE!!Occupied housing units!!MONTHLY HOUSING COSTS!!Median (dollars)"
"S2503_C03_025E","Estimate!!Owner-occupied housing units!!Occupied housing units!!MONTHLY HOUSING COSTS AS A PERCENTAGE OF HOUSEHOLD INCOME IN THE PAST 12 MONTHS!!Less than $20,000"
"S2503_C03_025M","Margin of Error!!Owner-occupied housing units MOE!!Occupied housing units!!MONTHLY HOUSING COSTS AS A PERCENTAGE OF HOUSEHOLD INCOME IN THE PAST 12 MONTHS!!Less than $20,000"
"S2503_C03_026E","Estimate!!Owner-occupied housing units!!Occupied housing units!!MONTHLY HOUSING COSTS AS A PERCENTAGE OF HOUSEHOLD INCOME IN THE PAST 12 MONTHS!!Less than $20,000!!Less than 20 percent"
"S2503_C03_026M","Margin of Error!!Owner-occupied housing units MOE!!Occupied housing units!!MONTHLY HOUSING COSTS AS A PERCENTAGE OF HOUSEHOLD INCOME IN THE PAST 12 MONTHS!!Less than $20,000!!Less than 20 percent"
"S2503_C03_027E","Estimate!!Owner-occupied housing units!!Occupied housing units!!MONTHLY HOUSING COSTS AS A PERCENTAGE OF HOUSEHOLD INCOME IN THE PAST 12 MONTHS!!Less than $20,000!!20 to 29 percent"
"S2503_C03_027M","Margin of Error!!Owner-occupied housing units MOE!!Occupied housing units!!MONTHLY HOUSING COSTS AS A PERCENTAGE OF HOUSEHOLD INCOME IN THE PAST 12 MONTHS!!Less than $20,000!!20 to 29 percent"
"S2503_C03_028E","Estimate!!Owner-occupied housing units!!Occupied housing units!!MONTHLY HOUSING COSTS AS A PERCENTAGE OF HOUSEHOLD INCOME IN THE PAST 12 MONTHS!!Less than $20,000!!30 percent or more"
"S2503_C03_028M","Margin of Error!!Owner-occupied housing units MOE!!Occupied housing units!!MONTHLY HOUSING COSTS AS A PERCENTAGE OF HOUSEHOLD INCOME IN THE PAST 12 MONTHS!!Less than $20,000!!30 percent or more"
"S2503_C03_029E","Estimate!!Owner-occupied housing units!!Occupied housing units!!MONTHLY HOUSING COSTS AS A PERCENTAGE OF HOUSEHOLD INCOME IN THE PAST 12 MONTHS!!$20,000 to $34,999"
"S2503_C03_029M","Margin of Error!!Owner-occupied housing units MOE!!Occupied housing units!!MONTHLY HOUSING COSTS AS A PERCENTAGE OF HOUSEHOLD INCOME IN THE PAST 12 MONTHS!!$20,000 to $34,999"
"S2503_C03_030E","Estimate!!Owner-occupied housing units!!Occupied housing units!!MONTHLY HOUSING COSTS AS A PERCENTAGE OF HOUSEHOLD INCOME IN THE PAST 12 MONTHS!!$20,000 to $34,999!!Less than 20 percent"
"S2503_C03_030M","Margin of Error!!Owner-occupied housing units MOE!!Occupied housing units!!MONTHLY HOUSING COSTS AS A PERCENTAGE OF HOUSEHOLD INCOME IN THE PAST 12 MONTHS!!$20,000 to $34,999!!Less than 20 percent"
"S2503_C03_031E","Estimate!!Owner-occupied housing units!!Occupied housing units!!MONTHLY HOUSING COSTS AS A PERCENTAGE OF HOUSEHOLD INCOME IN THE PAST 12 MONTHS!!$20,000 to $34,999!!20 to 29 percent"
"S2503_C03_031M","Margin of Error!!Owner-occupied housing units MOE!!Occupied housing units!!MONTHLY HOUSING COSTS AS A PERCENTAGE OF HOUSEHOLD INCOME IN THE PAST 12 MONTHS!!$20,000 to $34,999!!20 to 29 percent"
"S2503_C03_032E","Estimate!!Owner-occupied housing units!!Occupied housing units!!MONTHLY HOUSING COSTS AS A PERCENTAGE OF HOUSEHOLD INCOME IN THE PAST 12 MONTHS!!$20,000 to $34,999!!30 percent or more"
"S2503_C03_032M","Margin of Error!!Owner-occupied housing units MOE!!Occupied housing units!!MONTHLY HOUSING COSTS AS A PERCENTAGE OF HOUSEHOLD INCOME IN THE PAST 12 MONTHS!!$20,000 to $34,999!!30 percent or more"
"S2503_C03_033E","Estimate!!Owner-occupied housing units!!Occupied housing units!!MONTHLY HOUSING COSTS AS A PERCENTAGE OF HOUSEHOLD INCOME IN THE PAST 12 MONTHS!!$35,000 to $49,999"
"S2503_C03_033M","Margin of Error!!Owner-occupied housing units MOE!!Occupied housing units!!MONTHLY HOUSING COSTS AS A PERCENTAGE OF HOUSEHOLD INCOME IN THE PAST 12 MONTHS!!$35,000 to $49,999"
"S2503_C03_034E","Estimate!!Owner-occupied housing units!!Occupied housing units!!MONTHLY HOUSING COSTS AS A PERCENTAGE OF HOUSEHOLD INCOME IN THE PAST 12 MONTHS!!$35,000 to $49,999!!Less than 20 percent"
"S2503_C03_034M","Margin of Error!!Owner-occupied housing units MOE!!Occupied housing units!!MONTHLY HOUSING COSTS AS A PERCENTAGE OF HOUSEHOLD INCOME IN THE PAST 12 MONTHS!!$35,000 to $49,999!!Less than 20 percent"
"S2503_C03_035E","Estimate!!Owner-occupied housing units!!Occupied housing units!!MONTHLY HOUSING COSTS AS A PERCENTAGE OF HOUSEHOLD INCOME IN THE PAST 12 MONTHS!!$35,000 to $49,999!!20 to 29 percent"
"S2503_C03_035M","Margin of Error!!Owner-occupied housing units MOE!!Occupied housing units!!MONTHLY HOUSING COSTS AS A PERCENTAGE OF HOUSEHOLD INCOME IN THE PAST 12 MONTHS!!$35,000 to $49,999!!20 to 29 percent"
"S2503_C03_036E","Estimate!!Owner-occupied housing units!!Occupied housing units!!MONTHLY HOUSING COSTS AS A PERCENTAGE OF HOUSEHOLD INCOME IN THE PAST 12 MONTHS!!$35,000 to $49,999!!30 percent or more"
"S2503_C03_036M","Margin of Error!!Owner-occupied housing units MOE!!Occupied housing units!!MONTHLY HOUSING COSTS AS A PERCENTAGE OF HOUSEHOLD INCOME IN THE PAST 12 MONTHS!!$35,000 to $49,999!!30 percent or more"
"S2503_C03_037E","Estimate!!Owner-occupied housing units!!Occupied housing units!!MONTHLY HOUSING COSTS AS A PERCENTAGE OF HOUSEHOLD INCOME IN THE PAST 12 MONTHS!!$50,000 to $74,999"
"S2503_C03_037M","Margin of Error!!Owner-occupied housing units MOE!!Occupied housing units!!MONTHLY HOUSING COSTS AS A PERCENTAGE OF HOUSEHOLD INCOME IN THE PAST 12 MONTHS!!$50,000 to $74,999"
"S2503_C03_038E","Estimate!!Owner-occupied housing units!!Occupied housing units!!MONTHLY HOUSING COSTS AS A PERCENTAGE OF HOUSEHOLD INCOME IN THE PAST 12 MONTHS!!$50,000 to $74,999!!Less than 20 percent"
"S2503_C03_038M","Margin of Error!!Owner-occupied housing units MOE!!Occupied housing units!!MONTHLY HOUSING COSTS AS A PERCENTAGE OF HOUSEHOLD INCOME IN THE PAST 12 MONTHS!!$50,000 to $74,999!!Less than 20 percent"
"S2503_C03_039E","Estimate!!Owner-occupied housing units!!Occupied housing units!!MONTHLY HOUSING COSTS AS A PERCENTAGE OF HOUSEHOLD INCOME IN THE PAST 12 MONTHS!!$50,000 to $74,999!!20 to 29 percent"
"S2503_C03_039M","Margin of Error!!Owner-occupied housing units MOE!!Occupied housing units!!MONTHLY HOUSING COSTS AS A PERCENTAGE OF HOUSEHOLD INCOME IN THE PAST 12 MONTHS!!$50,000 to $74,999!!20 to 29 percent"
"S2503_C03_040E","Estimate!!Owner-occupied housing units!!Occupied housing units!!MONTHLY HOUSING COSTS AS A PERCENTAGE OF HOUSEHOLD INCOME IN THE PAST 12 MONTHS!!$50,000 to $74,999!!30 percent or more"
"S2503_C03_040M","Margin of Error!!Owner-occupied housing units MOE!!Occupied housing units!!MONTHLY HOUSING COSTS AS A PERCENTAGE OF HOUSEHOLD INCOME IN THE PAST 12 MONTHS!!$50,000 to $74,999!!30 percent or more"
"S2503_C03_041E","Estimate!!Owner-occupied housing units!!Occupied housing units!!MONTHLY HOUSING COSTS AS A PERCENTAGE OF HOUSEHOLD INCOME IN THE PAST 12 MONTHS!!$75,000 or more"
"S2503_C03_041M","Margin of Error!!Owner-occupied housing units MOE!!Occupied housing units!!MONTHLY HOUSING COSTS AS A PERCENTAGE OF HOUSEHOLD INCOME IN THE PAST 12 MONTHS!!$75,000 or more"
"S2503_C03_042E","Estimate!!Owner-occupied housing units!!Occupied housing units!!MONTHLY HOUSING COSTS AS A PERCENTAGE OF HOUSEHOLD INCOME IN THE PAST 12 MONTHS!!$75,000 or more!!Less than 20 percent"
"S2503_C03_042M","Margin of Error!!Owner-occupied housing units MOE!!Occupied housing units!!MONTHLY HOUSING COSTS AS A PERCENTAGE OF HOUSEHOLD INCOME IN THE PAST 12 MONTHS!!$75,000 or more!!Less than 20 percent"
"S2503_C03_043E","Estimate!!Owner-occupied housing units!!Occupied housing units!!MONTHLY HOUSING COSTS AS A PERCENTAGE OF HOUSEHOLD INCOME IN THE PAST 12 MONTHS!!$75,000 or more!!20 to 29 percent"
"S2503_C03_043M","Margin of Error!!Owner-occupied housing units MOE!!Occupied housing units!!MONTHLY HOUSING COSTS AS A PERCENTAGE OF HOUSEHOLD INCOME IN THE PAST 12 MONTHS!!$75,000 or more!!20 to 29 percent"
"S2503_C03_044E","Estimate!!Owner-occupied housing units!!Occupied housing units!!MONTHLY HOUSING COSTS AS A PERCENTAGE OF HOUSEHOLD INCOME IN THE PAST 12 MONTHS!!$75,000 or more!!30 percent or more"
"S2503_C03_044M","Margin of Error!!Owner-occupied housing units MOE!!Occupied housing units!!MONTHLY HOUSING COSTS AS A PERCENTAGE OF HOUSEHOLD INCOME IN THE PAST 12 MONTHS!!$75,000 or more!!30 percent or more"
"S2503_C03_045E","Estimate!!Owner-occupied housing units!!Occupied housing units!!MONTHLY HOUSING COSTS AS A PERCENTAGE OF HOUSEHOLD INCOME IN THE PAST 12 MONTHS!!Zero or negative income"
"S2503_C03_045M","Margin of Error!!Owner-occupied housing units MOE!!Occupied housing units!!MONTHLY HOUSING COSTS AS A PERCENTAGE OF HOUSEHOLD INCOME IN THE PAST 12 MONTHS!!Zero or negative income"
"S2503_C03_046E","Estimate!!Owner-occupied housing units!!Occupied housing units!!MONTHLY HOUSING COSTS AS A PERCENTAGE OF HOUSEHOLD INCOME IN THE PAST 12 MONTHS!!No cash rent"
"S2503_C03_046M","Margin of Error!!Owner-occupied housing units MOE!!Occupied housing units!!MONTHLY HOUSING COSTS AS A PERCENTAGE OF HOUSEHOLD INCOME IN THE PAST 12 MONTHS!!No cash rent"
"S2503_C04_001E","Estimate!!Percent owner-occupied housing units!!Occupied housing units"
"S2503_C04_001M","Margin of Error!!Percent owner-occupied housing units MOE!!Occupied housing units"
"S2503_C04_002E","Estimate!!Percent owner-occupied housing units!!Occupied housing units!!HOUSEHOLD INCOME IN THE PAST 12 MONTHS (IN 2017 INFLATION-ADJUSTED DOLLARS)!!Less than $5,000"
"S2503_C04_002M","Margin of Error!!Percent owner-occupied housing units MOE!!Occupied housing units!!HOUSEHOLD INCOME IN THE PAST 12 MONTHS (IN 2017 INFLATION-ADJUSTED DOLLARS)!!Less than $5,000"
"S2503_C04_003E","Estimate!!Percent owner-occupied housing units!!Occupied housing units!!HOUSEHOLD INCOME IN THE PAST 12 MONTHS (IN 2017 INFLATION-ADJUSTED DOLLARS)!!$5,000 to $9,999"
"S2503_C04_003M","Margin of Error!!Percent owner-occupied housing units MOE!!Occupied housing units!!HOUSEHOLD INCOME IN THE PAST 12 MONTHS (IN 2017 INFLATION-ADJUSTED DOLLARS)!!$5,000 to $9,999"
"S2503_C04_004E","Estimate!!Percent owner-occupied housing units!!Occupied housing units!!HOUSEHOLD INCOME IN THE PAST 12 MONTHS (IN 2017 INFLATION-ADJUSTED DOLLARS)!!$10,000 to $14,999"
"S2503_C04_004M","Margin of Error!!Percent owner-occupied housing units MOE!!Occupied housing units!!HOUSEHOLD INCOME IN THE PAST 12 MONTHS (IN 2017 INFLATION-ADJUSTED DOLLARS)!!$10,000 to $14,999"
"S2503_C04_005E","Estimate!!Percent owner-occupied housing units!!Occupied housing units!!HOUSEHOLD INCOME IN THE PAST 12 MONTHS (IN 2017 INFLATION-ADJUSTED DOLLARS)!!$15,000 to $19,999"
"S2503_C04_005M","Margin of Error!!Percent owner-occupied housing units MOE!!Occupied housing units!!HOUSEHOLD INCOME IN THE PAST 12 MONTHS (IN 2017 INFLATION-ADJUSTED DOLLARS)!!$15,000 to $19,999"
"S2503_C04_006E","Estimate!!Percent owner-occupied housing units!!Occupied housing units!!HOUSEHOLD INCOME IN THE PAST 12 MONTHS (IN 2017 INFLATION-ADJUSTED DOLLARS)!!$20,000 to $24,999"
"S2503_C04_006M","Margin of Error!!Percent owner-occupied housing units MOE!!Occupied housing units!!HOUSEHOLD INCOME IN THE PAST 12 MONTHS (IN 2017 INFLATION-ADJUSTED DOLLARS)!!$20,000 to $24,999"
"S2503_C04_007E","Estimate!!Percent owner-occupied housing units!!Occupied housing units!!HOUSEHOLD INCOME IN THE PAST 12 MONTHS (IN 2017 INFLATION-ADJUSTED DOLLARS)!!$25,000 to $34,999"
"S2503_C04_007M","Margin of Error!!Percent owner-occupied housing units MOE!!Occupied housing units!!HOUSEHOLD INCOME IN THE PAST 12 MONTHS (IN 2017 INFLATION-ADJUSTED DOLLARS)!!$25,000 to $34,999"
"S2503_C04_008E","Estimate!!Percent owner-occupied housing units!!Occupied housing units!!HOUSEHOLD INCOME IN THE PAST 12 MONTHS (IN 2017 INFLATION-ADJUSTED DOLLARS)!!$35,000 to $49,999"
"S2503_C04_008M","Margin of Error!!Percent owner-occupied housing units MOE!!Occupied housing units!!HOUSEHOLD INCOME IN THE PAST 12 MONTHS (IN 2017 INFLATION-ADJUSTED DOLLARS)!!$35,000 to $49,999"
"S2503_C04_009E","Estimate!!Percent owner-occupied housing units!!Occupied housing units!!HOUSEHOLD INCOME IN THE PAST 12 MONTHS (IN 2017 INFLATION-ADJUSTED DOLLARS)!!$50,000 to $74,999"
"S2503_C04_009M","Margin of Error!!Percent owner-occupied housing units MOE!!Occupied housing units!!HOUSEHOLD INCOME IN THE PAST 12 MONTHS (IN 2017 INFLATION-ADJUSTED DOLLARS)!!$50,000 to $74,999"
"S2503_C04_010E","Estimate!!Percent owner-occupied housing units!!Occupied housing units!!HOUSEHOLD INCOME IN THE PAST 12 MONTHS (IN 2017 INFLATION-ADJUSTED DOLLARS)!!$75,000 to $99,999"
"S2503_C04_010M","Margin of Error!!Percent owner-occupied housing units MOE!!Occupied housing units!!HOUSEHOLD INCOME IN THE PAST 12 MONTHS (IN 2017 INFLATION-ADJUSTED DOLLARS)!!$75,000 to $99,999"
"S2503_C04_011E","Estimate!!Percent owner-occupied housing units!!Occupied housing units!!HOUSEHOLD INCOME IN THE PAST 12 MONTHS (IN 2017 INFLATION-ADJUSTED DOLLARS)!!$100,000 to $149,999"
"S2503_C04_011M","Margin of Error!!Percent owner-occupied housing units MOE!!Occupied housing units!!HOUSEHOLD INCOME IN THE PAST 12 MONTHS (IN 2017 INFLATION-ADJUSTED DOLLARS)!!$100,000 to $149,999"
"S2503_C04_012E","Estimate!!Percent owner-occupied housing units!!Occupied housing units!!HOUSEHOLD INCOME IN THE PAST 12 MONTHS (IN 2017 INFLATION-ADJUSTED DOLLARS)!!$150,000 or more"
"S2503_C04_012M","Margin of Error!!Percent owner-occupied housing units MOE!!Occupied housing units!!HOUSEHOLD INCOME IN THE PAST 12 MONTHS (IN 2017 INFLATION-ADJUSTED DOLLARS)!!$150,000 or more"
"S2503_C04_013E","Estimate!!Percent owner-occupied housing units!!Occupied housing units!!HOUSEHOLD INCOME IN THE PAST 12 MONTHS (IN 2017 INFLATION-ADJUSTED DOLLARS)!!Median household income (dollars)"
"S2503_C04_013M","Margin of Error!!Percent owner-occupied housing units MOE!!Occupied housing units!!HOUSEHOLD INCOME IN THE PAST 12 MONTHS (IN 2017 INFLATION-ADJUSTED DOLLARS)!!Median household income (dollars)"
"S2503_C04_014E","Estimate!!Percent owner-occupied housing units!!Occupied housing units!!MONTHLY HOUSING COSTS!!Less than $300"
"S2503_C04_014M","Margin of Error!!Percent owner-occupied housing units MOE!!Occupied housing units!!MONTHLY HOUSING COSTS!!Less than $300"
"S2503_C04_015E","Estimate!!Percent owner-occupied housing units!!Occupied housing units!!MONTHLY HOUSING COSTS!!$300 to $499"
"S2503_C04_015M","Margin of Error!!Percent owner-occupied housing units MOE!!Occupied housing units!!MONTHLY HOUSING COSTS!!$300 to $499"
"S2503_C04_016E","Estimate!!Percent owner-occupied housing units!!Occupied housing units!!MONTHLY HOUSING COSTS!!$500 to $799"
"S2503_C04_016M","Margin of Error!!Percent owner-occupied housing units MOE!!Occupied housing units!!MONTHLY HOUSING COSTS!!$500 to $799"
"S2503_C04_017E","Estimate!!Percent owner-occupied housing units!!Occupied housing units!!MONTHLY HOUSING COSTS!!$800 to $999"
"S2503_C04_017M","Margin of Error!!Percent owner-occupied housing units MOE!!Occupied housing units!!MONTHLY HOUSING COSTS!!$800 to $999"
"S2503_C04_018E","Estimate!!Percent owner-occupied housing units!!Occupied housing units!!MONTHLY HOUSING COSTS!!$1,000 to $1,499"
"S2503_C04_018M","Margin of Error!!Percent owner-occupied housing units MOE!!Occupied housing units!!MONTHLY HOUSING COSTS!!$1,000 to $1,499"
"S2503_C04_019E","Estimate!!Percent owner-occupied housing units!!Occupied housing units!!MONTHLY HOUSING COSTS!!$1,500 to $1,999"
"S2503_C04_019M","Margin of Error!!Percent owner-occupied housing units MOE!!Occupied housing units!!MONTHLY HOUSING COSTS!!$1,500 to $1,999"
"S2503_C04_020E","Estimate!!Percent owner-occupied housing units!!Occupied housing units!!MONTHLY HOUSING COSTS!!$2,000 to $2,499"
"S2503_C04_020M","Margin of Error!!Percent owner-occupied housing units MOE!!Occupied housing units!!MONTHLY HOUSING COSTS!!$2,000 to $2,499"
"S2503_C04_021E","Estimate!!Percent owner-occupied housing units!!Occupied housing units!!MONTHLY HOUSING COSTS!!$2,500 to $2,999"
"S2503_C04_021M","Margin of Error!!Percent owner-occupied housing units MOE!!Occupied housing units!!MONTHLY HOUSING COSTS!!$2,500 to $2,999"
"S2503_C04_022E","Estimate!!Percent owner-occupied housing units!!Occupied housing units!!MONTHLY HOUSING COSTS!!$3,000 or more"
"S2503_C04_022M","Margin of Error!!Percent owner-occupied housing units MOE!!Occupied housing units!!MONTHLY HOUSING COSTS!!$3,000 or more"
"S2503_C04_023E","Estimate!!Percent owner-occupied housing units!!Occupied housing units!!MONTHLY HOUSING COSTS!!No cash rent"
"S2503_C04_023M","Margin of Error!!Percent owner-occupied housing units MOE!!Occupied housing units!!MONTHLY HOUSING COSTS!!No cash rent"
"S2503_C04_024E","Estimate!!Percent owner-occupied housing units!!Occupied housing units!!MONTHLY HOUSING COSTS!!Median (dollars)"
"S2503_C04_024M","Margin of Error!!Percent owner-occupied housing units MOE!!Occupied housing units!!MONTHLY HOUSING COSTS!!Median (dollars)"
"S2503_C04_025E","Estimate!!Percent owner-occupied housing units!!Occupied housing units!!MONTHLY HOUSING COSTS AS A PERCENTAGE OF HOUSEHOLD INCOME IN THE PAST 12 MONTHS!!Less than $20,000"
"S2503_C04_025M","Margin of Error!!Percent owner-occupied housing units MOE!!Occupied housing units!!MONTHLY HOUSING COSTS AS A PERCENTAGE OF HOUSEHOLD INCOME IN THE PAST 12 MONTHS!!Less than $20,000"
"S2503_C04_026E","Estimate!!Percent owner-occupied housing units!!Occupied housing units!!MONTHLY HOUSING COSTS AS A PERCENTAGE OF HOUSEHOLD INCOME IN THE PAST 12 MONTHS!!Less than $20,000!!Less than 20 percent"
"S2503_C04_026M","Margin of Error!!Percent owner-occupied housing units MOE!!Occupied housing units!!MONTHLY HOUSING COSTS AS A PERCENTAGE OF HOUSEHOLD INCOME IN THE PAST 12 MONTHS!!Less than $20,000!!Less than 20 percent"
"S2503_C04_027E","Estimate!!Percent owner-occupied housing units!!Occupied housing units!!MONTHLY HOUSING COSTS AS A PERCENTAGE OF HOUSEHOLD INCOME IN THE PAST 12 MONTHS!!Less than $20,000!!20 to 29 percent"
"S2503_C04_027M","Margin of Error!!Percent owner-occupied housing units MOE!!Occupied housing units!!MONTHLY HOUSING COSTS AS A PERCENTAGE OF HOUSEHOLD INCOME IN THE PAST 12 MONTHS!!Less than $20,000!!20 to 29 percent"
"S2503_C04_028E","Estimate!!Percent owner-occupied housing units!!Occupied housing units!!MONTHLY HOUSING COSTS AS A PERCENTAGE OF HOUSEHOLD INCOME IN THE PAST 12 MONTHS!!Less than $20,000!!30 percent or more"
"S2503_C04_028M","Margin of Error!!Percent owner-occupied housing units MOE!!Occupied housing units!!MONTHLY HOUSING COSTS AS A PERCENTAGE OF HOUSEHOLD INCOME IN THE PAST 12 MONTHS!!Less than $20,000!!30 percent or more"
"S2503_C04_029E","Estimate!!Percent owner-occupied housing units!!Occupied housing units!!MONTHLY HOUSING COSTS AS A PERCENTAGE OF HOUSEHOLD INCOME IN THE PAST 12 MONTHS!!$20,000 to $34,999"
"S2503_C04_029M","Margin of Error!!Percent owner-occupied housing units MOE!!Occupied housing units!!MONTHLY HOUSING COSTS AS A PERCENTAGE OF HOUSEHOLD INCOME IN THE PAST 12 MONTHS!!$20,000 to $34,999"
"S2503_C04_030E","Estimate!!Percent owner-occupied housing units!!Occupied housing units!!MONTHLY HOUSING COSTS AS A PERCENTAGE OF HOUSEHOLD INCOME IN THE PAST 12 MONTHS!!$20,000 to $34,999!!Less than 20 percent"
"S2503_C04_030M","Margin of Error!!Percent owner-occupied housing units MOE!!Occupied housing units!!MONTHLY HOUSING COSTS AS A PERCENTAGE OF HOUSEHOLD INCOME IN THE PAST 12 MONTHS!!$20,000 to $34,999!!Less than 20 percent"
"S2503_C04_031E","Estimate!!Percent owner-occupied housing units!!Occupied housing units!!MONTHLY HOUSING COSTS AS A PERCENTAGE OF HOUSEHOLD INCOME IN THE PAST 12 MONTHS!!$20,000 to $34,999!!20 to 29 percent"
"S2503_C04_031M","Margin of Error!!Percent owner-occupied housing units MOE!!Occupied housing units!!MONTHLY HOUSING COSTS AS A PERCENTAGE OF HOUSEHOLD INCOME IN THE PAST 12 MONTHS!!$20,000 to $34,999!!20 to 29 percent"
"S2503_C04_032E","Estimate!!Percent owner-occupied housing units!!Occupied housing units!!MONTHLY HOUSING COSTS AS A PERCENTAGE OF HOUSEHOLD INCOME IN THE PAST 12 MONTHS!!$20,000 to $34,999!!30 percent or more"
"S2503_C04_032M","Margin of Error!!Percent owner-occupied housing units MOE!!Occupied housing units!!MONTHLY HOUSING COSTS AS A PERCENTAGE OF HOUSEHOLD INCOME IN THE PAST 12 MONTHS!!$20,000 to $34,999!!30 percent or more"
"S2503_C04_033E","Estimate!!Percent owner-occupied housing units!!Occupied housing units!!MONTHLY HOUSING COSTS AS A PERCENTAGE OF HOUSEHOLD INCOME IN THE PAST 12 MONTHS!!$35,000 to $49,999"
"S2503_C04_033M","Margin of Error!!Percent owner-occupied housing units MOE!!Occupied housing units!!MONTHLY HOUSING COSTS AS A PERCENTAGE OF HOUSEHOLD INCOME IN THE PAST 12 MONTHS!!$35,000 to $49,999"
"S2503_C04_034E","Estimate!!Percent owner-occupied housing units!!Occupied housing units!!MONTHLY HOUSING COSTS AS A PERCENTAGE OF HOUSEHOLD INCOME IN THE PAST 12 MONTHS!!$35,000 to $49,999!!Less than 20 percent"
"S2503_C04_034M","Margin of Error!!Percent owner-occupied housing units MOE!!Occupied housing units!!MONTHLY HOUSING COSTS AS A PERCENTAGE OF HOUSEHOLD INCOME IN THE PAST 12 MONTHS!!$35,000 to $49,999!!Less than 20 percent"
"S2503_C04_035E","Estimate!!Percent owner-occupied housing units!!Occupied housing units!!MONTHLY HOUSING COSTS AS A PERCENTAGE OF HOUSEHOLD INCOME IN THE PAST 12 MONTHS!!$35,000 to $49,999!!20 to 29 percent"
"S2503_C04_035M","Margin of Error!!Percent owner-occupied housing units MOE!!Occupied housing units!!MONTHLY HOUSING COSTS AS A PERCENTAGE OF HOUSEHOLD INCOME IN THE PAST 12 MONTHS!!$35,000 to $49,999!!20 to 29 percent"
"S2503_C04_036E","Estimate!!Percent owner-occupied housing units!!Occupied housing units!!MONTHLY HOUSING COSTS AS A PERCENTAGE OF HOUSEHOLD INCOME IN THE PAST 12 MONTHS!!$35,000 to $49,999!!30 percent or more"
"S2503_C04_036M","Margin of Error!!Percent owner-occupied housing units MOE!!Occupied housing units!!MONTHLY HOUSING COSTS AS A PERCENTAGE OF HOUSEHOLD INCOME IN THE PAST 12 MONTHS!!$35,000 to $49,999!!30 percent or more"
"S2503_C04_037E","Estimate!!Percent owner-occupied housing units!!Occupied housing units!!MONTHLY HOUSING COSTS AS A PERCENTAGE OF HOUSEHOLD INCOME IN THE PAST 12 MONTHS!!$50,000 to $74,999"
"S2503_C04_037M","Margin of Error!!Percent owner-occupied housing units MOE!!Occupied housing units!!MONTHLY HOUSING COSTS AS A PERCENTAGE OF HOUSEHOLD INCOME IN THE PAST 12 MONTHS!!$50,000 to $74,999"
"S2503_C04_038E","Estimate!!Percent owner-occupied housing units!!Occupied housing units!!MONTHLY HOUSING COSTS AS A PERCENTAGE OF HOUSEHOLD INCOME IN THE PAST 12 MONTHS!!$50,000 to $74,999!!Less than 20 percent"
"S2503_C04_038M","Margin of Error!!Percent owner-occupied housing units MOE!!Occupied housing units!!MONTHLY HOUSING COSTS AS A PERCENTAGE OF HOUSEHOLD INCOME IN THE PAST 12 MONTHS!!$50,000 to $74,999!!Less than 20 percent"
"S2503_C04_039E","Estimate!!Percent owner-occupied housing units!!Occupied housing units!!MONTHLY HOUSING COSTS AS A PERCENTAGE OF HOUSEHOLD INCOME IN THE PAST 12 MONTHS!!$50,000 to $74,999!!20 to 29 percent"
"S2503_C04_039M","Margin of Error!!Percent owner-occupied housing units MOE!!Occupied housing units!!MONTHLY HOUSING COSTS AS A PERCENTAGE OF HOUSEHOLD INCOME IN THE PAST 12 MONTHS!!$50,000 to $74,999!!20 to 29 percent"
"S2503_C04_040E","Estimate!!Percent owner-occupied housing units!!Occupied housing units!!MONTHLY HOUSING COSTS AS A PERCENTAGE OF HOUSEHOLD INCOME IN THE PAST 12 MONTHS!!$50,000 to $74,999!!30 percent or more"
"S2503_C04_040M","Margin of Error!!Percent owner-occupied housing units MOE!!Occupied housing units!!MONTHLY HOUSING COSTS AS A PERCENTAGE OF HOUSEHOLD INCOME IN THE PAST 12 MONTHS!!$50,000 to $74,999!!30 percent or more"
"S2503_C04_041E","Estimate!!Percent owner-occupied housing units!!Occupied housing units!!MONTHLY HOUSING COSTS AS A PERCENTAGE OF HOUSEHOLD INCOME IN THE PAST 12 MONTHS!!$75,000 or more"
"S2503_C04_041M","Margin of Error!!Percent owner-occupied housing units MOE!!Occupied housing units!!MONTHLY HOUSING COSTS AS A PERCENTAGE OF HOUSEHOLD INCOME IN THE PAST 12 MONTHS!!$75,000 or more"
"S2503_C04_042E","Estimate!!Percent owner-occupied housing units!!Occupied housing units!!MONTHLY HOUSING COSTS AS A PERCENTAGE OF HOUSEHOLD INCOME IN THE PAST 12 MONTHS!!$75,000 or more!!Less than 20 percent"
"S2503_C04_042M","Margin of Error!!Percent owner-occupied housing units MOE!!Occupied housing units!!MONTHLY HOUSING COSTS AS A PERCENTAGE OF HOUSEHOLD INCOME IN THE PAST 12 MONTHS!!$75,000 or more!!Less than 20 percent"
"S2503_C04_043E","Estimate!!Percent owner-occupied housing units!!Occupied housing units!!MONTHLY HOUSING COSTS AS A PERCENTAGE OF HOUSEHOLD INCOME IN THE PAST 12 MONTHS!!$75,000 or more!!20 to 29 percent"
"S2503_C04_043M","Margin of Error!!Percent owner-occupied housing units MOE!!Occupied housing units!!MONTHLY HOUSING COSTS AS A PERCENTAGE OF HOUSEHOLD INCOME IN THE PAST 12 MONTHS!!$75,000 or more!!20 to 29 percent"
"S2503_C04_044E","Estimate!!Percent owner-occupied housing units!!Occupied housing units!!MONTHLY HOUSING COSTS AS A PERCENTAGE OF HOUSEHOLD INCOME IN THE PAST 12 MONTHS!!$75,000 or more!!30 percent or more"
"S2503_C04_044M","Margin of Error!!Percent owner-occupied housing units MOE!!Occupied housing units!!MONTHLY HOUSING COSTS AS A PERCENTAGE OF HOUSEHOLD INCOME IN THE PAST 12 MONTHS!!$75,000 or more!!30 percent or more"
"S2503_C04_045E","Estimate!!Percent owner-occupied housing units!!Occupied housing units!!MONTHLY HOUSING COSTS AS A PERCENTAGE OF HOUSEHOLD INCOME IN THE PAST 12 MONTHS!!Zero or negative income"
"S2503_C04_045M","Margin of Error!!Percent owner-occupied housing units MOE!!Occupied housing units!!MONTHLY HOUSING COSTS AS A PERCENTAGE OF HOUSEHOLD INCOME IN THE PAST 12 MONTHS!!Zero or negative income"
"S2503_C04_046E","Estimate!!Percent owner-occupied housing units!!Occupied housing units!!MONTHLY HOUSING COSTS AS A PERCENTAGE OF HOUSEHOLD INCOME IN THE PAST 12 MONTHS!!No cash rent"
"S2503_C04_046M","Margin of Error!!Percent owner-occupied housing units MOE!!Occupied housing units!!MONTHLY HOUSING COSTS AS A PERCENTAGE OF HOUSEHOLD INCOME IN THE PAST 12 MONTHS!!No cash rent"
"S2503_C05_001E","Estimate!!Renter-occupied housing units!!Occupied housing units"
"S2503_C05_001M","Margin of Error!!Renter-occupied housing units MOE!!Occupied housing units"
"S2503_C05_002E","Estimate!!Renter-occupied housing units!!Occupied housing units!!HOUSEHOLD INCOME IN THE PAST 12 MONTHS (IN 2017 INFLATION-ADJUSTED DOLLARS)!!Less than $5,000"
"S2503_C05_002M","Margin of Error!!Renter-occupied housing units MOE!!Occupied housing units!!HOUSEHOLD INCOME IN THE PAST 12 MONTHS (IN 2017 INFLATION-ADJUSTED DOLLARS)!!Less than $5,000"
"S2503_C05_003E","Estimate!!Renter-occupied housing units!!Occupied housing units!!HOUSEHOLD INCOME IN THE PAST 12 MONTHS (IN 2017 INFLATION-ADJUSTED DOLLARS)!!$5,000 to $9,999"
"S2503_C05_003M","Margin of Error!!Renter-occupied housing units MOE!!Occupied housing units!!HOUSEHOLD INCOME IN THE PAST 12 MONTHS (IN 2017 INFLATION-ADJUSTED DOLLARS)!!$5,000 to $9,999"
"S2503_C05_004E","Estimate!!Renter-occupied housing units!!Occupied housing units!!HOUSEHOLD INCOME IN THE PAST 12 MONTHS (IN 2017 INFLATION-ADJUSTED DOLLARS)!!$10,000 to $14,999"
"S2503_C05_004M","Margin of Error!!Renter-occupied housing units MOE!!Occupied housing units!!HOUSEHOLD INCOME IN THE PAST 12 MONTHS (IN 2017 INFLATION-ADJUSTED DOLLARS)!!$10,000 to $14,999"
"S2503_C05_005E","Estimate!!Renter-occupied housing units!!Occupied housing units!!HOUSEHOLD INCOME IN THE PAST 12 MONTHS (IN 2017 INFLATION-ADJUSTED DOLLARS)!!$15,000 to $19,999"
"S2503_C05_005M","Margin of Error!!Renter-occupied housing units MOE!!Occupied housing units!!HOUSEHOLD INCOME IN THE PAST 12 MONTHS (IN 2017 INFLATION-ADJUSTED DOLLARS)!!$15,000 to $19,999"
"S2503_C05_006E","Estimate!!Renter-occupied housing units!!Occupied housing units!!HOUSEHOLD INCOME IN THE PAST 12 MONTHS (IN 2017 INFLATION-ADJUSTED DOLLARS)!!$20,000 to $24,999"
"S2503_C05_006M","Margin of Error!!Renter-occupied housing units MOE!!Occupied housing units!!HOUSEHOLD INCOME IN THE PAST 12 MONTHS (IN 2017 INFLATION-ADJUSTED DOLLARS)!!$20,000 to $24,999"
"S2503_C05_007E","Estimate!!Renter-occupied housing units!!Occupied housing units!!HOUSEHOLD INCOME IN THE PAST 12 MONTHS (IN 2017 INFLATION-ADJUSTED DOLLARS)!!$25,000 to $34,999"
"S2503_C05_007M","Margin of Error!!Renter-occupied housing units MOE!!Occupied housing units!!HOUSEHOLD INCOME IN THE PAST 12 MONTHS (IN 2017 INFLATION-ADJUSTED DOLLARS)!!$25,000 to $34,999"
"S2503_C05_008E","Estimate!!Renter-occupied housing units!!Occupied housing units!!HOUSEHOLD INCOME IN THE PAST 12 MONTHS (IN 2017 INFLATION-ADJUSTED DOLLARS)!!$35,000 to $49,999"
"S2503_C05_008M","Margin of Error!!Renter-occupied housing units MOE!!Occupied housing units!!HOUSEHOLD INCOME IN THE PAST 12 MONTHS (IN 2017 INFLATION-ADJUSTED DOLLARS)!!$35,000 to $49,999"
"S2503_C05_009E","Estimate!!Renter-occupied housing units!!Occupied housing units!!HOUSEHOLD INCOME IN THE PAST 12 MONTHS (IN 2017 INFLATION-ADJUSTED DOLLARS)!!$50,000 to $74,999"
"S2503_C05_009M","Margin of Error!!Renter-occupied housing units MOE!!Occupied housing units!!HOUSEHOLD INCOME IN THE PAST 12 MONTHS (IN 2017 INFLATION-ADJUSTED DOLLARS)!!$50,000 to $74,999"
"S2503_C05_010E","Estimate!!Renter-occupied housing units!!Occupied housing units!!HOUSEHOLD INCOME IN THE PAST 12 MONTHS (IN 2017 INFLATION-ADJUSTED DOLLARS)!!$75,000 to $99,999"
"S2503_C05_010M","Margin of Error!!Renter-occupied housing units MOE!!Occupied housing units!!HOUSEHOLD INCOME IN THE PAST 12 MONTHS (IN 2017 INFLATION-ADJUSTED DOLLARS)!!$75,000 to $99,999"
"S2503_C05_011E","Estimate!!Renter-occupied housing units!!Occupied housing units!!HOUSEHOLD INCOME IN THE PAST 12 MONTHS (IN 2017 INFLATION-ADJUSTED DOLLARS)!!$100,000 to $149,999"
"S2503_C05_011M","Margin of Error!!Renter-occupied housing units MOE!!Occupied housing units!!HOUSEHOLD INCOME IN THE PAST 12 MONTHS (IN 2017 INFLATION-ADJUSTED DOLLARS)!!$100,000 to $149,999"
"S2503_C05_012E","Estimate!!Renter-occupied housing units!!Occupied housing units!!HOUSEHOLD INCOME IN THE PAST 12 MONTHS (IN 2017 INFLATION-ADJUSTED DOLLARS)!!$150,000 or more"
"S2503_C05_012M","Margin of Error!!Renter-occupied housing units MOE!!Occupied housing units!!HOUSEHOLD INCOME IN THE PAST 12 MONTHS (IN 2017 INFLATION-ADJUSTED DOLLARS)!!$150,000 or more"
"S2503_C05_013E","Estimate!!Renter-occupied housing units!!Occupied housing units!!HOUSEHOLD INCOME IN THE PAST 12 MONTHS (IN 2017 INFLATION-ADJUSTED DOLLARS)!!Median household income (dollars)"
"S2503_C05_013M","Margin of Error!!Renter-occupied housing units MOE!!Occupied housing units!!HOUSEHOLD INCOME IN THE PAST 12 MONTHS (IN 2017 INFLATION-ADJUSTED DOLLARS)!!Median household income (dollars)"
"S2503_C05_014E","Estimate!!Renter-occupied housing units!!Occupied housing units!!MONTHLY HOUSING COSTS!!Less than $300"
"S2503_C05_014M","Margin of Error!!Renter-occupied housing units MOE!!Occupied housing units!!MONTHLY HOUSING COSTS!!Less than $300"
"S2503_C05_015E","Estimate!!Renter-occupied housing units!!Occupied housing units!!MONTHLY HOUSING COSTS!!$300 to $499"
"S2503_C05_015M","Margin of Error!!Renter-occupied housing units MOE!!Occupied housing units!!MONTHLY HOUSING COSTS!!$300 to $499"
"S2503_C05_016E","Estimate!!Renter-occupied housing units!!Occupied housing units!!MONTHLY HOUSING COSTS!!$500 to $799"
"S2503_C05_016M","Margin of Error!!Renter-occupied housing units MOE!!Occupied housing units!!MONTHLY HOUSING COSTS!!$500 to $799"
"S2503_C05_017E","Estimate!!Renter-occupied housing units!!Occupied housing units!!MONTHLY HOUSING COSTS!!$800 to $999"
"S2503_C05_017M","Margin of Error!!Renter-occupied housing units MOE!!Occupied housing units!!MONTHLY HOUSING COSTS!!$800 to $999"
"S2503_C05_018E","Estimate!!Renter-occupied housing units!!Occupied housing units!!MONTHLY HOUSING COSTS!!$1,000 to $1,499"
"S2503_C05_018M","Margin of Error!!Renter-occupied housing units MOE!!Occupied housing units!!MONTHLY HOUSING COSTS!!$1,000 to $1,499"
"S2503_C05_019E","Estimate!!Renter-occupied housing units!!Occupied housing units!!MONTHLY HOUSING COSTS!!$1,500 to $1,999"
"S2503_C05_019M","Margin of Error!!Renter-occupied housing units MOE!!Occupied housing units!!MONTHLY HOUSING COSTS!!$1,500 to $1,999"
"S2503_C05_020E","Estimate!!Renter-occupied housing units!!Occupied housing units!!MONTHLY HOUSING COSTS!!$2,000 to $2,499"
"S2503_C05_020M","Margin of Error!!Renter-occupied housing units MOE!!Occupied housing units!!MONTHLY HOUSING COSTS!!$2,000 to $2,499"
"S2503_C05_021E","Estimate!!Renter-occupied housing units!!Occupied housing units!!MONTHLY HOUSING COSTS!!$2,500 to $2,999"
"S2503_C05_021M","Margin of Error!!Renter-occupied housing units MOE!!Occupied housing units!!MONTHLY HOUSING COSTS!!$2,500 to $2,999"
"S2503_C05_022E","Estimate!!Renter-occupied housing units!!Occupied housing units!!MONTHLY HOUSING COSTS!!$3,000 or more"
"S2503_C05_022M","Margin of Error!!Renter-occupied housing units MOE!!Occupied housing units!!MONTHLY HOUSING COSTS!!$3,000 or more"
"S2503_C05_023E","Estimate!!Renter-occupied housing units!!Occupied housing units!!MONTHLY HOUSING COSTS!!No cash rent"
"S2503_C05_023M","Margin of Error!!Renter-occupied housing units MOE!!Occupied housing units!!MONTHLY HOUSING COSTS!!No cash rent"
"S2503_C05_024E","Estimate!!Renter-occupied housing units!!Occupied housing units!!MONTHLY HOUSING COSTS!!Median (dollars)"
"S2503_C05_024M","Margin of Error!!Renter-occupied housing units MOE!!Occupied housing units!!MONTHLY HOUSING COSTS!!Median (dollars)"
"S2503_C05_025E","Estimate!!Renter-occupied housing units!!Occupied housing units!!MONTHLY HOUSING COSTS AS A PERCENTAGE OF HOUSEHOLD INCOME IN THE PAST 12 MONTHS!!Less than $20,000"
"S2503_C05_025M","Margin of Error!!Renter-occupied housing units MOE!!Occupied housing units!!MONTHLY HOUSING COSTS AS A PERCENTAGE OF HOUSEHOLD INCOME IN THE PAST 12 MONTHS!!Less than $20,000"
"S2503_C05_026E","Estimate!!Renter-occupied housing units!!Occupied housing units!!MONTHLY HOUSING COSTS AS A PERCENTAGE OF HOUSEHOLD INCOME IN THE PAST 12 MONTHS!!Less than $20,000!!Less than 20 percent"
"S2503_C05_026M","Margin of Error!!Renter-occupied housing units MOE!!Occupied housing units!!MONTHLY HOUSING COSTS AS A PERCENTAGE OF HOUSEHOLD INCOME IN THE PAST 12 MONTHS!!Less than $20,000!!Less than 20 percent"
"S2503_C05_027E","Estimate!!Renter-occupied housing units!!Occupied housing units!!MONTHLY HOUSING COSTS AS A PERCENTAGE OF HOUSEHOLD INCOME IN THE PAST 12 MONTHS!!Less than $20,000!!20 to 29 percent"
"S2503_C05_027M","Margin of Error!!Renter-occupied housing units MOE!!Occupied housing units!!MONTHLY HOUSING COSTS AS A PERCENTAGE OF HOUSEHOLD INCOME IN THE PAST 12 MONTHS!!Less than $20,000!!20 to 29 percent"
"S2503_C05_028E","Estimate!!Renter-occupied housing units!!Occupied housing units!!MONTHLY HOUSING COSTS AS A PERCENTAGE OF HOUSEHOLD INCOME IN THE PAST 12 MONTHS!!Less than $20,000!!30 percent or more"
"S2503_C05_028M","Margin of Error!!Renter-occupied housing units MOE!!Occupied housing units!!MONTHLY HOUSING COSTS AS A PERCENTAGE OF HOUSEHOLD INCOME IN THE PAST 12 MONTHS!!Less than $20,000!!30 percent or more"
"S2503_C05_029E","Estimate!!Renter-occupied housing units!!Occupied housing units!!MONTHLY HOUSING COSTS AS A PERCENTAGE OF HOUSEHOLD INCOME IN THE PAST 12 MONTHS!!$20,000 to $34,999"
"S2503_C05_029M","Margin of Error!!Renter-occupied housing units MOE!!Occupied housing units!!MONTHLY HOUSING COSTS AS A PERCENTAGE OF HOUSEHOLD INCOME IN THE PAST 12 MONTHS!!$20,000 to $34,999"
"S2503_C05_030E","Estimate!!Renter-occupied housing units!!Occupied housing units!!MONTHLY HOUSING COSTS AS A PERCENTAGE OF HOUSEHOLD INCOME IN THE PAST 12 MONTHS!!$20,000 to $34,999!!Less than 20 percent"
"S2503_C05_030M","Margin of Error!!Renter-occupied housing units MOE!!Occupied housing units!!MONTHLY HOUSING COSTS AS A PERCENTAGE OF HOUSEHOLD INCOME IN THE PAST 12 MONTHS!!$20,000 to $34,999!!Less than 20 percent"
"S2503_C05_031E","Estimate!!Renter-occupied housing units!!Occupied housing units!!MONTHLY HOUSING COSTS AS A PERCENTAGE OF HOUSEHOLD INCOME IN THE PAST 12 MONTHS!!$20,000 to $34,999!!20 to 29 percent"
"S2503_C05_031M","Margin of Error!!Renter-occupied housing units MOE!!Occupied housing units!!MONTHLY HOUSING COSTS AS A PERCENTAGE OF HOUSEHOLD INCOME IN THE PAST 12 MONTHS!!$20,000 to $34,999!!20 to 29 percent"
"S2503_C05_032E","Estimate!!Renter-occupied housing units!!Occupied housing units!!MONTHLY HOUSING COSTS AS A PERCENTAGE OF HOUSEHOLD INCOME IN THE PAST 12 MONTHS!!$20,000 to $34,999!!30 percent or more"
"S2503_C05_032M","Margin of Error!!Renter-occupied housing units MOE!!Occupied housing units!!MONTHLY HOUSING COSTS AS A PERCENTAGE OF HOUSEHOLD INCOME IN THE PAST 12 MONTHS!!$20,000 to $34,999!!30 percent or more"
"S2503_C05_033E","Estimate!!Renter-occupied housing units!!Occupied housing units!!MONTHLY HOUSING COSTS AS A PERCENTAGE OF HOUSEHOLD INCOME IN THE PAST 12 MONTHS!!$35,000 to $49,999"
"S2503_C05_033M","Margin of Error!!Renter-occupied housing units MOE!!Occupied housing units!!MONTHLY HOUSING COSTS AS A PERCENTAGE OF HOUSEHOLD INCOME IN THE PAST 12 MONTHS!!$35,000 to $49,999"
"S2503_C05_034E","Estimate!!Renter-occupied housing units!!Occupied housing units!!MONTHLY HOUSING COSTS AS A PERCENTAGE OF HOUSEHOLD INCOME IN THE PAST 12 MONTHS!!$35,000 to $49,999!!Less than 20 percent"
"S2503_C05_034M","Margin of Error!!Renter-occupied housing units MOE!!Occupied housing units!!MONTHLY HOUSING COSTS AS A PERCENTAGE OF HOUSEHOLD INCOME IN THE PAST 12 MONTHS!!$35,000 to $49,999!!Less than 20 percent"
"S2503_C05_035E","Estimate!!Renter-occupied housing units!!Occupied housing units!!MONTHLY HOUSING COSTS AS A PERCENTAGE OF HOUSEHOLD INCOME IN THE PAST 12 MONTHS!!$35,000 to $49,999!!20 to 29 percent"
"S2503_C05_035M","Margin of Error!!Renter-occupied housing units MOE!!Occupied housing units!!MONTHLY HOUSING COSTS AS A PERCENTAGE OF HOUSEHOLD INCOME IN THE PAST 12 MONTHS!!$35,000 to $49,999!!20 to 29 percent"
"S2503_C05_036E","Estimate!!Renter-occupied housing units!!Occupied housing units!!MONTHLY HOUSING COSTS AS A PERCENTAGE OF HOUSEHOLD INCOME IN THE PAST 12 MONTHS!!$35,000 to $49,999!!30 percent or more"
"S2503_C05_036M","Margin of Error!!Renter-occupied housing units MOE!!Occupied housing units!!MONTHLY HOUSING COSTS AS A PERCENTAGE OF HOUSEHOLD INCOME IN THE PAST 12 MONTHS!!$35,000 to $49,999!!30 percent or more"
"S2503_C05_037E","Estimate!!Renter-occupied housing units!!Occupied housing units!!MONTHLY HOUSING COSTS AS A PERCENTAGE OF HOUSEHOLD INCOME IN THE PAST 12 MONTHS!!$50,000 to $74,999"
"S2503_C05_037M","Margin of Error!!Renter-occupied housing units MOE!!Occupied housing units!!MONTHLY HOUSING COSTS AS A PERCENTAGE OF HOUSEHOLD INCOME IN THE PAST 12 MONTHS!!$50,000 to $74,999"
"S2503_C05_038E","Estimate!!Renter-occupied housing units!!Occupied housing units!!MONTHLY HOUSING COSTS AS A PERCENTAGE OF HOUSEHOLD INCOME IN THE PAST 12 MONTHS!!$50,000 to $74,999!!Less than 20 percent"
"S2503_C05_038M","Margin of Error!!Renter-occupied housing units MOE!!Occupied housing units!!MONTHLY HOUSING COSTS AS A PERCENTAGE OF HOUSEHOLD INCOME IN THE PAST 12 MONTHS!!$50,000 to $74,999!!Less than 20 percent"
"S2503_C05_039E","Estimate!!Renter-occupied housing units!!Occupied housing units!!MONTHLY HOUSING COSTS AS A PERCENTAGE OF HOUSEHOLD INCOME IN THE PAST 12 MONTHS!!$50,000 to $74,999!!20 to 29 percent"
"S2503_C05_039M","Margin of Error!!Renter-occupied housing units MOE!!Occupied housing units!!MONTHLY HOUSING COSTS AS A PERCENTAGE OF HOUSEHOLD INCOME IN THE PAST 12 MONTHS!!$50,000 to $74,999!!20 to 29 percent"
"S2503_C05_040E","Estimate!!Renter-occupied housing units!!Occupied housing units!!MONTHLY HOUSING COSTS AS A PERCENTAGE OF HOUSEHOLD INCOME IN THE PAST 12 MONTHS!!$50,000 to $74,999!!30 percent or more"
"S2503_C05_040M","Margin of Error!!Renter-occupied housing units MOE!!Occupied housing units!!MONTHLY HOUSING COSTS AS A PERCENTAGE OF HOUSEHOLD INCOME IN THE PAST 12 MONTHS!!$50,000 to $74,999!!30 percent or more"
"S2503_C05_041E","Estimate!!Renter-occupied housing units!!Occupied housing units!!MONTHLY HOUSING COSTS AS A PERCENTAGE OF HOUSEHOLD INCOME IN THE PAST 12 MONTHS!!$75,000 or more"
"S2503_C05_041M","Margin of Error!!Renter-occupied housing units MOE!!Occupied housing units!!MONTHLY HOUSING COSTS AS A PERCENTAGE OF HOUSEHOLD INCOME IN THE PAST 12 MONTHS!!$75,000 or more"
"S2503_C05_042E","Estimate!!Renter-occupied housing units!!Occupied housing units!!MONTHLY HOUSING COSTS AS A PERCENTAGE OF HOUSEHOLD INCOME IN THE PAST 12 MONTHS!!$75,000 or more!!Less than 20 percent"
"S2503_C05_042M","Margin of Error!!Renter-occupied housing units MOE!!Occupied housing units!!MONTHLY HOUSING COSTS AS A PERCENTAGE OF HOUSEHOLD INCOME IN THE PAST 12 MONTHS!!$75,000 or more!!Less than 20 percent"
"S2503_C05_043E","Estimate!!Renter-occupied housing units!!Occupied housing units!!MONTHLY HOUSING COSTS AS A PERCENTAGE OF HOUSEHOLD INCOME IN THE PAST 12 MONTHS!!$75,000 or more!!20 to 29 percent"
"S2503_C05_043M","Margin of Error!!Renter-occupied housing units MOE!!Occupied housing units!!MONTHLY HOUSING COSTS AS A PERCENTAGE OF HOUSEHOLD INCOME IN THE PAST 12 MONTHS!!$75,000 or more!!20 to 29 percent"
"S2503_C05_044E","Estimate!!Renter-occupied housing units!!Occupied housing units!!MONTHLY HOUSING COSTS AS A PERCENTAGE OF HOUSEHOLD INCOME IN THE PAST 12 MONTHS!!$75,000 or more!!30 percent or more"
"S2503_C05_044M","Margin of Error!!Renter-occupied housing units MOE!!Occupied housing units!!MONTHLY HOUSING COSTS AS A PERCENTAGE OF HOUSEHOLD INCOME IN THE PAST 12 MONTHS!!$75,000 or more!!30 percent or more"
"S2503_C05_045E","Estimate!!Renter-occupied housing units!!Occupied housing units!!MONTHLY HOUSING COSTS AS A PERCENTAGE OF HOUSEHOLD INCOME IN THE PAST 12 MONTHS!!Zero or negative income"
"S2503_C05_045M","Margin of Error!!Renter-occupied housing units MOE!!Occupied housing units!!MONTHLY HOUSING COSTS AS A PERCENTAGE OF HOUSEHOLD INCOME IN THE PAST 12 MONTHS!!Zero or negative income"
"S2503_C05_046E","Estimate!!Renter-occupied housing units!!Occupied housing units!!MONTHLY HOUSING COSTS AS A PERCENTAGE OF HOUSEHOLD INCOME IN THE PAST 12 MONTHS!!No cash rent"
"S2503_C05_046M","Margin of Error!!Renter-occupied housing units MOE!!Occupied housing units!!MONTHLY HOUSING COSTS AS A PERCENTAGE OF HOUSEHOLD INCOME IN THE PAST 12 MONTHS!!No cash rent"
"S2503_C06_001E","Estimate!!Percent renter-occupied housing units!!Occupied housing units"
"S2503_C06_001M","Margin of Error!!Percent renter-occupied housing units MOE!!Occupied housing units"
"S2503_C06_002E","Estimate!!Percent renter-occupied housing units!!Occupied housing units!!HOUSEHOLD INCOME IN THE PAST 12 MONTHS (IN 2017 INFLATION-ADJUSTED DOLLARS)!!Less than $5,000"
"S2503_C06_002M","Margin of Error!!Percent renter-occupied housing units MOE!!Occupied housing units!!HOUSEHOLD INCOME IN THE PAST 12 MONTHS (IN 2017 INFLATION-ADJUSTED DOLLARS)!!Less than $5,000"
"S2503_C06_003E","Estimate!!Percent renter-occupied housing units!!Occupied housing units!!HOUSEHOLD INCOME IN THE PAST 12 MONTHS (IN 2017 INFLATION-ADJUSTED DOLLARS)!!$5,000 to $9,999"
"S2503_C06_003M","Margin of Error!!Percent renter-occupied housing units MOE!!Occupied housing units!!HOUSEHOLD INCOME IN THE PAST 12 MONTHS (IN 2017 INFLATION-ADJUSTED DOLLARS)!!$5,000 to $9,999"
"S2503_C06_004E","Estimate!!Percent renter-occupied housing units!!Occupied housing units!!HOUSEHOLD INCOME IN THE PAST 12 MONTHS (IN 2017 INFLATION-ADJUSTED DOLLARS)!!$10,000 to $14,999"
"S2503_C06_004M","Margin of Error!!Percent renter-occupied housing units MOE!!Occupied housing units!!HOUSEHOLD INCOME IN THE PAST 12 MONTHS (IN 2017 INFLATION-ADJUSTED DOLLARS)!!$10,000 to $14,999"
"S2503_C06_005E","Estimate!!Percent renter-occupied housing units!!Occupied housing units!!HOUSEHOLD INCOME IN THE PAST 12 MONTHS (IN 2017 INFLATION-ADJUSTED DOLLARS)!!$15,000 to $19,999"
"S2503_C06_005M","Margin of Error!!Percent renter-occupied housing units MOE!!Occupied housing units!!HOUSEHOLD INCOME IN THE PAST 12 MONTHS (IN 2017 INFLATION-ADJUSTED DOLLARS)!!$15,000 to $19,999"
"S2503_C06_006E","Estimate!!Percent renter-occupied housing units!!Occupied housing units!!HOUSEHOLD INCOME IN THE PAST 12 MONTHS (IN 2017 INFLATION-ADJUSTED DOLLARS)!!$20,000 to $24,999"
"S2503_C06_006M","Margin of Error!!Percent renter-occupied housing units MOE!!Occupied housing units!!HOUSEHOLD INCOME IN THE PAST 12 MONTHS (IN 2017 INFLATION-ADJUSTED DOLLARS)!!$20,000 to $24,999"
"S2503_C06_007E","Estimate!!Percent renter-occupied housing units!!Occupied housing units!!HOUSEHOLD INCOME IN THE PAST 12 MONTHS (IN 2017 INFLATION-ADJUSTED DOLLARS)!!$25,000 to $34,999"
"S2503_C06_007M","Margin of Error!!Percent renter-occupied housing units MOE!!Occupied housing units!!HOUSEHOLD INCOME IN THE PAST 12 MONTHS (IN 2017 INFLATION-ADJUSTED DOLLARS)!!$25,000 to $34,999"
"S2503_C06_008E","Estimate!!Percent renter-occupied housing units!!Occupied housing units!!HOUSEHOLD INCOME IN THE PAST 12 MONTHS (IN 2017 INFLATION-ADJUSTED DOLLARS)!!$35,000 to $49,999"
"S2503_C06_008M","Margin of Error!!Percent renter-occupied housing units MOE!!Occupied housing units!!HOUSEHOLD INCOME IN THE PAST 12 MONTHS (IN 2017 INFLATION-ADJUSTED DOLLARS)!!$35,000 to $49,999"
"S2503_C06_009E","Estimate!!Percent renter-occupied housing units!!Occupied housing units!!HOUSEHOLD INCOME IN THE PAST 12 MONTHS (IN 2017 INFLATION-ADJUSTED DOLLARS)!!$50,000 to $74,999"
"S2503_C06_009M","Margin of Error!!Percent renter-occupied housing units MOE!!Occupied housing units!!HOUSEHOLD INCOME IN THE PAST 12 MONTHS (IN 2017 INFLATION-ADJUSTED DOLLARS)!!$50,000 to $74,999"
"S2503_C06_010E","Estimate!!Percent renter-occupied housing units!!Occupied housing units!!HOUSEHOLD INCOME IN THE PAST 12 MONTHS (IN 2017 INFLATION-ADJUSTED DOLLARS)!!$75,000 to $99,999"
"S2503_C06_010M","Margin of Error!!Percent renter-occupied housing units MOE!!Occupied housing units!!HOUSEHOLD INCOME IN THE PAST 12 MONTHS (IN 2017 INFLATION-ADJUSTED DOLLARS)!!$75,000 to $99,999"
"S2503_C06_011E","Estimate!!Percent renter-occupied housing units!!Occupied housing units!!HOUSEHOLD INCOME IN THE PAST 12 MONTHS (IN 2017 INFLATION-ADJUSTED DOLLARS)!!$100,000 to $149,999"
"S2503_C06_011M","Margin of Error!!Percent renter-occupied housing units MOE!!Occupied housing units!!HOUSEHOLD INCOME IN THE PAST 12 MONTHS (IN 2017 INFLATION-ADJUSTED DOLLARS)!!$100,000 to $149,999"
"S2503_C06_012E","Estimate!!Percent renter-occupied housing units!!Occupied housing units!!HOUSEHOLD INCOME IN THE PAST 12 MONTHS (IN 2017 INFLATION-ADJUSTED DOLLARS)!!$150,000 or more"
"S2503_C06_012M","Margin of Error!!Percent renter-occupied housing units MOE!!Occupied housing units!!HOUSEHOLD INCOME IN THE PAST 12 MONTHS (IN 2017 INFLATION-ADJUSTED DOLLARS)!!$150,000 or more"
"S2503_C06_013E","Estimate!!Percent renter-occupied housing units!!Occupied housing units!!HOUSEHOLD INCOME IN THE PAST 12 MONTHS (IN 2017 INFLATION-ADJUSTED DOLLARS)!!Median household income (dollars)"
"S2503_C06_013M","Margin of Error!!Percent renter-occupied housing units MOE!!Occupied housing units!!HOUSEHOLD INCOME IN THE PAST 12 MONTHS (IN 2017 INFLATION-ADJUSTED DOLLARS)!!Median household income (dollars)"
"S2503_C06_014E","Estimate!!Percent renter-occupied housing units!!Occupied housing units!!MONTHLY HOUSING COSTS!!Less than $300"
"S2503_C06_014M","Margin of Error!!Percent renter-occupied housing units MOE!!Occupied housing units!!MONTHLY HOUSING COSTS!!Less than $300"
"S2503_C06_015E","Estimate!!Percent renter-occupied housing units!!Occupied housing units!!MONTHLY HOUSING COSTS!!$300 to $499"
"S2503_C06_015M","Margin of Error!!Percent renter-occupied housing units MOE!!Occupied housing units!!MONTHLY HOUSING COSTS!!$300 to $499"
"S2503_C06_016E","Estimate!!Percent renter-occupied housing units!!Occupied housing units!!MONTHLY HOUSING COSTS!!$500 to $799"
"S2503_C06_016M","Margin of Error!!Percent renter-occupied housing units MOE!!Occupied housing units!!MONTHLY HOUSING COSTS!!$500 to $799"
"S2503_C06_017E","Estimate!!Percent renter-occupied housing units!!Occupied housing units!!MONTHLY HOUSING COSTS!!$800 to $999"
"S2503_C06_017M","Margin of Error!!Percent renter-occupied housing units MOE!!Occupied housing units!!MONTHLY HOUSING COSTS!!$800 to $999"
"S2503_C06_018E","Estimate!!Percent renter-occupied housing units!!Occupied housing units!!MONTHLY HOUSING COSTS!!$1,000 to $1,499"
"S2503_C06_018M","Margin of Error!!Percent renter-occupied housing units MOE!!Occupied housing units!!MONTHLY HOUSING COSTS!!$1,000 to $1,499"
"S2503_C06_019E","Estimate!!Percent renter-occupied housing units!!Occupied housing units!!MONTHLY HOUSING COSTS!!$1,500 to $1,999"
"S2503_C06_019M","Margin of Error!!Percent renter-occupied housing units MOE!!Occupied housing units!!MONTHLY HOUSING COSTS!!$1,500 to $1,999"
"S2503_C06_020E","Estimate!!Percent renter-occupied housing units!!Occupied housing units!!MONTHLY HOUSING COSTS!!$2,000 to $2,499"
"S2503_C06_020M","Margin of Error!!Percent renter-occupied housing units MOE!!Occupied housing units!!MONTHLY HOUSING COSTS!!$2,000 to $2,499"
"S2503_C06_021E","Estimate!!Percent renter-occupied housing units!!Occupied housing units!!MONTHLY HOUSING COSTS!!$2,500 to $2,999"
"S2503_C06_021M","Margin of Error!!Percent renter-occupied housing units MOE!!Occupied housing units!!MONTHLY HOUSING COSTS!!$2,500 to $2,999"
"S2503_C06_022E","Estimate!!Percent renter-occupied housing units!!Occupied housing units!!MONTHLY HOUSING COSTS!!$3,000 or more"
"S2503_C06_022M","Margin of Error!!Percent renter-occupied housing units MOE!!Occupied housing units!!MONTHLY HOUSING COSTS!!$3,000 or more"
"S2503_C06_023E","Estimate!!Percent renter-occupied housing units!!Occupied housing units!!MONTHLY HOUSING COSTS!!No cash rent"
"S2503_C06_023M","Margin of Error!!Percent renter-occupied housing units MOE!!Occupied housing units!!MONTHLY HOUSING COSTS!!No cash rent"
"S2503_C06_024E","Estimate!!Percent renter-occupied housing units!!Occupied housing units!!MONTHLY HOUSING COSTS!!Median (dollars)"
"S2503_C06_024M","Margin of Error!!Percent renter-occupied housing units MOE!!Occupied housing units!!MONTHLY HOUSING COSTS!!Median (dollars)"
"S2503_C06_025E","Estimate!!Percent renter-occupied housing units!!Occupied housing units!!MONTHLY HOUSING COSTS AS A PERCENTAGE OF HOUSEHOLD INCOME IN THE PAST 12 MONTHS!!Less than $20,000"
"S2503_C06_025M","Margin of Error!!Percent renter-occupied housing units MOE!!Occupied housing units!!MONTHLY HOUSING COSTS AS A PERCENTAGE OF HOUSEHOLD INCOME IN THE PAST 12 MONTHS!!Less than $20,000"
"S2503_C06_026E","Estimate!!Percent renter-occupied housing units!!Occupied housing units!!MONTHLY HOUSING COSTS AS A PERCENTAGE OF HOUSEHOLD INCOME IN THE PAST 12 MONTHS!!Less than $20,000!!Less than 20 percent"
"S2503_C06_026M","Margin of Error!!Percent renter-occupied housing units MOE!!Occupied housing units!!MONTHLY HOUSING COSTS AS A PERCENTAGE OF HOUSEHOLD INCOME IN THE PAST 12 MONTHS!!Less than $20,000!!Less than 20 percent"
"S2503_C06_027E","Estimate!!Percent renter-occupied housing units!!Occupied housing units!!MONTHLY HOUSING COSTS AS A PERCENTAGE OF HOUSEHOLD INCOME IN THE PAST 12 MONTHS!!Less than $20,000!!20 to 29 percent"
"S2503_C06_027M","Margin of Error!!Percent renter-occupied housing units MOE!!Occupied housing units!!MONTHLY HOUSING COSTS AS A PERCENTAGE OF HOUSEHOLD INCOME IN THE PAST 12 MONTHS!!Less than $20,000!!20 to 29 percent"
"S2503_C06_028E","Estimate!!Percent renter-occupied housing units!!Occupied housing units!!MONTHLY HOUSING COSTS AS A PERCENTAGE OF HOUSEHOLD INCOME IN THE PAST 12 MONTHS!!Less than $20,000!!30 percent or more"
"S2503_C06_028M","Margin of Error!!Percent renter-occupied housing units MOE!!Occupied housing units!!MONTHLY HOUSING COSTS AS A PERCENTAGE OF HOUSEHOLD INCOME IN THE PAST 12 MONTHS!!Less than $20,000!!30 percent or more"
"S2503_C06_029E","Estimate!!Percent renter-occupied housing units!!Occupied housing units!!MONTHLY HOUSING COSTS AS A PERCENTAGE OF HOUSEHOLD INCOME IN THE PAST 12 MONTHS!!$20,000 to $34,999"
"S2503_C06_029M","Margin of Error!!Percent renter-occupied housing units MOE!!Occupied housing units!!MONTHLY HOUSING COSTS AS A PERCENTAGE OF HOUSEHOLD INCOME IN THE PAST 12 MONTHS!!$20,000 to $34,999"
"S2503_C06_030E","Estimate!!Percent renter-occupied housing units!!Occupied housing units!!MONTHLY HOUSING COSTS AS A PERCENTAGE OF HOUSEHOLD INCOME IN THE PAST 12 MONTHS!!$20,000 to $34,999!!Less than 20 percent"
"S2503_C06_030M","Margin of Error!!Percent renter-occupied housing units MOE!!Occupied housing units!!MONTHLY HOUSING COSTS AS A PERCENTAGE OF HOUSEHOLD INCOME IN THE PAST 12 MONTHS!!$20,000 to $34,999!!Less than 20 percent"
"S2503_C06_031E","Estimate!!Percent renter-occupied housing units!!Occupied housing units!!MONTHLY HOUSING COSTS AS A PERCENTAGE OF HOUSEHOLD INCOME IN THE PAST 12 MONTHS!!$20,000 to $34,999!!20 to 29 percent"
"S2503_C06_031M","Margin of Error!!Percent renter-occupied housing units MOE!!Occupied housing units!!MONTHLY HOUSING COSTS AS A PERCENTAGE OF HOUSEHOLD INCOME IN THE PAST 12 MONTHS!!$20,000 to $34,999!!20 to 29 percent"
"S2503_C06_032E","Estimate!!Percent renter-occupied housing units!!Occupied housing units!!MONTHLY HOUSING COSTS AS A PERCENTAGE OF HOUSEHOLD INCOME IN THE PAST 12 MONTHS!!$20,000 to $34,999!!30 percent or more"
"S2503_C06_032M","Margin of Error!!Percent renter-occupied housing units MOE!!Occupied housing units!!MONTHLY HOUSING COSTS AS A PERCENTAGE OF HOUSEHOLD INCOME IN THE PAST 12 MONTHS!!$20,000 to $34,999!!30 percent or more"
"S2503_C06_033E","Estimate!!Percent renter-occupied housing units!!Occupied housing units!!MONTHLY HOUSING COSTS AS A PERCENTAGE OF HOUSEHOLD INCOME IN THE PAST 12 MONTHS!!$35,000 to $49,999"
"S2503_C06_033M","Margin of Error!!Percent renter-occupied housing units MOE!!Occupied housing units!!MONTHLY HOUSING COSTS AS A PERCENTAGE OF HOUSEHOLD INCOME IN THE PAST 12 MONTHS!!$35,000 to $49,999"
"S2503_C06_034E","Estimate!!Percent renter-occupied housing units!!Occupied housing units!!MONTHLY HOUSING COSTS AS A PERCENTAGE OF HOUSEHOLD INCOME IN THE PAST 12 MONTHS!!$35,000 to $49,999!!Less than 20 percent"
"S2503_C06_034M","Margin of Error!!Percent renter-occupied housing units MOE!!Occupied housing units!!MONTHLY HOUSING COSTS AS A PERCENTAGE OF HOUSEHOLD INCOME IN THE PAST 12 MONTHS!!$35,000 to $49,999!!Less than 20 percent"
"S2503_C06_035E","Estimate!!Percent renter-occupied housing units!!Occupied housing units!!MONTHLY HOUSING COSTS AS A PERCENTAGE OF HOUSEHOLD INCOME IN THE PAST 12 MONTHS!!$35,000 to $49,999!!20 to 29 percent"
"S2503_C06_035M","Margin of Error!!Percent renter-occupied housing units MOE!!Occupied housing units!!MONTHLY HOUSING COSTS AS A PERCENTAGE OF HOUSEHOLD INCOME IN THE PAST 12 MONTHS!!$35,000 to $49,999!!20 to 29 percent"
"S2503_C06_036E","Estimate!!Percent renter-occupied housing units!!Occupied housing units!!MONTHLY HOUSING COSTS AS A PERCENTAGE OF HOUSEHOLD INCOME IN THE PAST 12 MONTHS!!$35,000 to $49,999!!30 percent or more"
"S2503_C06_036M","Margin of Error!!Percent renter-occupied housing units MOE!!Occupied housing units!!MONTHLY HOUSING COSTS AS A PERCENTAGE OF HOUSEHOLD INCOME IN THE PAST 12 MONTHS!!$35,000 to $49,999!!30 percent or more"
"S2503_C06_037E","Estimate!!Percent renter-occupied housing units!!Occupied housing units!!MONTHLY HOUSING COSTS AS A PERCENTAGE OF HOUSEHOLD INCOME IN THE PAST 12 MONTHS!!$50,000 to $74,999"
"S2503_C06_037M","Margin of Error!!Percent renter-occupied housing units MOE!!Occupied housing units!!MONTHLY HOUSING COSTS AS A PERCENTAGE OF HOUSEHOLD INCOME IN THE PAST 12 MONTHS!!$50,000 to $74,999"
"S2503_C06_038E","Estimate!!Percent renter-occupied housing units!!Occupied housing units!!MONTHLY HOUSING COSTS AS A PERCENTAGE OF HOUSEHOLD INCOME IN THE PAST 12 MONTHS!!$50,000 to $74,999!!Less than 20 percent"
"S2503_C06_038M","Margin of Error!!Percent renter-occupied housing units MOE!!Occupied housing units!!MONTHLY HOUSING COSTS AS A PERCENTAGE OF HOUSEHOLD INCOME IN THE PAST 12 MONTHS!!$50,000 to $74,999!!Less than 20 percent"
"S2503_C06_039E","Estimate!!Percent renter-occupied housing units!!Occupied housing units!!MONTHLY HOUSING COSTS AS A PERCENTAGE OF HOUSEHOLD INCOME IN THE PAST 12 MONTHS!!$50,000 to $74,999!!20 to 29 percent"
"S2503_C06_039M","Margin of Error!!Percent renter-occupied housing units MOE!!Occupied housing units!!MONTHLY HOUSING COSTS AS A PERCENTAGE OF HOUSEHOLD INCOME IN THE PAST 12 MONTHS!!$50,000 to $74,999!!20 to 29 percent"
"S2503_C06_040E","Estimate!!Percent renter-occupied housing units!!Occupied housing units!!MONTHLY HOUSING COSTS AS A PERCENTAGE OF HOUSEHOLD INCOME IN THE PAST 12 MONTHS!!$50,000 to $74,999!!30 percent or more"
"S2503_C06_040M","Margin of Error!!Percent renter-occupied housing units MOE!!Occupied housing units!!MONTHLY HOUSING COSTS AS A PERCENTAGE OF HOUSEHOLD INCOME IN THE PAST 12 MONTHS!!$50,000 to $74,999!!30 percent or more"
"S2503_C06_041E","Estimate!!Percent renter-occupied housing units!!Occupied housing units!!MONTHLY HOUSING COSTS AS A PERCENTAGE OF HOUSEHOLD INCOME IN THE PAST 12 MONTHS!!$75,000 or more"
"S2503_C06_041M","Margin of Error!!Percent renter-occupied housing units MOE!!Occupied housing units!!MONTHLY HOUSING COSTS AS A PERCENTAGE OF HOUSEHOLD INCOME IN THE PAST 12 MONTHS!!$75,000 or more"
"S2503_C06_042E","Estimate!!Percent renter-occupied housing units!!Occupied housing units!!MONTHLY HOUSING COSTS AS A PERCENTAGE OF HOUSEHOLD INCOME IN THE PAST 12 MONTHS!!$75,000 or more!!Less than 20 percent"
"S2503_C06_042M","Margin of Error!!Percent renter-occupied housing units MOE!!Occupied housing units!!MONTHLY HOUSING COSTS AS A PERCENTAGE OF HOUSEHOLD INCOME IN THE PAST 12 MONTHS!!$75,000 or more!!Less than 20 percent"
"S2503_C06_043E","Estimate!!Percent renter-occupied housing units!!Occupied housing units!!MONTHLY HOUSING COSTS AS A PERCENTAGE OF HOUSEHOLD INCOME IN THE PAST 12 MONTHS!!$75,000 or more!!20 to 29 percent"
"S2503_C06_043M","Margin of Error!!Percent renter-occupied housing units MOE!!Occupied housing units!!MONTHLY HOUSING COSTS AS A PERCENTAGE OF HOUSEHOLD INCOME IN THE PAST 12 MONTHS!!$75,000 or more!!20 to 29 percent"
"S2503_C06_044E","Estimate!!Percent renter-occupied housing units!!Occupied housing units!!MONTHLY HOUSING COSTS AS A PERCENTAGE OF HOUSEHOLD INCOME IN THE PAST 12 MONTHS!!$75,000 or more!!30 percent or more"
"S2503_C06_044M","Margin of Error!!Percent renter-occupied housing units MOE!!Occupied housing units!!MONTHLY HOUSING COSTS AS A PERCENTAGE OF HOUSEHOLD INCOME IN THE PAST 12 MONTHS!!$75,000 or more!!30 percent or more"
"S2503_C06_045E","Estimate!!Percent renter-occupied housing units!!Occupied housing units!!MONTHLY HOUSING COSTS AS A PERCENTAGE OF HOUSEHOLD INCOME IN THE PAST 12 MONTHS!!Zero or negative income"
"S2503_C06_045M","Margin of Error!!Percent renter-occupied housing units MOE!!Occupied housing units!!MONTHLY HOUSING COSTS AS A PERCENTAGE OF HOUSEHOLD INCOME IN THE PAST 12 MONTHS!!Zero or negative income"
"S2503_C06_046E","Estimate!!Percent renter-occupied housing units!!Occupied housing units!!MONTHLY HOUSING COSTS AS A PERCENTAGE OF HOUSEHOLD INCOME IN THE PAST 12 MONTHS!!No cash rent"
"S2503_C06_046M","Margin of Error!!Percent renter-occupied housing units MOE!!Occupied housing units!!MONTHLY HOUSING COSTS AS A PERCENTAGE OF HOUSEHOLD INCOME IN THE PAST 12 MONTHS!!No cash rent"
