"Column Name","Label"
"GEO_ID","Geography"
"NAME","Geographic Area Name"
"S2403_C01_001E","Total!!Estimate!!Civilian employed population 16 years and over"
"S2403_C01_001M","Total!!Margin of Error!!Civilian employed population 16 years and over"
"S2403_C02_001E","Male!!Estimate!!Civilian employed population 16 years and over"
"S2403_C02_001M","Male!!Margin of Error!!Civilian employed population 16 years and over"
"S2403_C03_001E","Female!!Estimate!!Civilian employed population 16 years and over"
"S2403_C03_001M","Female!!Margin of Error!!Civilian employed population 16 years and over"
"S2403_C04_001E","Median earnings (dollars)!!Estimate!!Civilian employed population 16 years and over"
"S2403_C04_001M","Median earnings (dollars)!!Margin of Error!!Civilian employed population 16 years and over"
"S2403_C05_001E","Median earnings (dollars) for male!!Estimate!!Civilian employed population 16 years and over"
"S2403_C05_001M","Median earnings (dollars) for male!!Margin of Error!!Civilian employed population 16 years and over"
"S2403_C06_001E","Median earnings (dollars) for female!!Estimate!!Civilian employed population 16 years and over"
"S2403_C06_001M","Median earnings (dollars) for female!!Margin of Error!!Civilian employed population 16 years and over"
"S2403_C01_002E","Total!!Estimate!!Agriculture, forestry, fishing and hunting, and mining"
"S2403_C01_002M","Total!!Margin of Error!!Agriculture, forestry, fishing and hunting, and mining"
"S2403_C02_002E","Male!!Estimate!!Agriculture, forestry, fishing and hunting, and mining"
"S2403_C02_002M","Male!!Margin of Error!!Agriculture, forestry, fishing and hunting, and mining"
"S2403_C03_002E","Female!!Estimate!!Agriculture, forestry, fishing and hunting, and mining"
"S2403_C03_002M","Female!!Margin of Error!!Agriculture, forestry, fishing and hunting, and mining"
"S2403_C04_002E","Median earnings (dollars)!!Estimate!!Agriculture, forestry, fishing and hunting, and mining"
"S2403_C04_002M","Median earnings (dollars)!!Margin of Error!!Agriculture, forestry, fishing and hunting, and mining"
"S2403_C05_002E","Median earnings (dollars) for male!!Estimate!!Agriculture, forestry, fishing and hunting, and mining"
"S2403_C05_002M","Median earnings (dollars) for male!!Margin of Error!!Agriculture, forestry, fishing and hunting, and mining"
"S2403_C06_002E","Median earnings (dollars) for female!!Estimate!!Agriculture, forestry, fishing and hunting, and mining"
"S2403_C06_002M","Median earnings (dollars) for female!!Margin of Error!!Agriculture, forestry, fishing and hunting, and mining"
"S2403_C01_003E","Total!!Estimate!!Agriculture, forestry, fishing and hunting, and mining!!Agriculture, forestry, fishing and hunting"
"S2403_C01_003M","Total!!Margin of Error!!Agriculture, forestry, fishing and hunting, and mining!!Agriculture, forestry, fishing and hunting"
"S2403_C02_003E","Male!!Estimate!!Agriculture, forestry, fishing and hunting, and mining!!Agriculture, forestry, fishing and hunting"
"S2403_C02_003M","Male!!Margin of Error!!Agriculture, forestry, fishing and hunting, and mining!!Agriculture, forestry, fishing and hunting"
"S2403_C03_003E","Female!!Estimate!!Agriculture, forestry, fishing and hunting, and mining!!Agriculture, forestry, fishing and hunting"
"S2403_C03_003M","Female!!Margin of Error!!Agriculture, forestry, fishing and hunting, and mining!!Agriculture, forestry, fishing and hunting"
"S2403_C04_003E","Median earnings (dollars)!!Estimate!!Agriculture, forestry, fishing and hunting, and mining!!Agriculture, forestry, fishing and hunting"
"S2403_C04_003M","Median earnings (dollars)!!Margin of Error!!Agriculture, forestry, fishing and hunting, and mining!!Agriculture, forestry, fishing and hunting"
"S2403_C05_003E","Median earnings (dollars) for male!!Estimate!!Agriculture, forestry, fishing and hunting, and mining!!Agriculture, forestry, fishing and hunting"
"S2403_C05_003M","Median earnings (dollars) for male!!Margin of Error!!Agriculture, forestry, fishing and hunting, and mining!!Agriculture, forestry, fishing and hunting"
"S2403_C06_003E","Median earnings (dollars) for female!!Estimate!!Agriculture, forestry, fishing and hunting, and mining!!Agriculture, forestry, fishing and hunting"
"S2403_C06_003M","Median earnings (dollars) for female!!Margin of Error!!Agriculture, forestry, fishing and hunting, and mining!!Agriculture, forestry, fishing and hunting"
"S2403_C01_004E","Total!!Estimate!!Agriculture, forestry, fishing and hunting, and mining!!Mining, quarrying, and oil and gas extraction"
"S2403_C01_004M","Total!!Margin of Error!!Agriculture, forestry, fishing and hunting, and mining!!Mining, quarrying, and oil and gas extraction"
"S2403_C02_004E","Male!!Estimate!!Agriculture, forestry, fishing and hunting, and mining!!Mining, quarrying, and oil and gas extraction"
"S2403_C02_004M","Male!!Margin of Error!!Agriculture, forestry, fishing and hunting, and mining!!Mining, quarrying, and oil and gas extraction"
"S2403_C03_004E","Female!!Estimate!!Agriculture, forestry, fishing and hunting, and mining!!Mining, quarrying, and oil and gas extraction"
"S2403_C03_004M","Female!!Margin of Error!!Agriculture, forestry, fishing and hunting, and mining!!Mining, quarrying, and oil and gas extraction"
"S2403_C04_004E","Median earnings (dollars)!!Estimate!!Agriculture, forestry, fishing and hunting, and mining!!Mining, quarrying, and oil and gas extraction"
"S2403_C04_004M","Median earnings (dollars)!!Margin of Error!!Agriculture, forestry, fishing and hunting, and mining!!Mining, quarrying, and oil and gas extraction"
"S2403_C05_004E","Median earnings (dollars) for male!!Estimate!!Agriculture, forestry, fishing and hunting, and mining!!Mining, quarrying, and oil and gas extraction"
"S2403_C05_004M","Median earnings (dollars) for male!!Margin of Error!!Agriculture, forestry, fishing and hunting, and mining!!Mining, quarrying, and oil and gas extraction"
"S2403_C06_004E","Median earnings (dollars) for female!!Estimate!!Agriculture, forestry, fishing and hunting, and mining!!Mining, quarrying, and oil and gas extraction"
"S2403_C06_004M","Median earnings (dollars) for female!!Margin of Error!!Agriculture, forestry, fishing and hunting, and mining!!Mining, quarrying, and oil and gas extraction"
"S2403_C01_005E","Total!!Estimate!!Construction"
"S2403_C01_005M","Total!!Margin of Error!!Construction"
"S2403_C02_005E","Male!!Estimate!!Construction"
"S2403_C02_005M","Male!!Margin of Error!!Construction"
"S2403_C03_005E","Female!!Estimate!!Construction"
"S2403_C03_005M","Female!!Margin of Error!!Construction"
"S2403_C04_005E","Median earnings (dollars)!!Estimate!!Construction"
"S2403_C04_005M","Median earnings (dollars)!!Margin of Error!!Construction"
"S2403_C05_005E","Median earnings (dollars) for male!!Estimate!!Construction"
"S2403_C05_005M","Median earnings (dollars) for male!!Margin of Error!!Construction"
"S2403_C06_005E","Median earnings (dollars) for female!!Estimate!!Construction"
"S2403_C06_005M","Median earnings (dollars) for female!!Margin of Error!!Construction"
"S2403_C01_006E","Total!!Estimate!!Manufacturing"
"S2403_C01_006M","Total!!Margin of Error!!Manufacturing"
"S2403_C02_006E","Male!!Estimate!!Manufacturing"
"S2403_C02_006M","Male!!Margin of Error!!Manufacturing"
"S2403_C03_006E","Female!!Estimate!!Manufacturing"
"S2403_C03_006M","Female!!Margin of Error!!Manufacturing"
"S2403_C04_006E","Median earnings (dollars)!!Estimate!!Manufacturing"
"S2403_C04_006M","Median earnings (dollars)!!Margin of Error!!Manufacturing"
"S2403_C05_006E","Median earnings (dollars) for male!!Estimate!!Manufacturing"
"S2403_C05_006M","Median earnings (dollars) for male!!Margin of Error!!Manufacturing"
"S2403_C06_006E","Median earnings (dollars) for female!!Estimate!!Manufacturing"
"S2403_C06_006M","Median earnings (dollars) for female!!Margin of Error!!Manufacturing"
"S2403_C01_007E","Total!!Estimate!!Wholesale trade"
"S2403_C01_007M","Total!!Margin of Error!!Wholesale trade"
"S2403_C02_007E","Male!!Estimate!!Wholesale trade"
"S2403_C02_007M","Male!!Margin of Error!!Wholesale trade"
"S2403_C03_007E","Female!!Estimate!!Wholesale trade"
"S2403_C03_007M","Female!!Margin of Error!!Wholesale trade"
"S2403_C04_007E","Median earnings (dollars)!!Estimate!!Wholesale trade"
"S2403_C04_007M","Median earnings (dollars)!!Margin of Error!!Wholesale trade"
"S2403_C05_007E","Median earnings (dollars) for male!!Estimate!!Wholesale trade"
"S2403_C05_007M","Median earnings (dollars) for male!!Margin of Error!!Wholesale trade"
"S2403_C06_007E","Median earnings (dollars) for female!!Estimate!!Wholesale trade"
"S2403_C06_007M","Median earnings (dollars) for female!!Margin of Error!!Wholesale trade"
"S2403_C01_008E","Total!!Estimate!!Retail trade"
"S2403_C01_008M","Total!!Margin of Error!!Retail trade"
"S2403_C02_008E","Male!!Estimate!!Retail trade"
"S2403_C02_008M","Male!!Margin of Error!!Retail trade"
"S2403_C03_008E","Female!!Estimate!!Retail trade"
"S2403_C03_008M","Female!!Margin of Error!!Retail trade"
"S2403_C04_008E","Median earnings (dollars)!!Estimate!!Retail trade"
"S2403_C04_008M","Median earnings (dollars)!!Margin of Error!!Retail trade"
"S2403_C05_008E","Median earnings (dollars) for male!!Estimate!!Retail trade"
"S2403_C05_008M","Median earnings (dollars) for male!!Margin of Error!!Retail trade"
"S2403_C06_008E","Median earnings (dollars) for female!!Estimate!!Retail trade"
"S2403_C06_008M","Median earnings (dollars) for female!!Margin of Error!!Retail trade"
"S2403_C01_009E","Total!!Estimate!!Transportation and warehousing, and utilities"
"S2403_C01_009M","Total!!Margin of Error!!Transportation and warehousing, and utilities"
"S2403_C02_009E","Male!!Estimate!!Transportation and warehousing, and utilities"
"S2403_C02_009M","Male!!Margin of Error!!Transportation and warehousing, and utilities"
"S2403_C03_009E","Female!!Estimate!!Transportation and warehousing, and utilities"
"S2403_C03_009M","Female!!Margin of Error!!Transportation and warehousing, and utilities"
"S2403_C04_009E","Median earnings (dollars)!!Estimate!!Transportation and warehousing, and utilities"
"S2403_C04_009M","Median earnings (dollars)!!Margin of Error!!Transportation and warehousing, and utilities"
"S2403_C05_009E","Median earnings (dollars) for male!!Estimate!!Transportation and warehousing, and utilities"
"S2403_C05_009M","Median earnings (dollars) for male!!Margin of Error!!Transportation and warehousing, and utilities"
"S2403_C06_009E","Median earnings (dollars) for female!!Estimate!!Transportation and warehousing, and utilities"
"S2403_C06_009M","Median earnings (dollars) for female!!Margin of Error!!Transportation and warehousing, and utilities"
"S2403_C01_010E","Total!!Estimate!!Transportation and warehousing, and utilities!!Transportation and warehousing"
"S2403_C01_010M","Total!!Margin of Error!!Transportation and warehousing, and utilities!!Transportation and warehousing"
"S2403_C02_010E","Male!!Estimate!!Transportation and warehousing, and utilities!!Transportation and warehousing"
"S2403_C02_010M","Male!!Margin of Error!!Transportation and warehousing, and utilities!!Transportation and warehousing"
"S2403_C03_010E","Female!!Estimate!!Transportation and warehousing, and utilities!!Transportation and warehousing"
"S2403_C03_010M","Female!!Margin of Error!!Transportation and warehousing, and utilities!!Transportation and warehousing"
"S2403_C04_010E","Median earnings (dollars)!!Estimate!!Transportation and warehousing, and utilities!!Transportation and warehousing"
"S2403_C04_010M","Median earnings (dollars)!!Margin of Error!!Transportation and warehousing, and utilities!!Transportation and warehousing"
"S2403_C05_010E","Median earnings (dollars) for male!!Estimate!!Transportation and warehousing, and utilities!!Transportation and warehousing"
"S2403_C05_010M","Median earnings (dollars) for male!!Margin of Error!!Transportation and warehousing, and utilities!!Transportation and warehousing"
"S2403_C06_010E","Median earnings (dollars) for female!!Estimate!!Transportation and warehousing, and utilities!!Transportation and warehousing"
"S2403_C06_010M","Median earnings (dollars) for female!!Margin of Error!!Transportation and warehousing, and utilities!!Transportation and warehousing"
"S2403_C01_011E","Total!!Estimate!!Transportation and warehousing, and utilities!!Utilities"
"S2403_C01_011M","Total!!Margin of Error!!Transportation and warehousing, and utilities!!Utilities"
"S2403_C02_011E","Male!!Estimate!!Transportation and warehousing, and utilities!!Utilities"
"S2403_C02_011M","Male!!Margin of Error!!Transportation and warehousing, and utilities!!Utilities"
"S2403_C03_011E","Female!!Estimate!!Transportation and warehousing, and utilities!!Utilities"
"S2403_C03_011M","Female!!Margin of Error!!Transportation and warehousing, and utilities!!Utilities"
"S2403_C04_011E","Median earnings (dollars)!!Estimate!!Transportation and warehousing, and utilities!!Utilities"
"S2403_C04_011M","Median earnings (dollars)!!Margin of Error!!Transportation and warehousing, and utilities!!Utilities"
"S2403_C05_011E","Median earnings (dollars) for male!!Estimate!!Transportation and warehousing, and utilities!!Utilities"
"S2403_C05_011M","Median earnings (dollars) for male!!Margin of Error!!Transportation and warehousing, and utilities!!Utilities"
"S2403_C06_011E","Median earnings (dollars) for female!!Estimate!!Transportation and warehousing, and utilities!!Utilities"
"S2403_C06_011M","Median earnings (dollars) for female!!Margin of Error!!Transportation and warehousing, and utilities!!Utilities"
"S2403_C01_012E","Total!!Estimate!!Information"
"S2403_C01_012M","Total!!Margin of Error!!Information"
"S2403_C02_012E","Male!!Estimate!!Information"
"S2403_C02_012M","Male!!Margin of Error!!Information"
"S2403_C03_012E","Female!!Estimate!!Information"
"S2403_C03_012M","Female!!Margin of Error!!Information"
"S2403_C04_012E","Median earnings (dollars)!!Estimate!!Information"
"S2403_C04_012M","Median earnings (dollars)!!Margin of Error!!Information"
"S2403_C05_012E","Median earnings (dollars) for male!!Estimate!!Information"
"S2403_C05_012M","Median earnings (dollars) for male!!Margin of Error!!Information"
"S2403_C06_012E","Median earnings (dollars) for female!!Estimate!!Information"
"S2403_C06_012M","Median earnings (dollars) for female!!Margin of Error!!Information"
"S2403_C01_013E","Total!!Estimate!!Finance and insurance, and real estate and rental and leasing"
"S2403_C01_013M","Total!!Margin of Error!!Finance and insurance, and real estate and rental and leasing"
"S2403_C02_013E","Male!!Estimate!!Finance and insurance, and real estate and rental and leasing"
"S2403_C02_013M","Male!!Margin of Error!!Finance and insurance, and real estate and rental and leasing"
"S2403_C03_013E","Female!!Estimate!!Finance and insurance, and real estate and rental and leasing"
"S2403_C03_013M","Female!!Margin of Error!!Finance and insurance, and real estate and rental and leasing"
"S2403_C04_013E","Median earnings (dollars)!!Estimate!!Finance and insurance, and real estate and rental and leasing"
"S2403_C04_013M","Median earnings (dollars)!!Margin of Error!!Finance and insurance, and real estate and rental and leasing"
"S2403_C05_013E","Median earnings (dollars) for male!!Estimate!!Finance and insurance, and real estate and rental and leasing"
"S2403_C05_013M","Median earnings (dollars) for male!!Margin of Error!!Finance and insurance, and real estate and rental and leasing"
"S2403_C06_013E","Median earnings (dollars) for female!!Estimate!!Finance and insurance, and real estate and rental and leasing"
"S2403_C06_013M","Median earnings (dollars) for female!!Margin of Error!!Finance and insurance, and real estate and rental and leasing"
"S2403_C01_014E","Total!!Estimate!!Finance and insurance, and real estate and rental and leasing!!Finance and insurance"
"S2403_C01_014M","Total!!Margin of Error!!Finance and insurance, and real estate and rental and leasing!!Finance and insurance"
"S2403_C02_014E","Male!!Estimate!!Finance and insurance, and real estate and rental and leasing!!Finance and insurance"
"S2403_C02_014M","Male!!Margin of Error!!Finance and insurance, and real estate and rental and leasing!!Finance and insurance"
"S2403_C03_014E","Female!!Estimate!!Finance and insurance, and real estate and rental and leasing!!Finance and insurance"
"S2403_C03_014M","Female!!Margin of Error!!Finance and insurance, and real estate and rental and leasing!!Finance and insurance"
"S2403_C04_014E","Median earnings (dollars)!!Estimate!!Finance and insurance, and real estate and rental and leasing!!Finance and insurance"
"S2403_C04_014M","Median earnings (dollars)!!Margin of Error!!Finance and insurance, and real estate and rental and leasing!!Finance and insurance"
"S2403_C05_014E","Median earnings (dollars) for male!!Estimate!!Finance and insurance, and real estate and rental and leasing!!Finance and insurance"
"S2403_C05_014M","Median earnings (dollars) for male!!Margin of Error!!Finance and insurance, and real estate and rental and leasing!!Finance and insurance"
"S2403_C06_014E","Median earnings (dollars) for female!!Estimate!!Finance and insurance, and real estate and rental and leasing!!Finance and insurance"
"S2403_C06_014M","Median earnings (dollars) for female!!Margin of Error!!Finance and insurance, and real estate and rental and leasing!!Finance and insurance"
"S2403_C01_015E","Total!!Estimate!!Finance and insurance, and real estate and rental and leasing!!Real estate and rental and leasing"
"S2403_C01_015M","Total!!Margin of Error!!Finance and insurance, and real estate and rental and leasing!!Real estate and rental and leasing"
"S2403_C02_015E","Male!!Estimate!!Finance and insurance, and real estate and rental and leasing!!Real estate and rental and leasing"
"S2403_C02_015M","Male!!Margin of Error!!Finance and insurance, and real estate and rental and leasing!!Real estate and rental and leasing"
"S2403_C03_015E","Female!!Estimate!!Finance and insurance, and real estate and rental and leasing!!Real estate and rental and leasing"
"S2403_C03_015M","Female!!Margin of Error!!Finance and insurance, and real estate and rental and leasing!!Real estate and rental and leasing"
"S2403_C04_015E","Median earnings (dollars)!!Estimate!!Finance and insurance, and real estate and rental and leasing!!Real estate and rental and leasing"
"S2403_C04_015M","Median earnings (dollars)!!Margin of Error!!Finance and insurance, and real estate and rental and leasing!!Real estate and rental and leasing"
"S2403_C05_015E","Median earnings (dollars) for male!!Estimate!!Finance and insurance, and real estate and rental and leasing!!Real estate and rental and leasing"
"S2403_C05_015M","Median earnings (dollars) for male!!Margin of Error!!Finance and insurance, and real estate and rental and leasing!!Real estate and rental and leasing"
"S2403_C06_015E","Median earnings (dollars) for female!!Estimate!!Finance and insurance, and real estate and rental and leasing!!Real estate and rental and leasing"
"S2403_C06_015M","Median earnings (dollars) for female!!Margin of Error!!Finance and insurance, and real estate and rental and leasing!!Real estate and rental and leasing"
"S2403_C01_016E","Total!!Estimate!!Professional, scientific, and management, and administrative and waste management services"
"S2403_C01_016M","Total!!Margin of Error!!Professional, scientific, and management, and administrative and waste management services"
"S2403_C02_016E","Male!!Estimate!!Professional, scientific, and management, and administrative and waste management services"
"S2403_C02_016M","Male!!Margin of Error!!Professional, scientific, and management, and administrative and waste management services"
"S2403_C03_016E","Female!!Estimate!!Professional, scientific, and management, and administrative and waste management services"
"S2403_C03_016M","Female!!Margin of Error!!Professional, scientific, and management, and administrative and waste management services"
"S2403_C04_016E","Median earnings (dollars)!!Estimate!!Professional, scientific, and management, and administrative and waste management services"
"S2403_C04_016M","Median earnings (dollars)!!Margin of Error!!Professional, scientific, and management, and administrative and waste management services"
"S2403_C05_016E","Median earnings (dollars) for male!!Estimate!!Professional, scientific, and management, and administrative and waste management services"
"S2403_C05_016M","Median earnings (dollars) for male!!Margin of Error!!Professional, scientific, and management, and administrative and waste management services"
"S2403_C06_016E","Median earnings (dollars) for female!!Estimate!!Professional, scientific, and management, and administrative and waste management services"
"S2403_C06_016M","Median earnings (dollars) for female!!Margin of Error!!Professional, scientific, and management, and administrative and waste management services"
"S2403_C01_017E","Total!!Estimate!!Professional, scientific, and management, and administrative and waste management services!!Professional, scientific, and technical services"
"S2403_C01_017M","Total!!Margin of Error!!Professional, scientific, and management, and administrative and waste management services!!Professional, scientific, and technical services"
"S2403_C02_017E","Male!!Estimate!!Professional, scientific, and management, and administrative and waste management services!!Professional, scientific, and technical services"
"S2403_C02_017M","Male!!Margin of Error!!Professional, scientific, and management, and administrative and waste management services!!Professional, scientific, and technical services"
"S2403_C03_017E","Female!!Estimate!!Professional, scientific, and management, and administrative and waste management services!!Professional, scientific, and technical services"
"S2403_C03_017M","Female!!Margin of Error!!Professional, scientific, and management, and administrative and waste management services!!Professional, scientific, and technical services"
"S2403_C04_017E","Median earnings (dollars)!!Estimate!!Professional, scientific, and management, and administrative and waste management services!!Professional, scientific, and technical services"
"S2403_C04_017M","Median earnings (dollars)!!Margin of Error!!Professional, scientific, and management, and administrative and waste management services!!Professional, scientific, and technical services"
"S2403_C05_017E","Median earnings (dollars) for male!!Estimate!!Professional, scientific, and management, and administrative and waste management services!!Professional, scientific, and technical services"
"S2403_C05_017M","Median earnings (dollars) for male!!Margin of Error!!Professional, scientific, and management, and administrative and waste management services!!Professional, scientific, and technical services"
"S2403_C06_017E","Median earnings (dollars) for female!!Estimate!!Professional, scientific, and management, and administrative and waste management services!!Professional, scientific, and technical services"
"S2403_C06_017M","Median earnings (dollars) for female!!Margin of Error!!Professional, scientific, and management, and administrative and waste management services!!Professional, scientific, and technical services"
"S2403_C01_018E","Total!!Estimate!!Professional, scientific, and management, and administrative and waste management services!!Management of companies and enterprises"
"S2403_C01_018M","Total!!Margin of Error!!Professional, scientific, and management, and administrative and waste management services!!Management of companies and enterprises"
"S2403_C02_018E","Male!!Estimate!!Professional, scientific, and management, and administrative and waste management services!!Management of companies and enterprises"
"S2403_C02_018M","Male!!Margin of Error!!Professional, scientific, and management, and administrative and waste management services!!Management of companies and enterprises"
"S2403_C03_018E","Female!!Estimate!!Professional, scientific, and management, and administrative and waste management services!!Management of companies and enterprises"
"S2403_C03_018M","Female!!Margin of Error!!Professional, scientific, and management, and administrative and waste management services!!Management of companies and enterprises"
"S2403_C04_018E","Median earnings (dollars)!!Estimate!!Professional, scientific, and management, and administrative and waste management services!!Management of companies and enterprises"
"S2403_C04_018M","Median earnings (dollars)!!Margin of Error!!Professional, scientific, and management, and administrative and waste management services!!Management of companies and enterprises"
"S2403_C05_018E","Median earnings (dollars) for male!!Estimate!!Professional, scientific, and management, and administrative and waste management services!!Management of companies and enterprises"
"S2403_C05_018M","Median earnings (dollars) for male!!Margin of Error!!Professional, scientific, and management, and administrative and waste management services!!Management of companies and enterprises"
"S2403_C06_018E","Median earnings (dollars) for female!!Estimate!!Professional, scientific, and management, and administrative and waste management services!!Management of companies and enterprises"
"S2403_C06_018M","Median earnings (dollars) for female!!Margin of Error!!Professional, scientific, and management, and administrative and waste management services!!Management of companies and enterprises"
"S2403_C01_019E","Total!!Estimate!!Professional, scientific, and management, and administrative and waste management services!!Administrative and support and waste management services"
"S2403_C01_019M","Total!!Margin of Error!!Professional, scientific, and management, and administrative and waste management services!!Administrative and support and waste management services"
"S2403_C02_019E","Male!!Estimate!!Professional, scientific, and management, and administrative and waste management services!!Administrative and support and waste management services"
"S2403_C02_019M","Male!!Margin of Error!!Professional, scientific, and management, and administrative and waste management services!!Administrative and support and waste management services"
"S2403_C03_019E","Female!!Estimate!!Professional, scientific, and management, and administrative and waste management services!!Administrative and support and waste management services"
"S2403_C03_019M","Female!!Margin of Error!!Professional, scientific, and management, and administrative and waste management services!!Administrative and support and waste management services"
"S2403_C04_019E","Median earnings (dollars)!!Estimate!!Professional, scientific, and management, and administrative and waste management services!!Administrative and support and waste management services"
"S2403_C04_019M","Median earnings (dollars)!!Margin of Error!!Professional, scientific, and management, and administrative and waste management services!!Administrative and support and waste management services"
"S2403_C05_019E","Median earnings (dollars) for male!!Estimate!!Professional, scientific, and management, and administrative and waste management services!!Administrative and support and waste management services"
"S2403_C05_019M","Median earnings (dollars) for male!!Margin of Error!!Professional, scientific, and management, and administrative and waste management services!!Administrative and support and waste management services"
"S2403_C06_019E","Median earnings (dollars) for female!!Estimate!!Professional, scientific, and management, and administrative and waste management services!!Administrative and support and waste management services"
"S2403_C06_019M","Median earnings (dollars) for female!!Margin of Error!!Professional, scientific, and management, and administrative and waste management services!!Administrative and support and waste management services"
"S2403_C01_020E","Total!!Estimate!!Educational services, and health care and social assistance"
"S2403_C01_020M","Total!!Margin of Error!!Educational services, and health care and social assistance"
"S2403_C02_020E","Male!!Estimate!!Educational services, and health care and social assistance"
"S2403_C02_020M","Male!!Margin of Error!!Educational services, and health care and social assistance"
"S2403_C03_020E","Female!!Estimate!!Educational services, and health care and social assistance"
"S2403_C03_020M","Female!!Margin of Error!!Educational services, and health care and social assistance"
"S2403_C04_020E","Median earnings (dollars)!!Estimate!!Educational services, and health care and social assistance"
"S2403_C04_020M","Median earnings (dollars)!!Margin of Error!!Educational services, and health care and social assistance"
"S2403_C05_020E","Median earnings (dollars) for male!!Estimate!!Educational services, and health care and social assistance"
"S2403_C05_020M","Median earnings (dollars) for male!!Margin of Error!!Educational services, and health care and social assistance"
"S2403_C06_020E","Median earnings (dollars) for female!!Estimate!!Educational services, and health care and social assistance"
"S2403_C06_020M","Median earnings (dollars) for female!!Margin of Error!!Educational services, and health care and social assistance"
"S2403_C01_021E","Total!!Estimate!!Educational services, and health care and social assistance!!Educational services"
"S2403_C01_021M","Total!!Margin of Error!!Educational services, and health care and social assistance!!Educational services"
"S2403_C02_021E","Male!!Estimate!!Educational services, and health care and social assistance!!Educational services"
"S2403_C02_021M","Male!!Margin of Error!!Educational services, and health care and social assistance!!Educational services"
"S2403_C03_021E","Female!!Estimate!!Educational services, and health care and social assistance!!Educational services"
"S2403_C03_021M","Female!!Margin of Error!!Educational services, and health care and social assistance!!Educational services"
"S2403_C04_021E","Median earnings (dollars)!!Estimate!!Educational services, and health care and social assistance!!Educational services"
"S2403_C04_021M","Median earnings (dollars)!!Margin of Error!!Educational services, and health care and social assistance!!Educational services"
"S2403_C05_021E","Median earnings (dollars) for male!!Estimate!!Educational services, and health care and social assistance!!Educational services"
"S2403_C05_021M","Median earnings (dollars) for male!!Margin of Error!!Educational services, and health care and social assistance!!Educational services"
"S2403_C06_021E","Median earnings (dollars) for female!!Estimate!!Educational services, and health care and social assistance!!Educational services"
"S2403_C06_021M","Median earnings (dollars) for female!!Margin of Error!!Educational services, and health care and social assistance!!Educational services"
"S2403_C01_022E","Total!!Estimate!!Educational services, and health care and social assistance!!Health care and social assistance"
"S2403_C01_022M","Total!!Margin of Error!!Educational services, and health care and social assistance!!Health care and social assistance"
"S2403_C02_022E","Male!!Estimate!!Educational services, and health care and social assistance!!Health care and social assistance"
"S2403_C02_022M","Male!!Margin of Error!!Educational services, and health care and social assistance!!Health care and social assistance"
"S2403_C03_022E","Female!!Estimate!!Educational services, and health care and social assistance!!Health care and social assistance"
"S2403_C03_022M","Female!!Margin of Error!!Educational services, and health care and social assistance!!Health care and social assistance"
"S2403_C04_022E","Median earnings (dollars)!!Estimate!!Educational services, and health care and social assistance!!Health care and social assistance"
"S2403_C04_022M","Median earnings (dollars)!!Margin of Error!!Educational services, and health care and social assistance!!Health care and social assistance"
"S2403_C05_022E","Median earnings (dollars) for male!!Estimate!!Educational services, and health care and social assistance!!Health care and social assistance"
"S2403_C05_022M","Median earnings (dollars) for male!!Margin of Error!!Educational services, and health care and social assistance!!Health care and social assistance"
"S2403_C06_022E","Median earnings (dollars) for female!!Estimate!!Educational services, and health care and social assistance!!Health care and social assistance"
"S2403_C06_022M","Median earnings (dollars) for female!!Margin of Error!!Educational services, and health care and social assistance!!Health care and social assistance"
"S2403_C01_023E","Total!!Estimate!!Arts, entertainment, and recreation, and accommodation and food services"
"S2403_C01_023M","Total!!Margin of Error!!Arts, entertainment, and recreation, and accommodation and food services"
"S2403_C02_023E","Male!!Estimate!!Arts, entertainment, and recreation, and accommodation and food services"
"S2403_C02_023M","Male!!Margin of Error!!Arts, entertainment, and recreation, and accommodation and food services"
"S2403_C03_023E","Female!!Estimate!!Arts, entertainment, and recreation, and accommodation and food services"
"S2403_C03_023M","Female!!Margin of Error!!Arts, entertainment, and recreation, and accommodation and food services"
"S2403_C04_023E","Median earnings (dollars)!!Estimate!!Arts, entertainment, and recreation, and accommodation and food services"
"S2403_C04_023M","Median earnings (dollars)!!Margin of Error!!Arts, entertainment, and recreation, and accommodation and food services"
"S2403_C05_023E","Median earnings (dollars) for male!!Estimate!!Arts, entertainment, and recreation, and accommodation and food services"
"S2403_C05_023M","Median earnings (dollars) for male!!Margin of Error!!Arts, entertainment, and recreation, and accommodation and food services"
"S2403_C06_023E","Median earnings (dollars) for female!!Estimate!!Arts, entertainment, and recreation, and accommodation and food services"
"S2403_C06_023M","Median earnings (dollars) for female!!Margin of Error!!Arts, entertainment, and recreation, and accommodation and food services"
"S2403_C01_024E","Total!!Estimate!!Arts, entertainment, and recreation, and accommodation and food services!!Arts, entertainment, and recreation"
"S2403_C01_024M","Total!!Margin of Error!!Arts, entertainment, and recreation, and accommodation and food services!!Arts, entertainment, and recreation"
"S2403_C02_024E","Male!!Estimate!!Arts, entertainment, and recreation, and accommodation and food services!!Arts, entertainment, and recreation"
"S2403_C02_024M","Male!!Margin of Error!!Arts, entertainment, and recreation, and accommodation and food services!!Arts, entertainment, and recreation"
"S2403_C03_024E","Female!!Estimate!!Arts, entertainment, and recreation, and accommodation and food services!!Arts, entertainment, and recreation"
"S2403_C03_024M","Female!!Margin of Error!!Arts, entertainment, and recreation, and accommodation and food services!!Arts, entertainment, and recreation"
"S2403_C04_024E","Median earnings (dollars)!!Estimate!!Arts, entertainment, and recreation, and accommodation and food services!!Arts, entertainment, and recreation"
"S2403_C04_024M","Median earnings (dollars)!!Margin of Error!!Arts, entertainment, and recreation, and accommodation and food services!!Arts, entertainment, and recreation"
"S2403_C05_024E","Median earnings (dollars) for male!!Estimate!!Arts, entertainment, and recreation, and accommodation and food services!!Arts, entertainment, and recreation"
"S2403_C05_024M","Median earnings (dollars) for male!!Margin of Error!!Arts, entertainment, and recreation, and accommodation and food services!!Arts, entertainment, and recreation"
"S2403_C06_024E","Median earnings (dollars) for female!!Estimate!!Arts, entertainment, and recreation, and accommodation and food services!!Arts, entertainment, and recreation"
"S2403_C06_024M","Median earnings (dollars) for female!!Margin of Error!!Arts, entertainment, and recreation, and accommodation and food services!!Arts, entertainment, and recreation"
"S2403_C01_025E","Total!!Estimate!!Arts, entertainment, and recreation, and accommodation and food services!!Accommodation and food services"
"S2403_C01_025M","Total!!Margin of Error!!Arts, entertainment, and recreation, and accommodation and food services!!Accommodation and food services"
"S2403_C02_025E","Male!!Estimate!!Arts, entertainment, and recreation, and accommodation and food services!!Accommodation and food services"
"S2403_C02_025M","Male!!Margin of Error!!Arts, entertainment, and recreation, and accommodation and food services!!Accommodation and food services"
"S2403_C03_025E","Female!!Estimate!!Arts, entertainment, and recreation, and accommodation and food services!!Accommodation and food services"
"S2403_C03_025M","Female!!Margin of Error!!Arts, entertainment, and recreation, and accommodation and food services!!Accommodation and food services"
"S2403_C04_025E","Median earnings (dollars)!!Estimate!!Arts, entertainment, and recreation, and accommodation and food services!!Accommodation and food services"
"S2403_C04_025M","Median earnings (dollars)!!Margin of Error!!Arts, entertainment, and recreation, and accommodation and food services!!Accommodation and food services"
"S2403_C05_025E","Median earnings (dollars) for male!!Estimate!!Arts, entertainment, and recreation, and accommodation and food services!!Accommodation and food services"
"S2403_C05_025M","Median earnings (dollars) for male!!Margin of Error!!Arts, entertainment, and recreation, and accommodation and food services!!Accommodation and food services"
"S2403_C06_025E","Median earnings (dollars) for female!!Estimate!!Arts, entertainment, and recreation, and accommodation and food services!!Accommodation and food services"
"S2403_C06_025M","Median earnings (dollars) for female!!Margin of Error!!Arts, entertainment, and recreation, and accommodation and food services!!Accommodation and food services"
"S2403_C01_026E","Total!!Estimate!!Other services, except public administration"
"S2403_C01_026M","Total!!Margin of Error!!Other services, except public administration"
"S2403_C02_026E","Male!!Estimate!!Other services, except public administration"
"S2403_C02_026M","Male!!Margin of Error!!Other services, except public administration"
"S2403_C03_026E","Female!!Estimate!!Other services, except public administration"
"S2403_C03_026M","Female!!Margin of Error!!Other services, except public administration"
"S2403_C04_026E","Median earnings (dollars)!!Estimate!!Other services, except public administration"
"S2403_C04_026M","Median earnings (dollars)!!Margin of Error!!Other services, except public administration"
"S2403_C05_026E","Median earnings (dollars) for male!!Estimate!!Other services, except public administration"
"S2403_C05_026M","Median earnings (dollars) for male!!Margin of Error!!Other services, except public administration"
"S2403_C06_026E","Median earnings (dollars) for female!!Estimate!!Other services, except public administration"
"S2403_C06_026M","Median earnings (dollars) for female!!Margin of Error!!Other services, except public administration"
"S2403_C01_027E","Total!!Estimate!!Public administration"
"S2403_C01_027M","Total!!Margin of Error!!Public administration"
"S2403_C02_027E","Male!!Estimate!!Public administration"
"S2403_C02_027M","Male!!Margin of Error!!Public administration"
"S2403_C03_027E","Female!!Estimate!!Public administration"
"S2403_C03_027M","Female!!Margin of Error!!Public administration"
"S2403_C04_027E","Median earnings (dollars)!!Estimate!!Public administration"
"S2403_C04_027M","Median earnings (dollars)!!Margin of Error!!Public administration"
"S2403_C05_027E","Median earnings (dollars) for male!!Estimate!!Public administration"
"S2403_C05_027M","Median earnings (dollars) for male!!Margin of Error!!Public administration"
"S2403_C06_027E","Median earnings (dollars) for female!!Estimate!!Public administration"
"S2403_C06_027M","Median earnings (dollars) for female!!Margin of Error!!Public administration"
"S2403_C01_028E","Total!!Estimate!!PERCENT IMPUTED!!Industry"
"S2403_C01_028M","Total!!Margin of Error!!PERCENT IMPUTED!!Industry"
"S2403_C02_028E","Male!!Estimate!!PERCENT IMPUTED!!Industry"
"S2403_C02_028M","Male!!Margin of Error!!PERCENT IMPUTED!!Industry"
"S2403_C03_028E","Female!!Estimate!!PERCENT IMPUTED!!Industry"
"S2403_C03_028M","Female!!Margin of Error!!PERCENT IMPUTED!!Industry"
"S2403_C04_028E","Median earnings (dollars)!!Estimate!!PERCENT IMPUTED!!Industry"
"S2403_C04_028M","Median earnings (dollars)!!Margin of Error!!PERCENT IMPUTED!!Industry"
"S2403_C05_028E","Median earnings (dollars) for male!!Estimate!!PERCENT IMPUTED!!Industry"
"S2403_C05_028M","Median earnings (dollars) for male!!Margin of Error!!PERCENT IMPUTED!!Industry"
"S2403_C06_028E","Median earnings (dollars) for female!!Estimate!!PERCENT IMPUTED!!Industry"
"S2403_C06_028M","Median earnings (dollars) for female!!Margin of Error!!PERCENT IMPUTED!!Industry"
