"Column Name","Label"
"GEO_ID","Geography"
"NAME","Geographic Area Name"
"S1811_C01_001E","Total Civilian Noninstitutionalized Population!!Estimate!!Population Age 16 and Over"
"S1811_C01_001M","Total Civilian Noninstitutionalized Population!!Margin of Error!!Population Age 16 and Over"
"S1811_C02_001E","With a Disability!!Estimate!!Population Age 16 and Over"
"S1811_C02_001M","With a Disability!!Margin of Error!!Population Age 16 and Over"
"S1811_C03_001E","No Disability!!Estimate!!Population Age 16 and Over"
"S1811_C03_001M","No Disability!!Margin of Error!!Population Age 16 and Over"
"S1811_C01_002E","Total Civilian Noninstitutionalized Population!!Estimate!!EMPLOYMENT STATUS!!Employed"
"S1811_C01_002M","Total Civilian Noninstitutionalized Population!!Margin of Error!!EMPLOYMENT STATUS!!Employed"
"S1811_C02_002E","With a Disability!!Estimate!!EMPLOYMENT STATUS!!Employed"
"S1811_C02_002M","With a Disability!!Margin of Error!!EMPLOYMENT STATUS!!Employed"
"S1811_C03_002E","No Disability!!Estimate!!EMPLOYMENT STATUS!!Employed"
"S1811_C03_002M","No Disability!!Margin of Error!!EMPLOYMENT STATUS!!Employed"
"S1811_C01_003E","Total Civilian Noninstitutionalized Population!!Estimate!!EMPLOYMENT STATUS!!Not in Labor Force"
"S1811_C01_003M","Total Civilian Noninstitutionalized Population!!Margin of Error!!EMPLOYMENT STATUS!!Not in Labor Force"
"S1811_C02_003E","With a Disability!!Estimate!!EMPLOYMENT STATUS!!Not in Labor Force"
"S1811_C02_003M","With a Disability!!Margin of Error!!EMPLOYMENT STATUS!!Not in Labor Force"
"S1811_C03_003E","No Disability!!Estimate!!EMPLOYMENT STATUS!!Not in Labor Force"
"S1811_C03_003M","No Disability!!Margin of Error!!EMPLOYMENT STATUS!!Not in Labor Force"
"S1811_C01_004E","Total Civilian Noninstitutionalized Population!!Estimate!!Employed Population Age 16 and Over"
"S1811_C01_004M","Total Civilian Noninstitutionalized Population!!Margin of Error!!Employed Population Age 16 and Over"
"S1811_C02_004E","With a Disability!!Estimate!!Employed Population Age 16 and Over"
"S1811_C02_004M","With a Disability!!Margin of Error!!Employed Population Age 16 and Over"
"S1811_C03_004E","No Disability!!Estimate!!Employed Population Age 16 and Over"
"S1811_C03_004M","No Disability!!Margin of Error!!Employed Population Age 16 and Over"
"S1811_C01_005E","Total Civilian Noninstitutionalized Population!!Estimate!!CLASS OF WORKER!!Private for-profit wage and salary workers"
"S1811_C01_005M","Total Civilian Noninstitutionalized Population!!Margin of Error!!CLASS OF WORKER!!Private for-profit wage and salary workers"
"S1811_C02_005E","With a Disability!!Estimate!!CLASS OF WORKER!!Private for-profit wage and salary workers"
"S1811_C02_005M","With a Disability!!Margin of Error!!CLASS OF WORKER!!Private for-profit wage and salary workers"
"S1811_C03_005E","No Disability!!Estimate!!CLASS OF WORKER!!Private for-profit wage and salary workers"
"S1811_C03_005M","No Disability!!Margin of Error!!CLASS OF WORKER!!Private for-profit wage and salary workers"
"S1811_C01_006E","Total Civilian Noninstitutionalized Population!!Estimate!!CLASS OF WORKER!!Employee of private company workers"
"S1811_C01_006M","Total Civilian Noninstitutionalized Population!!Margin of Error!!CLASS OF WORKER!!Employee of private company workers"
"S1811_C02_006E","With a Disability!!Estimate!!CLASS OF WORKER!!Employee of private company workers"
"S1811_C02_006M","With a Disability!!Margin of Error!!CLASS OF WORKER!!Employee of private company workers"
"S1811_C03_006E","No Disability!!Estimate!!CLASS OF WORKER!!Employee of private company workers"
"S1811_C03_006M","No Disability!!Margin of Error!!CLASS OF WORKER!!Employee of private company workers"
"S1811_C01_007E","Total Civilian Noninstitutionalized Population!!Estimate!!CLASS OF WORKER!!Self-employed in own incorporated business workers"
"S1811_C01_007M","Total Civilian Noninstitutionalized Population!!Margin of Error!!CLASS OF WORKER!!Self-employed in own incorporated business workers"
"S1811_C02_007E","With a Disability!!Estimate!!CLASS OF WORKER!!Self-employed in own incorporated business workers"
"S1811_C02_007M","With a Disability!!Margin of Error!!CLASS OF WORKER!!Self-employed in own incorporated business workers"
"S1811_C03_007E","No Disability!!Estimate!!CLASS OF WORKER!!Self-employed in own incorporated business workers"
"S1811_C03_007M","No Disability!!Margin of Error!!CLASS OF WORKER!!Self-employed in own incorporated business workers"
"S1811_C01_008E","Total Civilian Noninstitutionalized Population!!Estimate!!CLASS OF WORKER!!Private not-for-profit wage and salary workers"
"S1811_C01_008M","Total Civilian Noninstitutionalized Population!!Margin of Error!!CLASS OF WORKER!!Private not-for-profit wage and salary workers"
"S1811_C02_008E","With a Disability!!Estimate!!CLASS OF WORKER!!Private not-for-profit wage and salary workers"
"S1811_C02_008M","With a Disability!!Margin of Error!!CLASS OF WORKER!!Private not-for-profit wage and salary workers"
"S1811_C03_008E","No Disability!!Estimate!!CLASS OF WORKER!!Private not-for-profit wage and salary workers"
"S1811_C03_008M","No Disability!!Margin of Error!!CLASS OF WORKER!!Private not-for-profit wage and salary workers"
"S1811_C01_009E","Total Civilian Noninstitutionalized Population!!Estimate!!CLASS OF WORKER!!Local government workers"
"S1811_C01_009M","Total Civilian Noninstitutionalized Population!!Margin of Error!!CLASS OF WORKER!!Local government workers"
"S1811_C02_009E","With a Disability!!Estimate!!CLASS OF WORKER!!Local government workers"
"S1811_C02_009M","With a Disability!!Margin of Error!!CLASS OF WORKER!!Local government workers"
"S1811_C03_009E","No Disability!!Estimate!!CLASS OF WORKER!!Local government workers"
"S1811_C03_009M","No Disability!!Margin of Error!!CLASS OF WORKER!!Local government workers"
"S1811_C01_010E","Total Civilian Noninstitutionalized Population!!Estimate!!CLASS OF WORKER!!State government workers"
"S1811_C01_010M","Total Civilian Noninstitutionalized Population!!Margin of Error!!CLASS OF WORKER!!State government workers"
"S1811_C02_010E","With a Disability!!Estimate!!CLASS OF WORKER!!State government workers"
"S1811_C02_010M","With a Disability!!Margin of Error!!CLASS OF WORKER!!State government workers"
"S1811_C03_010E","No Disability!!Estimate!!CLASS OF WORKER!!State government workers"
"S1811_C03_010M","No Disability!!Margin of Error!!CLASS OF WORKER!!State government workers"
"S1811_C01_011E","Total Civilian Noninstitutionalized Population!!Estimate!!CLASS OF WORKER!!Federal government workers"
"S1811_C01_011M","Total Civilian Noninstitutionalized Population!!Margin of Error!!CLASS OF WORKER!!Federal government workers"
"S1811_C02_011E","With a Disability!!Estimate!!CLASS OF WORKER!!Federal government workers"
"S1811_C02_011M","With a Disability!!Margin of Error!!CLASS OF WORKER!!Federal government workers"
"S1811_C03_011E","No Disability!!Estimate!!CLASS OF WORKER!!Federal government workers"
"S1811_C03_011M","No Disability!!Margin of Error!!CLASS OF WORKER!!Federal government workers"
"S1811_C01_012E","Total Civilian Noninstitutionalized Population!!Estimate!!CLASS OF WORKER!!Self-employed in own not incorporated business workers"
"S1811_C01_012M","Total Civilian Noninstitutionalized Population!!Margin of Error!!CLASS OF WORKER!!Self-employed in own not incorporated business workers"
"S1811_C02_012E","With a Disability!!Estimate!!CLASS OF WORKER!!Self-employed in own not incorporated business workers"
"S1811_C02_012M","With a Disability!!Margin of Error!!CLASS OF WORKER!!Self-employed in own not incorporated business workers"
"S1811_C03_012E","No Disability!!Estimate!!CLASS OF WORKER!!Self-employed in own not incorporated business workers"
"S1811_C03_012M","No Disability!!Margin of Error!!CLASS OF WORKER!!Self-employed in own not incorporated business workers"
"S1811_C01_013E","Total Civilian Noninstitutionalized Population!!Estimate!!CLASS OF WORKER!!Unpaid family workers"
"S1811_C01_013M","Total Civilian Noninstitutionalized Population!!Margin of Error!!CLASS OF WORKER!!Unpaid family workers"
"S1811_C02_013E","With a Disability!!Estimate!!CLASS OF WORKER!!Unpaid family workers"
"S1811_C02_013M","With a Disability!!Margin of Error!!CLASS OF WORKER!!Unpaid family workers"
"S1811_C03_013E","No Disability!!Estimate!!CLASS OF WORKER!!Unpaid family workers"
"S1811_C03_013M","No Disability!!Margin of Error!!CLASS OF WORKER!!Unpaid family workers"
"S1811_C01_014E","Total Civilian Noninstitutionalized Population!!Estimate!!OCCUPATION!!Management, business, science, and arts occupations"
"S1811_C01_014M","Total Civilian Noninstitutionalized Population!!Margin of Error!!OCCUPATION!!Management, business, science, and arts occupations"
"S1811_C02_014E","With a Disability!!Estimate!!OCCUPATION!!Management, business, science, and arts occupations"
"S1811_C02_014M","With a Disability!!Margin of Error!!OCCUPATION!!Management, business, science, and arts occupations"
"S1811_C03_014E","No Disability!!Estimate!!OCCUPATION!!Management, business, science, and arts occupations"
"S1811_C03_014M","No Disability!!Margin of Error!!OCCUPATION!!Management, business, science, and arts occupations"
"S1811_C01_015E","Total Civilian Noninstitutionalized Population!!Estimate!!OCCUPATION!!Service occupations"
"S1811_C01_015M","Total Civilian Noninstitutionalized Population!!Margin of Error!!OCCUPATION!!Service occupations"
"S1811_C02_015E","With a Disability!!Estimate!!OCCUPATION!!Service occupations"
"S1811_C02_015M","With a Disability!!Margin of Error!!OCCUPATION!!Service occupations"
"S1811_C03_015E","No Disability!!Estimate!!OCCUPATION!!Service occupations"
"S1811_C03_015M","No Disability!!Margin of Error!!OCCUPATION!!Service occupations"
"S1811_C01_016E","Total Civilian Noninstitutionalized Population!!Estimate!!OCCUPATION!!Sales and office occupations"
"S1811_C01_016M","Total Civilian Noninstitutionalized Population!!Margin of Error!!OCCUPATION!!Sales and office occupations"
"S1811_C02_016E","With a Disability!!Estimate!!OCCUPATION!!Sales and office occupations"
"S1811_C02_016M","With a Disability!!Margin of Error!!OCCUPATION!!Sales and office occupations"
"S1811_C03_016E","No Disability!!Estimate!!OCCUPATION!!Sales and office occupations"
"S1811_C03_016M","No Disability!!Margin of Error!!OCCUPATION!!Sales and office occupations"
"S1811_C01_017E","Total Civilian Noninstitutionalized Population!!Estimate!!OCCUPATION!!Natural resources, construction, and maintenance occupations"
"S1811_C01_017M","Total Civilian Noninstitutionalized Population!!Margin of Error!!OCCUPATION!!Natural resources, construction, and maintenance occupations"
"S1811_C02_017E","With a Disability!!Estimate!!OCCUPATION!!Natural resources, construction, and maintenance occupations"
"S1811_C02_017M","With a Disability!!Margin of Error!!OCCUPATION!!Natural resources, construction, and maintenance occupations"
"S1811_C03_017E","No Disability!!Estimate!!OCCUPATION!!Natural resources, construction, and maintenance occupations"
"S1811_C03_017M","No Disability!!Margin of Error!!OCCUPATION!!Natural resources, construction, and maintenance occupations"
"S1811_C01_018E","Total Civilian Noninstitutionalized Population!!Estimate!!OCCUPATION!!Production, transportation, and material moving occupations"
"S1811_C01_018M","Total Civilian Noninstitutionalized Population!!Margin of Error!!OCCUPATION!!Production, transportation, and material moving occupations"
"S1811_C02_018E","With a Disability!!Estimate!!OCCUPATION!!Production, transportation, and material moving occupations"
"S1811_C02_018M","With a Disability!!Margin of Error!!OCCUPATION!!Production, transportation, and material moving occupations"
"S1811_C03_018E","No Disability!!Estimate!!OCCUPATION!!Production, transportation, and material moving occupations"
"S1811_C03_018M","No Disability!!Margin of Error!!OCCUPATION!!Production, transportation, and material moving occupations"
"S1811_C01_019E","Total Civilian Noninstitutionalized Population!!Estimate!!INDUSTRY!!Agriculture, forestry, fishing and hunting, and mining"
"S1811_C01_019M","Total Civilian Noninstitutionalized Population!!Margin of Error!!INDUSTRY!!Agriculture, forestry, fishing and hunting, and mining"
"S1811_C02_019E","With a Disability!!Estimate!!INDUSTRY!!Agriculture, forestry, fishing and hunting, and mining"
"S1811_C02_019M","With a Disability!!Margin of Error!!INDUSTRY!!Agriculture, forestry, fishing and hunting, and mining"
"S1811_C03_019E","No Disability!!Estimate!!INDUSTRY!!Agriculture, forestry, fishing and hunting, and mining"
"S1811_C03_019M","No Disability!!Margin of Error!!INDUSTRY!!Agriculture, forestry, fishing and hunting, and mining"
"S1811_C01_020E","Total Civilian Noninstitutionalized Population!!Estimate!!INDUSTRY!!Construction"
"S1811_C01_020M","Total Civilian Noninstitutionalized Population!!Margin of Error!!INDUSTRY!!Construction"
"S1811_C02_020E","With a Disability!!Estimate!!INDUSTRY!!Construction"
"S1811_C02_020M","With a Disability!!Margin of Error!!INDUSTRY!!Construction"
"S1811_C03_020E","No Disability!!Estimate!!INDUSTRY!!Construction"
"S1811_C03_020M","No Disability!!Margin of Error!!INDUSTRY!!Construction"
"S1811_C01_021E","Total Civilian Noninstitutionalized Population!!Estimate!!INDUSTRY!!Manufacturing"
"S1811_C01_021M","Total Civilian Noninstitutionalized Population!!Margin of Error!!INDUSTRY!!Manufacturing"
"S1811_C02_021E","With a Disability!!Estimate!!INDUSTRY!!Manufacturing"
"S1811_C02_021M","With a Disability!!Margin of Error!!INDUSTRY!!Manufacturing"
"S1811_C03_021E","No Disability!!Estimate!!INDUSTRY!!Manufacturing"
"S1811_C03_021M","No Disability!!Margin of Error!!INDUSTRY!!Manufacturing"
"S1811_C01_022E","Total Civilian Noninstitutionalized Population!!Estimate!!INDUSTRY!!Wholesale trade"
"S1811_C01_022M","Total Civilian Noninstitutionalized Population!!Margin of Error!!INDUSTRY!!Wholesale trade"
"S1811_C02_022E","With a Disability!!Estimate!!INDUSTRY!!Wholesale trade"
"S1811_C02_022M","With a Disability!!Margin of Error!!INDUSTRY!!Wholesale trade"
"S1811_C03_022E","No Disability!!Estimate!!INDUSTRY!!Wholesale trade"
"S1811_C03_022M","No Disability!!Margin of Error!!INDUSTRY!!Wholesale trade"
"S1811_C01_023E","Total Civilian Noninstitutionalized Population!!Estimate!!INDUSTRY!!Retail trade"
"S1811_C01_023M","Total Civilian Noninstitutionalized Population!!Margin of Error!!INDUSTRY!!Retail trade"
"S1811_C02_023E","With a Disability!!Estimate!!INDUSTRY!!Retail trade"
"S1811_C02_023M","With a Disability!!Margin of Error!!INDUSTRY!!Retail trade"
"S1811_C03_023E","No Disability!!Estimate!!INDUSTRY!!Retail trade"
"S1811_C03_023M","No Disability!!Margin of Error!!INDUSTRY!!Retail trade"
"S1811_C01_024E","Total Civilian Noninstitutionalized Population!!Estimate!!INDUSTRY!!Transportation and warehousing, and utilities"
"S1811_C01_024M","Total Civilian Noninstitutionalized Population!!Margin of Error!!INDUSTRY!!Transportation and warehousing, and utilities"
"S1811_C02_024E","With a Disability!!Estimate!!INDUSTRY!!Transportation and warehousing, and utilities"
"S1811_C02_024M","With a Disability!!Margin of Error!!INDUSTRY!!Transportation and warehousing, and utilities"
"S1811_C03_024E","No Disability!!Estimate!!INDUSTRY!!Transportation and warehousing, and utilities"
"S1811_C03_024M","No Disability!!Margin of Error!!INDUSTRY!!Transportation and warehousing, and utilities"
"S1811_C01_025E","Total Civilian Noninstitutionalized Population!!Estimate!!INDUSTRY!!Information"
"S1811_C01_025M","Total Civilian Noninstitutionalized Population!!Margin of Error!!INDUSTRY!!Information"
"S1811_C02_025E","With a Disability!!Estimate!!INDUSTRY!!Information"
"S1811_C02_025M","With a Disability!!Margin of Error!!INDUSTRY!!Information"
"S1811_C03_025E","No Disability!!Estimate!!INDUSTRY!!Information"
"S1811_C03_025M","No Disability!!Margin of Error!!INDUSTRY!!Information"
"S1811_C01_026E","Total Civilian Noninstitutionalized Population!!Estimate!!INDUSTRY!!Finance and insurance, and real estate and rental and leasing"
"S1811_C01_026M","Total Civilian Noninstitutionalized Population!!Margin of Error!!INDUSTRY!!Finance and insurance, and real estate and rental and leasing"
"S1811_C02_026E","With a Disability!!Estimate!!INDUSTRY!!Finance and insurance, and real estate and rental and leasing"
"S1811_C02_026M","With a Disability!!Margin of Error!!INDUSTRY!!Finance and insurance, and real estate and rental and leasing"
"S1811_C03_026E","No Disability!!Estimate!!INDUSTRY!!Finance and insurance, and real estate and rental and leasing"
"S1811_C03_026M","No Disability!!Margin of Error!!INDUSTRY!!Finance and insurance, and real estate and rental and leasing"
"S1811_C01_027E","Total Civilian Noninstitutionalized Population!!Estimate!!INDUSTRY!!Professional, scientific, and management, and administrative and waste management services"
"S1811_C01_027M","Total Civilian Noninstitutionalized Population!!Margin of Error!!INDUSTRY!!Professional, scientific, and management, and administrative and waste management services"
"S1811_C02_027E","With a Disability!!Estimate!!INDUSTRY!!Professional, scientific, and management, and administrative and waste management services"
"S1811_C02_027M","With a Disability!!Margin of Error!!INDUSTRY!!Professional, scientific, and management, and administrative and waste management services"
"S1811_C03_027E","No Disability!!Estimate!!INDUSTRY!!Professional, scientific, and management, and administrative and waste management services"
"S1811_C03_027M","No Disability!!Margin of Error!!INDUSTRY!!Professional, scientific, and management, and administrative and waste management services"
"S1811_C01_028E","Total Civilian Noninstitutionalized Population!!Estimate!!INDUSTRY!!Educational services, and health care and social assistance"
"S1811_C01_028M","Total Civilian Noninstitutionalized Population!!Margin of Error!!INDUSTRY!!Educational services, and health care and social assistance"
"S1811_C02_028E","With a Disability!!Estimate!!INDUSTRY!!Educational services, and health care and social assistance"
"S1811_C02_028M","With a Disability!!Margin of Error!!INDUSTRY!!Educational services, and health care and social assistance"
"S1811_C03_028E","No Disability!!Estimate!!INDUSTRY!!Educational services, and health care and social assistance"
"S1811_C03_028M","No Disability!!Margin of Error!!INDUSTRY!!Educational services, and health care and social assistance"
"S1811_C01_029E","Total Civilian Noninstitutionalized Population!!Estimate!!INDUSTRY!!Arts, entertainment, and recreation, and accommodation and food services"
"S1811_C01_029M","Total Civilian Noninstitutionalized Population!!Margin of Error!!INDUSTRY!!Arts, entertainment, and recreation, and accommodation and food services"
"S1811_C02_029E","With a Disability!!Estimate!!INDUSTRY!!Arts, entertainment, and recreation, and accommodation and food services"
"S1811_C02_029M","With a Disability!!Margin of Error!!INDUSTRY!!Arts, entertainment, and recreation, and accommodation and food services"
"S1811_C03_029E","No Disability!!Estimate!!INDUSTRY!!Arts, entertainment, and recreation, and accommodation and food services"
"S1811_C03_029M","No Disability!!Margin of Error!!INDUSTRY!!Arts, entertainment, and recreation, and accommodation and food services"
"S1811_C01_030E","Total Civilian Noninstitutionalized Population!!Estimate!!INDUSTRY!!Other services (except public administration)"
"S1811_C01_030M","Total Civilian Noninstitutionalized Population!!Margin of Error!!INDUSTRY!!Other services (except public administration)"
"S1811_C02_030E","With a Disability!!Estimate!!INDUSTRY!!Other services (except public administration)"
"S1811_C02_030M","With a Disability!!Margin of Error!!INDUSTRY!!Other services (except public administration)"
"S1811_C03_030E","No Disability!!Estimate!!INDUSTRY!!Other services (except public administration)"
"S1811_C03_030M","No Disability!!Margin of Error!!INDUSTRY!!Other services (except public administration)"
"S1811_C01_031E","Total Civilian Noninstitutionalized Population!!Estimate!!INDUSTRY!!Public administration"
"S1811_C01_031M","Total Civilian Noninstitutionalized Population!!Margin of Error!!INDUSTRY!!Public administration"
"S1811_C02_031E","With a Disability!!Estimate!!INDUSTRY!!Public administration"
"S1811_C02_031M","With a Disability!!Margin of Error!!INDUSTRY!!Public administration"
"S1811_C03_031E","No Disability!!Estimate!!INDUSTRY!!Public administration"
"S1811_C03_031M","No Disability!!Margin of Error!!INDUSTRY!!Public administration"
"S1811_C01_032E","Total Civilian Noninstitutionalized Population!!Estimate!!COMMUTING TO WORK!!Workers Age 16 and Over"
"S1811_C01_032M","Total Civilian Noninstitutionalized Population!!Margin of Error!!COMMUTING TO WORK!!Workers Age 16 and Over"
"S1811_C02_032E","With a Disability!!Estimate!!COMMUTING TO WORK!!Workers Age 16 and Over"
"S1811_C02_032M","With a Disability!!Margin of Error!!COMMUTING TO WORK!!Workers Age 16 and Over"
"S1811_C03_032E","No Disability!!Estimate!!COMMUTING TO WORK!!Workers Age 16 and Over"
"S1811_C03_032M","No Disability!!Margin of Error!!COMMUTING TO WORK!!Workers Age 16 and Over"
"S1811_C01_033E","Total Civilian Noninstitutionalized Population!!Estimate!!COMMUTING TO WORK!!Workers Age 16 and Over!!Car, truck, or van - drove alone"
"S1811_C01_033M","Total Civilian Noninstitutionalized Population!!Margin of Error!!COMMUTING TO WORK!!Workers Age 16 and Over!!Car, truck, or van - drove alone"
"S1811_C02_033E","With a Disability!!Estimate!!COMMUTING TO WORK!!Workers Age 16 and Over!!Car, truck, or van - drove alone"
"S1811_C02_033M","With a Disability!!Margin of Error!!COMMUTING TO WORK!!Workers Age 16 and Over!!Car, truck, or van - drove alone"
"S1811_C03_033E","No Disability!!Estimate!!COMMUTING TO WORK!!Workers Age 16 and Over!!Car, truck, or van - drove alone"
"S1811_C03_033M","No Disability!!Margin of Error!!COMMUTING TO WORK!!Workers Age 16 and Over!!Car, truck, or van - drove alone"
"S1811_C01_034E","Total Civilian Noninstitutionalized Population!!Estimate!!COMMUTING TO WORK!!Workers Age 16 and Over!!Car, truck, or van - carpooled"
"S1811_C01_034M","Total Civilian Noninstitutionalized Population!!Margin of Error!!COMMUTING TO WORK!!Workers Age 16 and Over!!Car, truck, or van - carpooled"
"S1811_C02_034E","With a Disability!!Estimate!!COMMUTING TO WORK!!Workers Age 16 and Over!!Car, truck, or van - carpooled"
"S1811_C02_034M","With a Disability!!Margin of Error!!COMMUTING TO WORK!!Workers Age 16 and Over!!Car, truck, or van - carpooled"
"S1811_C03_034E","No Disability!!Estimate!!COMMUTING TO WORK!!Workers Age 16 and Over!!Car, truck, or van - carpooled"
"S1811_C03_034M","No Disability!!Margin of Error!!COMMUTING TO WORK!!Workers Age 16 and Over!!Car, truck, or van - carpooled"
"S1811_C01_035E","Total Civilian Noninstitutionalized Population!!Estimate!!COMMUTING TO WORK!!Workers Age 16 and Over!!Public transportation (excluding taxicab)"
"S1811_C01_035M","Total Civilian Noninstitutionalized Population!!Margin of Error!!COMMUTING TO WORK!!Workers Age 16 and Over!!Public transportation (excluding taxicab)"
"S1811_C02_035E","With a Disability!!Estimate!!COMMUTING TO WORK!!Workers Age 16 and Over!!Public transportation (excluding taxicab)"
"S1811_C02_035M","With a Disability!!Margin of Error!!COMMUTING TO WORK!!Workers Age 16 and Over!!Public transportation (excluding taxicab)"
"S1811_C03_035E","No Disability!!Estimate!!COMMUTING TO WORK!!Workers Age 16 and Over!!Public transportation (excluding taxicab)"
"S1811_C03_035M","No Disability!!Margin of Error!!COMMUTING TO WORK!!Workers Age 16 and Over!!Public transportation (excluding taxicab)"
"S1811_C01_036E","Total Civilian Noninstitutionalized Population!!Estimate!!COMMUTING TO WORK!!Workers Age 16 and Over!!Walked"
"S1811_C01_036M","Total Civilian Noninstitutionalized Population!!Margin of Error!!COMMUTING TO WORK!!Workers Age 16 and Over!!Walked"
"S1811_C02_036E","With a Disability!!Estimate!!COMMUTING TO WORK!!Workers Age 16 and Over!!Walked"
"S1811_C02_036M","With a Disability!!Margin of Error!!COMMUTING TO WORK!!Workers Age 16 and Over!!Walked"
"S1811_C03_036E","No Disability!!Estimate!!COMMUTING TO WORK!!Workers Age 16 and Over!!Walked"
"S1811_C03_036M","No Disability!!Margin of Error!!COMMUTING TO WORK!!Workers Age 16 and Over!!Walked"
"S1811_C01_037E","Total Civilian Noninstitutionalized Population!!Estimate!!COMMUTING TO WORK!!Workers Age 16 and Over!!Taxicab, motorcycle, bicycle, or other means"
"S1811_C01_037M","Total Civilian Noninstitutionalized Population!!Margin of Error!!COMMUTING TO WORK!!Workers Age 16 and Over!!Taxicab, motorcycle, bicycle, or other means"
"S1811_C02_037E","With a Disability!!Estimate!!COMMUTING TO WORK!!Workers Age 16 and Over!!Taxicab, motorcycle, bicycle, or other means"
"S1811_C02_037M","With a Disability!!Margin of Error!!COMMUTING TO WORK!!Workers Age 16 and Over!!Taxicab, motorcycle, bicycle, or other means"
"S1811_C03_037E","No Disability!!Estimate!!COMMUTING TO WORK!!Workers Age 16 and Over!!Taxicab, motorcycle, bicycle, or other means"
"S1811_C03_037M","No Disability!!Margin of Error!!COMMUTING TO WORK!!Workers Age 16 and Over!!Taxicab, motorcycle, bicycle, or other means"
"S1811_C01_038E","Total Civilian Noninstitutionalized Population!!Estimate!!COMMUTING TO WORK!!Workers Age 16 and Over!!Worked at home"
"S1811_C01_038M","Total Civilian Noninstitutionalized Population!!Margin of Error!!COMMUTING TO WORK!!Workers Age 16 and Over!!Worked at home"
"S1811_C02_038E","With a Disability!!Estimate!!COMMUTING TO WORK!!Workers Age 16 and Over!!Worked at home"
"S1811_C02_038M","With a Disability!!Margin of Error!!COMMUTING TO WORK!!Workers Age 16 and Over!!Worked at home"
"S1811_C03_038E","No Disability!!Estimate!!COMMUTING TO WORK!!Workers Age 16 and Over!!Worked at home"
"S1811_C03_038M","No Disability!!Margin of Error!!COMMUTING TO WORK!!Workers Age 16 and Over!!Worked at home"
"S1811_C01_039E","Total Civilian Noninstitutionalized Population!!Estimate!!EDUCATIONAL ATTAINMENT!!Population Age 25 and Over"
"S1811_C01_039M","Total Civilian Noninstitutionalized Population!!Margin of Error!!EDUCATIONAL ATTAINMENT!!Population Age 25 and Over"
"S1811_C02_039E","With a Disability!!Estimate!!EDUCATIONAL ATTAINMENT!!Population Age 25 and Over"
"S1811_C02_039M","With a Disability!!Margin of Error!!EDUCATIONAL ATTAINMENT!!Population Age 25 and Over"
"S1811_C03_039E","No Disability!!Estimate!!EDUCATIONAL ATTAINMENT!!Population Age 25 and Over"
"S1811_C03_039M","No Disability!!Margin of Error!!EDUCATIONAL ATTAINMENT!!Population Age 25 and Over"
"S1811_C01_040E","Total Civilian Noninstitutionalized Population!!Estimate!!EDUCATIONAL ATTAINMENT!!Population Age 25 and Over!!Less than high school graduate"
"S1811_C01_040M","Total Civilian Noninstitutionalized Population!!Margin of Error!!EDUCATIONAL ATTAINMENT!!Population Age 25 and Over!!Less than high school graduate"
"S1811_C02_040E","With a Disability!!Estimate!!EDUCATIONAL ATTAINMENT!!Population Age 25 and Over!!Less than high school graduate"
"S1811_C02_040M","With a Disability!!Margin of Error!!EDUCATIONAL ATTAINMENT!!Population Age 25 and Over!!Less than high school graduate"
"S1811_C03_040E","No Disability!!Estimate!!EDUCATIONAL ATTAINMENT!!Population Age 25 and Over!!Less than high school graduate"
"S1811_C03_040M","No Disability!!Margin of Error!!EDUCATIONAL ATTAINMENT!!Population Age 25 and Over!!Less than high school graduate"
"S1811_C01_041E","Total Civilian Noninstitutionalized Population!!Estimate!!EDUCATIONAL ATTAINMENT!!Population Age 25 and Over!!High school graduate (includes equivalency)"
"S1811_C01_041M","Total Civilian Noninstitutionalized Population!!Margin of Error!!EDUCATIONAL ATTAINMENT!!Population Age 25 and Over!!High school graduate (includes equivalency)"
"S1811_C02_041E","With a Disability!!Estimate!!EDUCATIONAL ATTAINMENT!!Population Age 25 and Over!!High school graduate (includes equivalency)"
"S1811_C02_041M","With a Disability!!Margin of Error!!EDUCATIONAL ATTAINMENT!!Population Age 25 and Over!!High school graduate (includes equivalency)"
"S1811_C03_041E","No Disability!!Estimate!!EDUCATIONAL ATTAINMENT!!Population Age 25 and Over!!High school graduate (includes equivalency)"
"S1811_C03_041M","No Disability!!Margin of Error!!EDUCATIONAL ATTAINMENT!!Population Age 25 and Over!!High school graduate (includes equivalency)"
"S1811_C01_042E","Total Civilian Noninstitutionalized Population!!Estimate!!EDUCATIONAL ATTAINMENT!!Population Age 25 and Over!!Some college or associate's degree"
"S1811_C01_042M","Total Civilian Noninstitutionalized Population!!Margin of Error!!EDUCATIONAL ATTAINMENT!!Population Age 25 and Over!!Some college or associate's degree"
"S1811_C02_042E","With a Disability!!Estimate!!EDUCATIONAL ATTAINMENT!!Population Age 25 and Over!!Some college or associate's degree"
"S1811_C02_042M","With a Disability!!Margin of Error!!EDUCATIONAL ATTAINMENT!!Population Age 25 and Over!!Some college or associate's degree"
"S1811_C03_042E","No Disability!!Estimate!!EDUCATIONAL ATTAINMENT!!Population Age 25 and Over!!Some college or associate's degree"
"S1811_C03_042M","No Disability!!Margin of Error!!EDUCATIONAL ATTAINMENT!!Population Age 25 and Over!!Some college or associate's degree"
"S1811_C01_043E","Total Civilian Noninstitutionalized Population!!Estimate!!EDUCATIONAL ATTAINMENT!!Population Age 25 and Over!!Bachelor's degree or higher"
"S1811_C01_043M","Total Civilian Noninstitutionalized Population!!Margin of Error!!EDUCATIONAL ATTAINMENT!!Population Age 25 and Over!!Bachelor's degree or higher"
"S1811_C02_043E","With a Disability!!Estimate!!EDUCATIONAL ATTAINMENT!!Population Age 25 and Over!!Bachelor's degree or higher"
"S1811_C02_043M","With a Disability!!Margin of Error!!EDUCATIONAL ATTAINMENT!!Population Age 25 and Over!!Bachelor's degree or higher"
"S1811_C03_043E","No Disability!!Estimate!!EDUCATIONAL ATTAINMENT!!Population Age 25 and Over!!Bachelor's degree or higher"
"S1811_C03_043M","No Disability!!Margin of Error!!EDUCATIONAL ATTAINMENT!!Population Age 25 and Over!!Bachelor's degree or higher"
"S1811_C01_044E","Total Civilian Noninstitutionalized Population!!Estimate!!EARNINGS IN PAST 12 MONTHS (IN 2014 INFLATION ADJUSTED DOLLARS)!!Population Age 16 and over with earnings"
"S1811_C01_044M","Total Civilian Noninstitutionalized Population!!Margin of Error!!EARNINGS IN PAST 12 MONTHS (IN 2014 INFLATION ADJUSTED DOLLARS)!!Population Age 16 and over with earnings"
"S1811_C02_044E","With a Disability!!Estimate!!EARNINGS IN PAST 12 MONTHS (IN 2014 INFLATION ADJUSTED DOLLARS)!!Population Age 16 and over with earnings"
"S1811_C02_044M","With a Disability!!Margin of Error!!EARNINGS IN PAST 12 MONTHS (IN 2014 INFLATION ADJUSTED DOLLARS)!!Population Age 16 and over with earnings"
"S1811_C03_044E","No Disability!!Estimate!!EARNINGS IN PAST 12 MONTHS (IN 2014 INFLATION ADJUSTED DOLLARS)!!Population Age 16 and over with earnings"
"S1811_C03_044M","No Disability!!Margin of Error!!EARNINGS IN PAST 12 MONTHS (IN 2014 INFLATION ADJUSTED DOLLARS)!!Population Age 16 and over with earnings"
"S1811_C01_045E","Total Civilian Noninstitutionalized Population!!Estimate!!EARNINGS IN PAST 12 MONTHS (IN 2014 INFLATION ADJUSTED DOLLARS)!!Population Age 16 and over with earnings!!$1 to $4,999 or loss"
"S1811_C01_045M","Total Civilian Noninstitutionalized Population!!Margin of Error!!EARNINGS IN PAST 12 MONTHS (IN 2014 INFLATION ADJUSTED DOLLARS)!!Population Age 16 and over with earnings!!$1 to $4,999 or loss"
"S1811_C02_045E","With a Disability!!Estimate!!EARNINGS IN PAST 12 MONTHS (IN 2014 INFLATION ADJUSTED DOLLARS)!!Population Age 16 and over with earnings!!$1 to $4,999 or loss"
"S1811_C02_045M","With a Disability!!Margin of Error!!EARNINGS IN PAST 12 MONTHS (IN 2014 INFLATION ADJUSTED DOLLARS)!!Population Age 16 and over with earnings!!$1 to $4,999 or loss"
"S1811_C03_045E","No Disability!!Estimate!!EARNINGS IN PAST 12 MONTHS (IN 2014 INFLATION ADJUSTED DOLLARS)!!Population Age 16 and over with earnings!!$1 to $4,999 or loss"
"S1811_C03_045M","No Disability!!Margin of Error!!EARNINGS IN PAST 12 MONTHS (IN 2014 INFLATION ADJUSTED DOLLARS)!!Population Age 16 and over with earnings!!$1 to $4,999 or loss"
"S1811_C01_046E","Total Civilian Noninstitutionalized Population!!Estimate!!EARNINGS IN PAST 12 MONTHS (IN 2014 INFLATION ADJUSTED DOLLARS)!!Population Age 16 and over with earnings!!$5,000 to $14,999"
"S1811_C01_046M","Total Civilian Noninstitutionalized Population!!Margin of Error!!EARNINGS IN PAST 12 MONTHS (IN 2014 INFLATION ADJUSTED DOLLARS)!!Population Age 16 and over with earnings!!$5,000 to $14,999"
"S1811_C02_046E","With a Disability!!Estimate!!EARNINGS IN PAST 12 MONTHS (IN 2014 INFLATION ADJUSTED DOLLARS)!!Population Age 16 and over with earnings!!$5,000 to $14,999"
"S1811_C02_046M","With a Disability!!Margin of Error!!EARNINGS IN PAST 12 MONTHS (IN 2014 INFLATION ADJUSTED DOLLARS)!!Population Age 16 and over with earnings!!$5,000 to $14,999"
"S1811_C03_046E","No Disability!!Estimate!!EARNINGS IN PAST 12 MONTHS (IN 2014 INFLATION ADJUSTED DOLLARS)!!Population Age 16 and over with earnings!!$5,000 to $14,999"
"S1811_C03_046M","No Disability!!Margin of Error!!EARNINGS IN PAST 12 MONTHS (IN 2014 INFLATION ADJUSTED DOLLARS)!!Population Age 16 and over with earnings!!$5,000 to $14,999"
"S1811_C01_047E","Total Civilian Noninstitutionalized Population!!Estimate!!EARNINGS IN PAST 12 MONTHS (IN 2014 INFLATION ADJUSTED DOLLARS)!!Population Age 16 and over with earnings!!$15,000 to $24,999"
"S1811_C01_047M","Total Civilian Noninstitutionalized Population!!Margin of Error!!EARNINGS IN PAST 12 MONTHS (IN 2014 INFLATION ADJUSTED DOLLARS)!!Population Age 16 and over with earnings!!$15,000 to $24,999"
"S1811_C02_047E","With a Disability!!Estimate!!EARNINGS IN PAST 12 MONTHS (IN 2014 INFLATION ADJUSTED DOLLARS)!!Population Age 16 and over with earnings!!$15,000 to $24,999"
"S1811_C02_047M","With a Disability!!Margin of Error!!EARNINGS IN PAST 12 MONTHS (IN 2014 INFLATION ADJUSTED DOLLARS)!!Population Age 16 and over with earnings!!$15,000 to $24,999"
"S1811_C03_047E","No Disability!!Estimate!!EARNINGS IN PAST 12 MONTHS (IN 2014 INFLATION ADJUSTED DOLLARS)!!Population Age 16 and over with earnings!!$15,000 to $24,999"
"S1811_C03_047M","No Disability!!Margin of Error!!EARNINGS IN PAST 12 MONTHS (IN 2014 INFLATION ADJUSTED DOLLARS)!!Population Age 16 and over with earnings!!$15,000 to $24,999"
"S1811_C01_048E","Total Civilian Noninstitutionalized Population!!Estimate!!EARNINGS IN PAST 12 MONTHS (IN 2014 INFLATION ADJUSTED DOLLARS)!!Population Age 16 and over with earnings!!$25,000 to $34,999"
"S1811_C01_048M","Total Civilian Noninstitutionalized Population!!Margin of Error!!EARNINGS IN PAST 12 MONTHS (IN 2014 INFLATION ADJUSTED DOLLARS)!!Population Age 16 and over with earnings!!$25,000 to $34,999"
"S1811_C02_048E","With a Disability!!Estimate!!EARNINGS IN PAST 12 MONTHS (IN 2014 INFLATION ADJUSTED DOLLARS)!!Population Age 16 and over with earnings!!$25,000 to $34,999"
"S1811_C02_048M","With a Disability!!Margin of Error!!EARNINGS IN PAST 12 MONTHS (IN 2014 INFLATION ADJUSTED DOLLARS)!!Population Age 16 and over with earnings!!$25,000 to $34,999"
"S1811_C03_048E","No Disability!!Estimate!!EARNINGS IN PAST 12 MONTHS (IN 2014 INFLATION ADJUSTED DOLLARS)!!Population Age 16 and over with earnings!!$25,000 to $34,999"
"S1811_C03_048M","No Disability!!Margin of Error!!EARNINGS IN PAST 12 MONTHS (IN 2014 INFLATION ADJUSTED DOLLARS)!!Population Age 16 and over with earnings!!$25,000 to $34,999"
"S1811_C01_049E","Total Civilian Noninstitutionalized Population!!Estimate!!EARNINGS IN PAST 12 MONTHS (IN 2014 INFLATION ADJUSTED DOLLARS)!!Population Age 16 and over with earnings!!$35,000 to $49,999"
"S1811_C01_049M","Total Civilian Noninstitutionalized Population!!Margin of Error!!EARNINGS IN PAST 12 MONTHS (IN 2014 INFLATION ADJUSTED DOLLARS)!!Population Age 16 and over with earnings!!$35,000 to $49,999"
"S1811_C02_049E","With a Disability!!Estimate!!EARNINGS IN PAST 12 MONTHS (IN 2014 INFLATION ADJUSTED DOLLARS)!!Population Age 16 and over with earnings!!$35,000 to $49,999"
"S1811_C02_049M","With a Disability!!Margin of Error!!EARNINGS IN PAST 12 MONTHS (IN 2014 INFLATION ADJUSTED DOLLARS)!!Population Age 16 and over with earnings!!$35,000 to $49,999"
"S1811_C03_049E","No Disability!!Estimate!!EARNINGS IN PAST 12 MONTHS (IN 2014 INFLATION ADJUSTED DOLLARS)!!Population Age 16 and over with earnings!!$35,000 to $49,999"
"S1811_C03_049M","No Disability!!Margin of Error!!EARNINGS IN PAST 12 MONTHS (IN 2014 INFLATION ADJUSTED DOLLARS)!!Population Age 16 and over with earnings!!$35,000 to $49,999"
"S1811_C01_050E","Total Civilian Noninstitutionalized Population!!Estimate!!EARNINGS IN PAST 12 MONTHS (IN 2014 INFLATION ADJUSTED DOLLARS)!!Population Age 16 and over with earnings!!$50,000 to $74,999"
"S1811_C01_050M","Total Civilian Noninstitutionalized Population!!Margin of Error!!EARNINGS IN PAST 12 MONTHS (IN 2014 INFLATION ADJUSTED DOLLARS)!!Population Age 16 and over with earnings!!$50,000 to $74,999"
"S1811_C02_050E","With a Disability!!Estimate!!EARNINGS IN PAST 12 MONTHS (IN 2014 INFLATION ADJUSTED DOLLARS)!!Population Age 16 and over with earnings!!$50,000 to $74,999"
"S1811_C02_050M","With a Disability!!Margin of Error!!EARNINGS IN PAST 12 MONTHS (IN 2014 INFLATION ADJUSTED DOLLARS)!!Population Age 16 and over with earnings!!$50,000 to $74,999"
"S1811_C03_050E","No Disability!!Estimate!!EARNINGS IN PAST 12 MONTHS (IN 2014 INFLATION ADJUSTED DOLLARS)!!Population Age 16 and over with earnings!!$50,000 to $74,999"
"S1811_C03_050M","No Disability!!Margin of Error!!EARNINGS IN PAST 12 MONTHS (IN 2014 INFLATION ADJUSTED DOLLARS)!!Population Age 16 and over with earnings!!$50,000 to $74,999"
"S1811_C01_051E","Total Civilian Noninstitutionalized Population!!Estimate!!EARNINGS IN PAST 12 MONTHS (IN 2014 INFLATION ADJUSTED DOLLARS)!!Population Age 16 and over with earnings!!$75,000 or more"
"S1811_C01_051M","Total Civilian Noninstitutionalized Population!!Margin of Error!!EARNINGS IN PAST 12 MONTHS (IN 2014 INFLATION ADJUSTED DOLLARS)!!Population Age 16 and over with earnings!!$75,000 or more"
"S1811_C02_051E","With a Disability!!Estimate!!EARNINGS IN PAST 12 MONTHS (IN 2014 INFLATION ADJUSTED DOLLARS)!!Population Age 16 and over with earnings!!$75,000 or more"
"S1811_C02_051M","With a Disability!!Margin of Error!!EARNINGS IN PAST 12 MONTHS (IN 2014 INFLATION ADJUSTED DOLLARS)!!Population Age 16 and over with earnings!!$75,000 or more"
"S1811_C03_051E","No Disability!!Estimate!!EARNINGS IN PAST 12 MONTHS (IN 2014 INFLATION ADJUSTED DOLLARS)!!Population Age 16 and over with earnings!!$75,000 or more"
"S1811_C03_051M","No Disability!!Margin of Error!!EARNINGS IN PAST 12 MONTHS (IN 2014 INFLATION ADJUSTED DOLLARS)!!Population Age 16 and over with earnings!!$75,000 or more"
"S1811_C01_052E","Total Civilian Noninstitutionalized Population!!Estimate!!Median Earnings"
"S1811_C01_052M","Total Civilian Noninstitutionalized Population!!Margin of Error!!Median Earnings"
"S1811_C02_052E","With a Disability!!Estimate!!Median Earnings"
"S1811_C02_052M","With a Disability!!Margin of Error!!Median Earnings"
"S1811_C03_052E","No Disability!!Estimate!!Median Earnings"
"S1811_C03_052M","No Disability!!Margin of Error!!Median Earnings"
"S1811_C01_053E","Total Civilian Noninstitutionalized Population!!Estimate!!POVERTY STATUS IN THE PAST 12 MONTHS!!Population Age 16 and over for whom poverty status is determined"
"S1811_C01_053M","Total Civilian Noninstitutionalized Population!!Margin of Error!!POVERTY STATUS IN THE PAST 12 MONTHS!!Population Age 16 and over for whom poverty status is determined"
"S1811_C02_053E","With a Disability!!Estimate!!POVERTY STATUS IN THE PAST 12 MONTHS!!Population Age 16 and over for whom poverty status is determined"
"S1811_C02_053M","With a Disability!!Margin of Error!!POVERTY STATUS IN THE PAST 12 MONTHS!!Population Age 16 and over for whom poverty status is determined"
"S1811_C03_053E","No Disability!!Estimate!!POVERTY STATUS IN THE PAST 12 MONTHS!!Population Age 16 and over for whom poverty status is determined"
"S1811_C03_053M","No Disability!!Margin of Error!!POVERTY STATUS IN THE PAST 12 MONTHS!!Population Age 16 and over for whom poverty status is determined"
"S1811_C01_054E","Total Civilian Noninstitutionalized Population!!Estimate!!POVERTY STATUS IN THE PAST 12 MONTHS!!Population Age 16 and over for whom poverty status is determined!!Below 100 percent of the poverty level"
"S1811_C01_054M","Total Civilian Noninstitutionalized Population!!Margin of Error!!POVERTY STATUS IN THE PAST 12 MONTHS!!Population Age 16 and over for whom poverty status is determined!!Below 100 percent of the poverty level"
"S1811_C02_054E","With a Disability!!Estimate!!POVERTY STATUS IN THE PAST 12 MONTHS!!Population Age 16 and over for whom poverty status is determined!!Below 100 percent of the poverty level"
"S1811_C02_054M","With a Disability!!Margin of Error!!POVERTY STATUS IN THE PAST 12 MONTHS!!Population Age 16 and over for whom poverty status is determined!!Below 100 percent of the poverty level"
"S1811_C03_054E","No Disability!!Estimate!!POVERTY STATUS IN THE PAST 12 MONTHS!!Population Age 16 and over for whom poverty status is determined!!Below 100 percent of the poverty level"
"S1811_C03_054M","No Disability!!Margin of Error!!POVERTY STATUS IN THE PAST 12 MONTHS!!Population Age 16 and over for whom poverty status is determined!!Below 100 percent of the poverty level"
"S1811_C01_055E","Total Civilian Noninstitutionalized Population!!Estimate!!POVERTY STATUS IN THE PAST 12 MONTHS!!Population Age 16 and over for whom poverty status is determined!!100 to 149 percent of the poverty level"
"S1811_C01_055M","Total Civilian Noninstitutionalized Population!!Margin of Error!!POVERTY STATUS IN THE PAST 12 MONTHS!!Population Age 16 and over for whom poverty status is determined!!100 to 149 percent of the poverty level"
"S1811_C02_055E","With a Disability!!Estimate!!POVERTY STATUS IN THE PAST 12 MONTHS!!Population Age 16 and over for whom poverty status is determined!!100 to 149 percent of the poverty level"
"S1811_C02_055M","With a Disability!!Margin of Error!!POVERTY STATUS IN THE PAST 12 MONTHS!!Population Age 16 and over for whom poverty status is determined!!100 to 149 percent of the poverty level"
"S1811_C03_055E","No Disability!!Estimate!!POVERTY STATUS IN THE PAST 12 MONTHS!!Population Age 16 and over for whom poverty status is determined!!100 to 149 percent of the poverty level"
"S1811_C03_055M","No Disability!!Margin of Error!!POVERTY STATUS IN THE PAST 12 MONTHS!!Population Age 16 and over for whom poverty status is determined!!100 to 149 percent of the poverty level"
"S1811_C01_056E","Total Civilian Noninstitutionalized Population!!Estimate!!POVERTY STATUS IN THE PAST 12 MONTHS!!Population Age 16 and over for whom poverty status is determined!!At or above 150 percent of the poverty level"
"S1811_C01_056M","Total Civilian Noninstitutionalized Population!!Margin of Error!!POVERTY STATUS IN THE PAST 12 MONTHS!!Population Age 16 and over for whom poverty status is determined!!At or above 150 percent of the poverty level"
"S1811_C02_056E","With a Disability!!Estimate!!POVERTY STATUS IN THE PAST 12 MONTHS!!Population Age 16 and over for whom poverty status is determined!!At or above 150 percent of the poverty level"
"S1811_C02_056M","With a Disability!!Margin of Error!!POVERTY STATUS IN THE PAST 12 MONTHS!!Population Age 16 and over for whom poverty status is determined!!At or above 150 percent of the poverty level"
"S1811_C03_056E","No Disability!!Estimate!!POVERTY STATUS IN THE PAST 12 MONTHS!!Population Age 16 and over for whom poverty status is determined!!At or above 150 percent of the poverty level"
"S1811_C03_056M","No Disability!!Margin of Error!!POVERTY STATUS IN THE PAST 12 MONTHS!!Population Age 16 and over for whom poverty status is determined!!At or above 150 percent of the poverty level"
